InvoiceNo,CustomerID,InvoiceDate,Quantity,UnitPrice,TotalSpend
INV10001,CUST1000,2023-08-05 00:00:00,2,325.95,651.9
INV10002,CUST1000,2023-04-13 00:00:00,6,252.01,1512.06
INV10002,CUST1000,2023-04-13 00:00:00,6,131.65,789.9
INV10003,CUST1000,2023-06-29 00:00:00,4,236.73,946.92
INV10003,CUST1000,2023-06-29 00:00:00,2,214.97,429.94
INV10003,CUST1000,2023-06-29 00:00:00,6,283.63,1701.78
INV10004,CUST1000,2023-06-01 00:00:00,2,145.91,291.82
INV10005,CUST1000,2023-02-12 00:00:00,2,47.62,95.24
INV10005,CUST1000,2023-02-12 00:00:00,6,94.96,569.76
INV10006,CUST1000,2023-07-09 00:00:00,6,137.8,826.8
INV10006,CUST1000,2023-07-09 00:00:00,4,96.04,384.16
INV10006,CUST1000,2023-07-09 00:00:00,1,206.76,206.76
INV10006,CUST1000,2023-07-09 00:00:00,4,139.55,558.2
INV10007,CUST1000,2023-02-20 00:00:00,4,196.33,785.32
INV10008,CUST1000,2023-08-23 00:00:00,2,125.21,250.42
INV10008,CUST1000,2023-08-23 00:00:00,10,175.82,1758.2
INV10009,CUST1000,2023-07-04 00:00:00,4,200.4,801.6
INV10009,CUST1000,2023-07-04 00:00:00,4,59.3,237.2
INV10010,CUST1000,2023-01-09 00:00:00,1,254.24,254.24
INV10010,CUST1000,2023-01-09 00:00:00,3,204.11,612.33
INV10010,CUST1000,2023-01-09 00:00:00,10,147.02,1470.2
INV10011,CUST1000,2023-01-14 00:00:00,10,158.28,1582.8
INV10012,CUST1001,2023-01-30 00:00:00,6,20.61,123.66
INV10013,CUST1001,2022-12-31 00:00:00,6,58.24,349.44
INV10013,CUST1001,2022-12-31 00:00:00,3,186.84,560.52
INV10013,CUST1001,2022-12-31 00:00:00,2,42.66,85.32
INV10013,CUST1001,2022-12-31 00:00:00,1,137.73,137.73
INV10014,CUST1002,2023-05-08 00:00:00,1,138.42,138.42
INV10014,CUST1002,2023-05-08 00:00:00,2,143.35,286.7
INV10014,CUST1002,2023-05-08 00:00:00,10,73.94,739.4
INV10015,CUST1002,2023-03-31 00:00:00,2,36.41,72.82
INV10016,CUST1002,2023-06-05 00:00:00,2,42.2,84.4
INV10016,CUST1002,2023-06-05 00:00:00,4,20.93,83.72
INV10016,CUST1002,2023-06-05 00:00:00,1,46.49,46.49
INV10016,CUST1002,2023-06-05 00:00:00,3,107.96,323.88
INV10017,CUST1003,2023-05-25 00:00:00,4,53.18,212.72
INV10018,CUST1004,2023-08-02 00:00:00,6,124.55,747.3
INV10018,CUST1004,2023-08-02 00:00:00,2,28.04,56.08
INV10018,CUST1004,2023-08-02 00:00:00,10,170.5,1705.0
INV10019,CUST1004,2023-10-18 00:00:00,1,154.41,154.41
INV10019,CUST1004,2023-10-18 00:00:00,2,192.55,385.1
INV10019,CUST1004,2023-10-18 00:00:00,1,81.51,81.51
INV10020,CUST1004,2023-01-14 00:00:00,1,189.39,189.39
INV10020,CUST1004,2023-01-14 00:00:00,3,116.49,349.47
INV10020,CUST1004,2023-01-14 00:00:00,1,98.23,98.23
INV10021,CUST1004,2023-07-16 00:00:00,1,15.48,15.48
INV10021,CUST1004,2023-07-16 00:00:00,10,138.79,1387.9
INV10021,CUST1004,2023-07-16 00:00:00,6,194.81,1168.86
INV10022,CUST1004,2023-02-06 00:00:00,6,145.05,870.3
INV10023,CUST1004,2023-04-04 00:00:00,3,57.98,173.94
INV10023,CUST1004,2023-04-04 00:00:00,10,50.28,502.8
INV10024,CUST1004,2023-10-22 00:00:00,6,123.23,739.38
INV10024,CUST1004,2023-10-22 00:00:00,10,172.71,1727.1
INV10024,CUST1004,2023-10-22 00:00:00,2,78.13,156.26
INV10025,CUST1004,2023-08-12 00:00:00,2,103.59,207.18
INV10025,CUST1004,2023-08-12 00:00:00,10,153.45,1534.5
INV10025,CUST1004,2023-08-12 00:00:00,3,68.97,206.91
INV10026,CUST1004,2023-08-30 00:00:00,6,29.07,174.42
INV10026,CUST1004,2023-08-30 00:00:00,3,86.37,259.11
INV10026,CUST1004,2023-08-30 00:00:00,6,125.81,754.86
INV10026,CUST1004,2023-08-30 00:00:00,2,159.4,318.8
INV10027,CUST1005,2023-03-19 00:00:00,2,185.4,370.8
INV10027,CUST1005,2023-03-19 00:00:00,10,175.56,1755.6
INV10028,CUST1005,2023-02-24 00:00:00,1,239.72,239.72
INV10028,CUST1005,2023-02-24 00:00:00,4,103.55,414.2
INV10029,CUST1005,2023-07-17 00:00:00,1,286.21,286.21
INV10029,CUST1005,2023-07-17 00:00:00,4,148.8,595.2
INV10029,CUST1005,2023-07-17 00:00:00,1,157.99,157.99
INV10030,CUST1005,2023-08-23 00:00:00,10,158.13,1581.3
INV10030,CUST1005,2023-08-23 00:00:00,6,78.65,471.9
INV10031,CUST1005,2023-09-18 00:00:00,3,41.29,123.87
INV10031,CUST1005,2023-09-18 00:00:00,1,149.02,149.02
INV10031,CUST1005,2023-09-18 00:00:00,3,58.94,176.82
INV10031,CUST1005,2023-09-18 00:00:00,4,71.01,284.04
INV10032,CUST1005,2023-04-30 00:00:00,3,265.13,795.39
INV10033,CUST1005,2023-05-29 00:00:00,2,188.77,377.54
INV10034,CUST1005,2023-09-10 00:00:00,6,67.38,404.28
INV10034,CUST1005,2023-09-10 00:00:00,4,117.48,469.92
INV10034,CUST1005,2023-09-10 00:00:00,10,44.89,448.9
INV10035,CUST1005,2023-10-30 00:00:00,1,119.82,119.82
INV10036,CUST1005,2023-09-15 00:00:00,1,161.15,161.15
INV10036,CUST1005,2023-09-15 00:00:00,6,110.18,661.08
INV10037,CUST1005,2023-01-22 00:00:00,1,212.84,212.84
INV10038,CUST1006,2023-10-15 00:00:00,1,116.66,116.66
INV10039,CUST1006,2023-03-20 00:00:00,1,223.98,223.98
INV10039,CUST1006,2023-03-20 00:00:00,4,94.04,376.16
INV10039,CUST1006,2023-03-20 00:00:00,10,103.01,1030.1
INV10039,CUST1006,2023-03-20 00:00:00,4,147.49,589.96
INV10040,CUST1006,2023-04-30 00:00:00,6,44.81,268.86
INV10040,CUST1006,2023-04-30 00:00:00,3,108.48,325.44
INV10041,CUST1006,2023-11-25 00:00:00,10,275.0,2750.0
INV10041,CUST1006,2023-11-25 00:00:00,4,59.82,239.28
INV10041,CUST1006,2023-11-25 00:00:00,2,142.54,285.08
INV10042,CUST1006,2023-11-17 00:00:00,1,270.91,270.91
INV10042,CUST1006,2023-11-17 00:00:00,4,30.65,122.6
INV10042,CUST1006,2023-11-17 00:00:00,1,305.51,305.51
INV10042,CUST1006,2023-11-17 00:00:00,10,133.62,1336.2
INV10043,CUST1006,2023-02-05 00:00:00,1,138.79,138.79
INV10044,CUST1006,2023-11-07 00:00:00,2,288.25,576.5
INV10044,CUST1006,2023-11-07 00:00:00,6,184.56,1107.36
INV10044,CUST1006,2023-11-07 00:00:00,4,203.82,815.28
INV10044,CUST1006,2023-11-07 00:00:00,2,210.74,421.48
INV10045,CUST1006,2023-04-10 00:00:00,2,118.97,237.94
INV10045,CUST1006,2023-04-10 00:00:00,10,325.25,3252.5
INV10045,CUST1006,2023-04-10 00:00:00,2,105.77,211.54
INV10046,CUST1006,2023-01-21 00:00:00,10,226.82,2268.2
INV10047,CUST1006,2023-02-16 00:00:00,10,99.4,994.0
INV10048,CUST1006,2023-09-23 00:00:00,4,308.9,1235.6
INV10048,CUST1006,2023-09-23 00:00:00,10,119.41,1194.1
INV10048,CUST1006,2023-09-23 00:00:00,1,50.8,50.8
INV10049,CUST1006,2023-04-03 00:00:00,6,352.96,2117.76
INV10049,CUST1006,2023-04-03 00:00:00,10,157.18,1571.8
INV10049,CUST1006,2023-04-03 00:00:00,4,331.2,1324.8
INV10050,CUST1006,2023-01-01 00:00:00,10,110.31,1103.1
INV10050,CUST1006,2023-01-01 00:00:00,10,247.88,2478.8
INV10051,CUST1006,2023-05-22 00:00:00,3,215.38,646.14
INV10051,CUST1006,2023-05-22 00:00:00,3,304.8,914.4
INV10051,CUST1006,2023-05-22 00:00:00,6,86.57,519.42
INV10052,CUST1006,2023-08-06 00:00:00,3,90.75,272.25
INV10052,CUST1006,2023-08-06 00:00:00,4,105.12,420.48
INV10052,CUST1006,2023-08-06 00:00:00,1,228.45,228.45
INV10052,CUST1006,2023-08-06 00:00:00,10,218.61,2186.1
INV10053,CUST1007,2023-05-24 00:00:00,10,43.22,432.2
INV10054,CUST1007,2023-05-17 00:00:00,2,112.41,224.82
INV10055,CUST1007,2023-05-14 00:00:00,2,16.87,33.74
INV10055,CUST1007,2023-05-14 00:00:00,6,7.85,47.1
INV10055,CUST1007,2023-05-14 00:00:00,1,70.65,70.65
INV10055,CUST1007,2023-05-14 00:00:00,10,51.18,511.8
INV10056,CUST1008,2023-01-17 00:00:00,4,116.21,464.84
INV10056,CUST1008,2023-01-17 00:00:00,6,194.26,1165.56
INV10056,CUST1008,2023-01-17 00:00:00,1,66.93,66.93
INV10056,CUST1008,2023-01-17 00:00:00,3,33.4,100.2
INV10057,CUST1008,2023-02-08 00:00:00,10,28.94,289.4
INV10057,CUST1008,2023-02-08 00:00:00,6,51.14,306.84
INV10057,CUST1008,2023-02-08 00:00:00,1,199.02,199.02
INV10057,CUST1008,2023-02-08 00:00:00,4,56.92,227.68
INV10058,CUST1009,2023-01-04 00:00:00,10,69.37,693.7
INV10058,CUST1009,2023-01-04 00:00:00,6,106.37,638.22
INV10059,CUST1010,2023-12-10 00:00:00,3,301.65,904.95
INV10059,CUST1010,2023-12-10 00:00:00,1,355.21,355.21
INV10059,CUST1010,2023-12-10 00:00:00,1,131.69,131.69
INV10059,CUST1010,2023-12-10 00:00:00,1,200.76,200.76
INV10060,CUST1010,2023-02-18 00:00:00,3,266.41,799.23
INV10060,CUST1010,2023-02-18 00:00:00,10,438.58,4385.8
INV10060,CUST1010,2023-02-18 00:00:00,3,176.23,528.69
INV10060,CUST1010,2023-02-18 00:00:00,4,375.34,1501.36
INV10061,CUST1010,2023-07-20 00:00:00,4,352.55,1410.2
INV10062,CUST1010,2023-07-20 00:00:00,1,166.17,166.17
INV10062,CUST1010,2023-07-20 00:00:00,6,368.64,2211.84
INV10063,CUST1010,2023-03-10 00:00:00,4,278.14,1112.56
INV10063,CUST1010,2023-03-10 00:00:00,2,245.22,490.44
INV10064,CUST1010,2023-01-28 00:00:00,10,387.16,3871.6
INV10065,CUST1010,2023-07-18 00:00:00,4,229.18,916.72
INV10065,CUST1010,2023-07-18 00:00:00,4,203.28,813.12
INV10065,CUST1010,2023-07-18 00:00:00,6,265.11,1590.66
INV10066,CUST1010,2023-07-20 00:00:00,4,344.22,1376.88
INV10066,CUST1010,2023-07-20 00:00:00,2,36.27,72.54
INV10066,CUST1010,2023-07-20 00:00:00,3,331.94,995.82
INV10067,CUST1010,2023-03-07 00:00:00,3,290.78,872.34
INV10067,CUST1010,2023-03-07 00:00:00,4,109.74,438.96
INV10068,CUST1011,2023-04-30 00:00:00,2,137.87,275.74
INV10068,CUST1011,2023-04-30 00:00:00,4,133.08,532.32
INV10068,CUST1011,2023-04-30 00:00:00,10,23.31,233.1
INV10069,CUST1011,2023-02-01 00:00:00,4,89.92,359.68
INV10069,CUST1011,2023-02-01 00:00:00,4,86.15,344.6
INV10069,CUST1011,2023-02-01 00:00:00,4,116.6,466.4
INV10069,CUST1011,2023-02-01 00:00:00,6,105.38,632.28
INV10070,CUST1012,2023-01-18 00:00:00,3,90.43,271.29
INV10070,CUST1012,2023-01-18 00:00:00,1,111.6,111.6
INV10071,CUST1012,2023-01-04 00:00:00,10,34.4,344.0
INV10072,CUST1013,2023-11-01 00:00:00,10,112.56,1125.6
INV10072,CUST1013,2023-11-01 00:00:00,6,85.95,515.7
INV10072,CUST1013,2023-11-01 00:00:00,6,77.54,465.24
INV10073,CUST1013,2023-07-08 00:00:00,1,35.41,35.41
INV10073,CUST1013,2023-07-08 00:00:00,4,116.1,464.4
INV10074,CUST1013,2023-08-19 00:00:00,2,102.42,204.84
INV10074,CUST1013,2023-08-19 00:00:00,3,154.25,462.75
INV10075,CUST1013,2023-10-16 00:00:00,3,19.88,59.64
INV10075,CUST1013,2023-10-16 00:00:00,3,40.48,121.44
INV10075,CUST1013,2023-10-16 00:00:00,1,108.65,108.65
INV10075,CUST1013,2023-10-16 00:00:00,10,20.08,200.8
INV10076,CUST1013,2023-05-25 00:00:00,6,124.33,745.98
INV10077,CUST1013,2023-06-05 00:00:00,4,54.18,216.72
INV10077,CUST1013,2023-06-05 00:00:00,1,47.57,47.57
INV10078,CUST1014,2023-08-18 00:00:00,1,99.96,99.96
INV10079,CUST1014,2023-03-10 00:00:00,10,221.31,2213.1
INV10080,CUST1014,2023-03-23 00:00:00,10,70.62,706.2
INV10080,CUST1014,2023-03-23 00:00:00,6,121.02,726.12
INV10081,CUST1014,2023-05-29 00:00:00,3,36.95,110.85
INV10081,CUST1014,2023-05-29 00:00:00,10,211.63,2116.3
INV10081,CUST1014,2023-05-29 00:00:00,2,160.53,321.06
INV10081,CUST1014,2023-05-29 00:00:00,4,148.86,595.44
INV10082,CUST1014,2023-03-12 00:00:00,3,61.07,183.21
INV10082,CUST1014,2023-03-12 00:00:00,1,109.33,109.33
INV10083,CUST1014,2023-08-26 00:00:00,3,119.83,359.49
INV10083,CUST1014,2023-08-26 00:00:00,2,261.04,522.08
INV10083,CUST1014,2023-08-26 00:00:00,2,129.37,258.74
INV10084,CUST1014,2023-07-25 00:00:00,4,245.51,982.04
INV10084,CUST1014,2023-07-25 00:00:00,6,129.17,775.02
INV10084,CUST1014,2023-07-25 00:00:00,1,0.0,79.05
INV10085,CUST1014,2023-02-07 00:00:00,10,110.65,1106.5
INV10086,CUST1015,2023-01-27 00:00:00,3,90.23,270.69
INV10086,CUST1015,2023-01-27 00:00:00,10,193.48,1934.8
INV10087,CUST1015,2023-05-06 00:00:00,6,137.04,822.24
INV10087,CUST1015,2023-05-06 00:00:00,2,24.21,48.42
INV10088,CUST1015,2023-01-28 00:00:00,6,28.1,168.6
INV10089,CUST1015,2023-09-12 00:00:00,4,222.38,889.52
INV10090,CUST1015,2023-04-04 00:00:00,3,94.89,284.67
INV10090,CUST1015,2023-04-04 00:00:00,2,124.61,249.22
INV10090,CUST1015,2023-04-04 00:00:00,4,258.72,1034.88
INV10090,CUST1015,2023-04-04 00:00:00,6,137.9,827.4
INV10091,CUST1015,2023-03-10 00:00:00,2,267.44,534.88
INV10092,CUST1015,2023-01-11 00:00:00,2,182.75,365.5
INV10093,CUST1015,2023-08-20 00:00:00,1,159.52,159.52
INV10093,CUST1015,2023-08-20 00:00:00,1,97.54,97.54
INV10094,CUST1015,2023-09-08 00:00:00,6,135.94,815.64
INV10094,CUST1015,2023-09-08 00:00:00,1,60.45,60.45
INV10095,CUST1016,2023-11-05 00:00:00,2,66.02,132.04
INV10096,CUST1016,2023-09-20 00:00:00,2,115.45,230.9
INV10096,CUST1016,2023-09-20 00:00:00,2,124.45,248.9
INV10097,CUST1016,2023-10-31 00:00:00,6,138.84,833.04
INV10098,CUST1016,2023-09-19 00:00:00,6,15.83,94.98
INV10098,CUST1016,2023-09-19 00:00:00,6,64.37,386.22
INV10098,CUST1016,2023-09-19 00:00:00,10,154.35,1543.5
INV10099,CUST1016,2023-08-28 00:00:00,6,141.46,848.76
INV10099,CUST1016,2023-08-28 00:00:00,2,189.35,378.7
INV10099,CUST1016,2023-08-28 00:00:00,2,91.39,182.78
INV10099,CUST1016,2023-08-28 00:00:00,10,113.39,1133.9
INV10100,CUST1016,2023-10-01 00:00:00,4,197.85,791.4
INV10100,CUST1016,2023-10-01 00:00:00,1,29.62,29.62
INV10101,CUST1016,2023-02-15 00:00:00,2,26.83,53.66
INV10101,CUST1016,2023-02-15 00:00:00,3,69.17,207.51
INV10101,CUST1016,2023-02-15 00:00:00,4,151.83,607.32
INV10102,CUST1017,2023-08-16 00:00:00,10,39.49,394.9
INV10102,CUST1017,2023-08-16 00:00:00,1,65.3,65.3
INV10102,CUST1017,2023-08-16 00:00:00,4,44.66,178.64
INV10103,CUST1017,2023-03-23 00:00:00,1,108.62,108.62
INV10103,CUST1017,2023-03-23 00:00:00,6,43.25,259.5
INV10103,CUST1017,2023-03-23 00:00:00,1,161.14,161.14
INV10104,CUST1017,2023-09-10 00:00:00,1,92.63,92.63
INV10105,CUST1018,2023-10-01 00:00:00,3,246.58,739.74
INV10105,CUST1018,2023-10-01 00:00:00,6,20.43,122.58
INV10105,CUST1018,2023-10-01 00:00:00,3,95.13,285.39
INV10106,CUST1018,2023-10-14 00:00:00,6,45.14,270.84
INV10106,CUST1018,2023-10-14 00:00:00,3,286.17,858.51
INV10106,CUST1018,2023-10-14 00:00:00,1,282.89,282.89
INV10107,CUST1018,2023-10-14 00:00:00,3,222.52,667.56
INV10107,CUST1018,2023-10-14 00:00:00,6,229.95,1379.7
INV10108,CUST1018,2023-04-11 00:00:00,1,269.91,269.91
INV10108,CUST1018,2023-04-11 00:00:00,4,81.03,324.12
INV10108,CUST1018,2023-04-11 00:00:00,2,34.06,68.12
INV10108,CUST1018,2023-04-11 00:00:00,2,30.69,61.38
INV10109,CUST1018,2023-02-02 00:00:00,1,69.78,69.78
INV10109,CUST1018,2023-02-02 00:00:00,6,150.8,904.8
INV10109,CUST1018,2023-02-02 00:00:00,10,53.15,531.5
INV10109,CUST1018,2023-02-02 00:00:00,1,73.11,73.11
INV10110,CUST1018,2023-03-25 00:00:00,2,226.08,452.16
INV10111,CUST1018,2023-07-15 00:00:00,10,184.88,1848.8
INV10112,CUST1018,2023-07-10 00:00:00,6,41.09,246.54
INV10112,CUST1018,2023-07-10 00:00:00,6,166.6,999.6
INV10112,CUST1018,2023-07-10 00:00:00,2,220.46,440.92
INV10112,CUST1018,2023-07-10 00:00:00,4,178.28,713.12
INV10113,CUST1018,2023-10-22 00:00:00,10,108.04,1080.4
INV10114,CUST1019,2023-07-20 00:00:00,2,31.55,63.1
INV10114,CUST1019,2023-07-20 00:00:00,2,349.59,699.18
INV10115,CUST1019,2023-02-27 00:00:00,6,197.67,1186.02
INV10115,CUST1019,2023-02-27 00:00:00,3,46.57,139.71
INV10115,CUST1019,2023-02-27 00:00:00,10,138.99,1389.9
INV10116,CUST1019,2023-03-05 00:00:00,1,214.73,214.73
INV10116,CUST1019,2023-03-05 00:00:00,4,347.53,1390.12
INV10116,CUST1019,2023-03-05 00:00:00,2,53.71,107.42
INV10116,CUST1019,2023-03-05 00:00:00,4,266.37,1065.48
INV10117,CUST1019,2023-05-12 00:00:00,6,140.28,841.68
INV10117,CUST1019,2023-05-12 00:00:00,10,304.31,3043.1
INV10117,CUST1019,2023-05-12 00:00:00,2,100.43,200.86
INV10118,CUST1019,2023-06-05 00:00:00,1,323.24,323.24
INV10118,CUST1019,2023-06-05 00:00:00,1,59.56,59.56
INV10118,CUST1019,2023-06-05 00:00:00,1,247.29,247.29
INV10118,CUST1019,2023-06-05 00:00:00,4,338.42,1353.68
INV10119,CUST1019,2023-01-16 00:00:00,6,52.96,317.76
INV10120,CUST1020,2023-01-25 00:00:00,3,229.24,687.72
INV10120,CUST1020,2023-01-25 00:00:00,2,56.06,112.12
INV10120,CUST1020,2023-01-25 00:00:00,4,32.07,128.28
INV10120,CUST1020,2023-01-25 00:00:00,4,213.74,854.96
INV10121,CUST1020,2023-01-17 00:00:00,3,137.31,411.93
INV10122,CUST1021,2023-04-01 00:00:00,3,372.01,1116.03
INV10122,CUST1021,2023-04-01 00:00:00,6,53.57,321.42
INV10123,CUST1021,2023-10-12 00:00:00,1,244.39,244.39
INV10123,CUST1021,2023-10-12 00:00:00,4,441.92,1767.68
INV10123,CUST1021,2023-10-12 00:00:00,6,137.45,824.7
INV10124,CUST1021,2023-06-03 00:00:00,10,442.52,4425.2
INV10124,CUST1021,2023-06-03 00:00:00,3,367.71,1103.13
INV10125,CUST1021,2023-03-04 00:00:00,6,252.14,1512.84
INV10125,CUST1021,2023-03-04 00:00:00,1,400.49,400.49
INV10125,CUST1021,2023-03-04 00:00:00,6,67.52,405.12
INV10125,CUST1021,2023-03-04 00:00:00,1,191.72,191.72
INV10126,CUST1021,2023-07-28 00:00:00,6,397.93,2387.58
INV10126,CUST1021,2023-07-28 00:00:00,1,382.78,382.78
INV10126,CUST1021,2023-07-28 00:00:00,2,365.09,730.18
INV10126,CUST1021,2023-07-28 00:00:00,1,257.9,257.9
INV10127,CUST1021,2023-04-16 00:00:00,4,184.06,736.24
INV10127,CUST1021,2023-04-16 00:00:00,3,329.41,988.23
INV10127,CUST1021,2023-04-16 00:00:00,2,250.33,500.66
INV10127,CUST1021,2023-04-16 00:00:00,6,120.85,725.1
INV10128,CUST1021,2023-02-17 00:00:00,6,382.37,2294.22
INV10129,CUST1021,2023-10-19 00:00:00,10,275.11,2751.1
INV10130,CUST1021,2023-05-26 00:00:00,2,254.96,509.92
INV10130,CUST1021,2023-05-26 00:00:00,6,140.27,841.62
INV10130,CUST1021,2023-05-26 00:00:00,10,245.63,2456.3
INV10131,CUST1021,2023-06-13 00:00:00,1,94.81,94.81
INV10131,CUST1021,2023-06-13 00:00:00,1,168.03,168.03
INV10131,CUST1021,2023-06-13 00:00:00,6,318.66,1911.96
INV10131,CUST1021,2023-06-13 00:00:00,2,73.46,146.92
INV10132,CUST1021,2023-06-26 00:00:00,4,95.33,381.32
INV10132,CUST1021,2023-06-26 00:00:00,3,428.0,1284.0
INV10133,CUST1021,2023-03-24 00:00:00,2,83.01,166.02
INV10133,CUST1021,2023-03-24 00:00:00,3,124.35,373.05
INV10133,CUST1021,2023-03-24 00:00:00,2,368.59,737.18
INV10134,CUST1021,2023-05-06 00:00:00,6,136.81,820.86
INV10135,CUST1021,2023-04-18 00:00:00,10,164.89,1648.9
INV10136,CUST1021,2023-04-09 00:00:00,2,292.35,584.7
INV10137,CUST1021,2023-06-18 00:00:00,10,147.03,1470.3
INV10137,CUST1021,2023-06-18 00:00:00,2,208.74,417.48
INV10137,CUST1021,2023-06-18 00:00:00,2,171.28,342.56
INV10137,CUST1021,2023-06-18 00:00:00,4,103.99,415.96
INV10138,CUST1021,2023-10-22 00:00:00,10,418.02,4180.2
INV10139,CUST1022,2023-03-26 00:00:00,2,43.38,86.76
INV10139,CUST1022,2023-03-26 00:00:00,2,279.95,559.9
INV10140,CUST1022,2023-03-27 00:00:00,6,153.61,921.66
INV10140,CUST1022,2023-03-27 00:00:00,3,59.83,179.49
INV10140,CUST1022,2023-03-27 00:00:00,6,135.1,810.6
INV10141,CUST1022,2023-09-06 00:00:00,1,117.28,117.28
INV10141,CUST1022,2023-09-06 00:00:00,3,96.17,288.51
INV10141,CUST1022,2023-09-06 00:00:00,2,68.39,136.78
INV10142,CUST1022,2023-02-21 00:00:00,4,147.73,590.92
INV10143,CUST1022,2023-08-27 00:00:00,6,227.15,1362.9
INV10143,CUST1022,2023-08-27 00:00:00,4,270.58,1082.32
INV10143,CUST1022,2023-08-27 00:00:00,10,89.51,895.1
INV10144,CUST1022,2023-09-08 00:00:00,1,307.18,307.18
INV10144,CUST1022,2023-09-08 00:00:00,4,238.31,953.24
INV10144,CUST1022,2023-09-08 00:00:00,6,210.78,1264.68
INV10145,CUST1022,2023-01-16 00:00:00,1,152.52,152.52
INV10145,CUST1022,2023-01-16 00:00:00,3,142.73,428.19
INV10145,CUST1022,2023-01-16 00:00:00,4,236.28,945.12
INV10146,CUST1022,2023-04-26 00:00:00,3,30.45,91.35
INV10147,CUST1023,2023-02-16 00:00:00,3,244.39,733.17
INV10147,CUST1023,2023-02-16 00:00:00,10,64.68,646.8
INV10147,CUST1023,2023-02-16 00:00:00,6,199.35,1196.1
INV10147,CUST1023,2023-02-16 00:00:00,3,215.38,646.14
INV10148,CUST1023,2023-04-29 00:00:00,6,47.64,285.84
INV10148,CUST1023,2023-04-29 00:00:00,6,231.14,1386.84
INV10148,CUST1023,2023-04-29 00:00:00,2,161.75,323.5
INV10149,CUST1023,2023-09-29 00:00:00,1,17.08,17.08
INV10149,CUST1023,2023-09-29 00:00:00,1,159.55,159.55
INV10149,CUST1023,2023-09-29 00:00:00,4,117.94,471.76
INV10150,CUST1023,2023-06-01 00:00:00,1,54.6,54.6
INV10150,CUST1023,2023-06-01 00:00:00,10,153.6,1536.0
INV10150,CUST1023,2023-06-01 00:00:00,6,155.55,933.3
INV10150,CUST1023,2023-06-01 00:00:00,3,248.18,744.54
INV10151,CUST1023,2023-04-19 00:00:00,6,33.82,202.92
INV10151,CUST1023,2023-04-19 00:00:00,2,129.61,259.22
INV10151,CUST1023,2023-04-19 00:00:00,10,85.35,853.5
INV10151,CUST1023,2023-04-19 00:00:00,6,194.75,1168.5
INV10152,CUST1024,2023-04-21 00:00:00,1,36.85,36.85
INV10152,CUST1024,2023-04-21 00:00:00,1,75.5,75.5
INV10152,CUST1024,2023-04-21 00:00:00,10,81.06,810.6
INV10153,CUST1024,2023-06-26 00:00:00,2,99.59,199.18
INV10154,CUST1025,2023-04-27 00:00:00,6,19.7,118.2
INV10155,CUST1025,2023-03-14 00:00:00,2,59.94,119.88
INV10155,CUST1025,2023-03-14 00:00:00,2,134.24,268.48
INV10155,CUST1025,2023-03-14 00:00:00,2,97.38,194.76
INV10155,CUST1025,2023-03-14 00:00:00,2,114.27,228.54
INV10156,CUST1026,2023-06-24 00:00:00,1,188.46,188.46
INV10156,CUST1026,2023-06-24 00:00:00,1,145.98,145.98
INV10157,CUST1026,2023-02-03 00:00:00,2,130.31,260.62
INV10157,CUST1026,2023-02-03 00:00:00,4,76.85,307.4
INV10157,CUST1026,2023-02-03 00:00:00,3,103.96,311.88
INV10157,CUST1026,2023-02-03 00:00:00,3,180.72,542.16
INV10158,CUST1026,2023-10-03 00:00:00,3,20.98,62.94
INV10158,CUST1026,2023-10-03 00:00:00,4,150.19,600.76
INV10159,CUST1026,2023-10-13 00:00:00,4,43.2,172.8
INV10159,CUST1026,2023-10-13 00:00:00,6,128.52,771.12
INV10159,CUST1026,2023-10-13 00:00:00,3,195.88,587.64
INV10160,CUST1026,2023-05-05 00:00:00,6,161.06,966.36
INV10160,CUST1026,2023-05-05 00:00:00,3,43.6,130.8
INV10160,CUST1026,2023-05-05 00:00:00,10,147.87,1478.7
INV10160,CUST1026,2023-05-05 00:00:00,10,75.51,755.1
INV10161,CUST1026,2023-08-27 00:00:00,4,50.68,202.72
INV10161,CUST1026,2023-08-27 00:00:00,3,54.61,163.83
INV10161,CUST1026,2023-08-27 00:00:00,10,19.09,190.9
INV10162,CUST1027,2023-01-09 00:00:00,2,143.91,287.82
INV10163,CUST1028,2023-12-08 00:00:00,2,201.72,403.44
INV10163,CUST1028,2023-12-08 00:00:00,1,109.63,109.63
INV10163,CUST1028,2023-12-08 00:00:00,6,100.37,602.22
INV10163,CUST1028,2023-12-08 00:00:00,4,203.09,812.36
INV10164,CUST1029,2023-04-27 00:00:00,2,501.0,1002.0
INV10164,CUST1029,2023-04-27 00:00:00,4,231.85,927.4
INV10164,CUST1029,2023-04-27 00:00:00,2,358.0,716.0
INV10165,CUST1029,2023-05-15 00:00:00,2,400.91,801.82
INV10165,CUST1029,2023-05-15 00:00:00,10,127.88,1278.8
INV10165,CUST1029,2023-05-15 00:00:00,4,226.25,905.0
INV10166,CUST1029,2023-12-24 00:00:00,6,471.47,2828.82
INV10166,CUST1029,2023-12-24 00:00:00,6,259.0,1554.0
INV10166,CUST1029,2023-12-24 00:00:00,10,479.81,4798.1
INV10167,CUST1029,2023-09-06 00:00:00,1,373.82,373.82
INV10167,CUST1029,2023-09-06 00:00:00,10,368.47,3684.7
INV10168,CUST1029,2023-01-15 00:00:00,4,167.83,671.32
INV10169,CUST1029,2023-05-11 00:00:00,1,430.27,430.27
INV10170,CUST1029,2023-07-15 00:00:00,3,486.41,1459.23
INV10171,CUST1029,2023-08-30 00:00:00,2,264.92,529.84
INV10171,CUST1029,2023-08-30 00:00:00,4,458.49,1833.96
INV10172,CUST1029,2023-04-13 00:00:00,4,335.76,1343.04
INV10173,CUST1030,2023-08-27 00:00:00,6,99.88,599.28
INV10174,CUST1031,2023-04-01 00:00:00,4,152.37,609.48
INV10174,CUST1031,2023-04-01 00:00:00,4,85.03,340.12
INV10175,CUST1031,2023-06-17 00:00:00,6,251.24,1507.44
INV10176,CUST1031,2023-01-13 00:00:00,3,130.51,391.53
INV10177,CUST1031,2023-02-22 00:00:00,6,43.55,261.3
INV10177,CUST1031,2023-02-22 00:00:00,3,28.16,84.48
INV10177,CUST1031,2023-02-22 00:00:00,2,116.85,233.7
INV10178,CUST1031,2023-02-25 00:00:00,3,19.03,57.09
INV10178,CUST1031,2023-02-25 00:00:00,2,98.34,196.68
INV10178,CUST1031,2023-02-25 00:00:00,6,234.12,1404.72
INV10178,CUST1031,2023-02-25 00:00:00,3,139.64,418.92
INV10179,CUST1032,2023-08-08 00:00:00,4,251.47,1005.88
INV10180,CUST1032,2023-04-22 00:00:00,2,84.17,168.34
INV10180,CUST1032,2023-04-22 00:00:00,-6,166.92,1001.52
INV10180,CUST1032,2023-04-22 00:00:00,6,335.28,2011.68
INV10180,CUST1032,2023-04-22 00:00:00,2,237.52,475.04
INV10181,CUST1032,2023-08-15 00:00:00,3,244.52,733.56
INV10181,CUST1032,2023-08-15 00:00:00,2,102.25,204.5
INV10182,CUST1032,2023-11-16 00:00:00,1,32.99,32.99
INV10182,CUST1032,2023-11-16 00:00:00,1,246.56,246.56
INV10182,CUST1032,2023-11-16 00:00:00,1,217.75,217.75
INV10182,CUST1032,2023-11-16 00:00:00,10,150.76,1507.6
INV10183,CUST1032,2023-10-04 00:00:00,2,136.08,272.16
INV10184,CUST1032,2023-06-03 00:00:00,1,303.88,303.88
INV10184,CUST1032,2023-06-03 00:00:00,1,305.28,305.28
INV10185,CUST1032,2023-09-30 00:00:00,6,116.68,700.08
INV10186,CUST1032,2023-01-22 00:00:00,6,271.07,1626.42
INV10186,CUST1032,2023-01-22 00:00:00,4,239.45,957.8
INV10187,CUST1032,2023-09-21 00:00:00,1,125.92,125.92
INV10188,CUST1032,2023-01-15 00:00:00,10,199.56,1995.6
INV10189,CUST1032,2023-09-14 00:00:00,1,141.88,141.88
INV10190,CUST1032,2023-05-27 00:00:00,6,146.4,878.4
INV10190,CUST1032,2023-05-27 00:00:00,6,168.52,1011.12
INV10190,CUST1032,2023-05-27 00:00:00,1,199.95,199.95
INV10191,CUST1032,2023-02-24 00:00:00,10,46.86,468.6
INV10191,CUST1032,2023-02-24 00:00:00,3,77.72,233.16
INV10191,CUST1032,2023-02-24 00:00:00,10,223.86,2238.6
INV10191,CUST1032,2023-02-24 00:00:00,10,185.29,1852.9
INV10192,CUST1032,2023-09-18 00:00:00,2,178.4,356.8
INV10192,CUST1032,2023-09-18 00:00:00,6,286.81,1720.86
INV10193,CUST1032,2023-07-12 00:00:00,6,152.37,914.22
INV10193,CUST1032,2023-07-12 00:00:00,6,102.87,617.22
INV10193,CUST1032,2023-07-12 00:00:00,4,220.11,880.44
INV10193,CUST1032,2023-07-12 00:00:00,10,265.14,2651.4
INV10194,CUST1032,2023-11-21 00:00:00,3,25.59,76.77
INV10194,CUST1032,2023-11-21 00:00:00,6,314.11,1884.66
INV10194,CUST1032,2023-11-21 00:00:00,1,235.27,235.27
INV10195,CUST1032,2023-10-22 00:00:00,4,325.91,1303.64
INV10195,CUST1032,2023-10-22 00:00:00,10,86.18,861.8
INV10195,CUST1032,2023-10-22 00:00:00,10,180.57,1805.7
INV10196,CUST1032,2023-10-21 00:00:00,3,324.34,973.02
INV10196,CUST1032,2023-10-21 00:00:00,4,197.84,791.36
INV10197,CUST1032,2023-07-21 00:00:00,4,255.66,1022.64
INV10197,CUST1032,2023-07-21 00:00:00,2,111.48,222.96
INV10198,CUST1033,2023-05-31 00:00:00,4,32.5,130.0
INV10198,CUST1033,2023-05-31 00:00:00,6,32.9,197.4
INV10198,CUST1033,2023-05-31 00:00:00,1,82.09,82.09
INV10199,CUST1033,2023-04-26 00:00:00,4,63.74,254.96
INV10199,CUST1033,2023-04-26 00:00:00,10,112.76,1127.6
INV10199,CUST1033,2023-04-26 00:00:00,1,57.18,57.18
INV10199,CUST1033,2023-04-26 00:00:00,6,90.55,543.3
INV10200,CUST1034,2023-03-26 00:00:00,4,41.15,164.6
INV10200,CUST1034,2023-03-26 00:00:00,1,98.64,98.64
INV10201,CUST1034,2023-01-18 00:00:00,1,125.19,125.19
INV10201,CUST1034,2023-01-18 00:00:00,1,42.35,42.35
INV10202,CUST1034,2023-03-10 00:00:00,2,110.37,220.74
INV10202,CUST1034,2023-03-10 00:00:00,4,68.03,272.12
INV10202,CUST1034,2023-03-10 00:00:00,2,121.03,242.06
INV10202,CUST1034,2023-03-10 00:00:00,3,95.52,286.56
INV10203,CUST1035,2023-01-17 00:00:00,3,127.65,382.95
INV10204,CUST1036,2023-01-28 00:00:00,3,125.81,377.43
INV10204,CUST1036,2023-01-28 00:00:00,3,56.25,168.75
INV10204,CUST1036,2023-01-28 00:00:00,10,130.43,1304.3
INV10205,CUST1036,2023-03-08 00:00:00,2,64.15,128.3
INV10206,CUST1036,2023-02-27 00:00:00,2,88.21,176.42
INV10207,CUST1036,2023-07-15 00:00:00,1,141.64,141.64
INV10207,CUST1036,2023-07-15 00:00:00,4,165.05,660.2
INV10207,CUST1036,2023-07-15 00:00:00,4,147.55,590.2
INV10208,CUST1036,2023-10-06 00:00:00,6,27.97,167.82
INV10208,CUST1036,2023-10-06 00:00:00,6,179.05,1074.3
INV10208,CUST1036,2023-10-06 00:00:00,3,87.63,262.89
INV10208,CUST1036,2023-10-06 00:00:00,1,55.27,55.27
INV10209,CUST1037,2023-02-15 00:00:00,4,379.09,1516.36
INV10209,CUST1037,2023-02-15 00:00:00,3,309.43,928.29
INV10210,CUST1037,2023-04-08 00:00:00,2,326.81,653.62
INV10210,CUST1037,2023-04-08 00:00:00,4,172.09,688.36
INV10211,CUST1037,2023-04-13 00:00:00,10,53.82,538.2
INV10211,CUST1037,2023-04-13 00:00:00,4,318.86,1275.44
INV10212,CUST1037,2023-06-02 00:00:00,2,225.15,450.3
INV10212,CUST1037,2023-06-02 00:00:00,4,57.21,228.84
INV10212,CUST1037,2023-06-02 00:00:00,4,69.66,278.64
INV10213,CUST1037,2023-01-29 00:00:00,1,105.19,105.19
INV10214,CUST1037,2023-09-13 00:00:00,10,226.9,2269.0
INV10214,CUST1037,2023-09-13 00:00:00,4,182.2,728.8
INV10215,CUST1037,2023-08-14 00:00:00,3,434.24,1302.72
INV10215,CUST1037,2023-08-14 00:00:00,6,83.17,499.02
INV10215,CUST1037,2023-08-14 00:00:00,3,97.34,292.02
INV10215,CUST1037,2023-08-14 00:00:00,6,351.62,2109.72
INV10216,CUST1037,2023-04-24 00:00:00,1,397.21,397.21
INV10216,CUST1037,2023-04-24 00:00:00,6,71.47,428.82
INV10216,CUST1037,2023-04-24 00:00:00,10,69.82,698.2
INV10216,CUST1037,2023-04-24 00:00:00,1,295.66,295.66
INV10217,CUST1037,2023-11-20 00:00:00,2,58.5,117.0
INV10217,CUST1037,2023-11-20 00:00:00,4,162.87,651.48
INV10217,CUST1037,2023-11-20 00:00:00,2,179.64,359.28
INV10217,CUST1037,2023-11-20 00:00:00,1,69.17,69.17
INV10218,CUST1037,2023-04-23 00:00:00,1,163.92,163.92
INV10219,CUST1037,2023-07-01 00:00:00,2,292.22,584.44
INV10219,CUST1037,2023-07-01 00:00:00,10,430.85,4308.5
INV10220,CUST1037,2023-08-07 00:00:00,4,401.3,1605.2
INV10220,CUST1037,2023-08-07 00:00:00,2,248.98,497.96
INV10221,CUST1037,2023-11-09 00:00:00,10,386.52,3865.2
INV10221,CUST1037,2023-11-09 00:00:00,3,324.28,972.84
INV10222,CUST1037,2023-07-23 00:00:00,10,92.49,924.9
INV10222,CUST1037,2023-07-23 00:00:00,4,387.08,1548.32
INV10223,CUST1037,2023-07-18 00:00:00,3,333.26,999.78
INV10223,CUST1037,2023-07-18 00:00:00,2,447.35,894.7
INV10224,CUST1037,2023-04-16 00:00:00,1,281.17,281.17
INV10224,CUST1037,2023-04-16 00:00:00,6,405.9,2435.4
INV10225,CUST1038,2023-01-16 00:00:00,10,32.38,323.8
INV10225,CUST1038,2023-01-16 00:00:00,3,134.67,404.01
INV10226,CUST1038,2023-11-23 00:00:00,6,25.4,152.4
INV10227,CUST1038,2023-11-23 00:00:00,4,19.91,79.64
INV10227,CUST1038,2023-11-23 00:00:00,4,136.39,545.56
INV10227,CUST1038,2023-11-23 00:00:00,4,50.39,201.56
INV10228,CUST1039,2023-01-06 00:00:00,10,17.8,178.0
INV10228,CUST1039,2023-01-06 00:00:00,3,171.37,514.11
INV10228,CUST1039,2023-01-06 00:00:00,4,108.18,432.72
INV10229,CUST1039,2023-02-04 00:00:00,6,211.34,1268.04
INV10229,CUST1039,2023-02-04 00:00:00,2,70.23,140.46
INV10229,CUST1039,2023-02-04 00:00:00,10,264.43,2644.3
INV10230,CUST1039,2023-03-10 00:00:00,1,124.43,124.43
INV10230,CUST1039,2023-03-10 00:00:00,1,52.99,52.99
INV10230,CUST1039,2023-03-10 00:00:00,1,211.82,211.82
INV10231,CUST1039,2023-02-28 00:00:00,4,170.98,683.92
INV10231,CUST1039,2023-02-28 00:00:00,4,264.89,1059.56
INV10231,CUST1039,2023-02-28 00:00:00,1,75.41,75.41
INV10231,CUST1039,2023-02-28 00:00:00,4,93.66,374.64
INV10232,CUST1039,2023-01-14 00:00:00,4,228.01,912.04
INV10232,CUST1039,2023-01-14 00:00:00,2,50.13,100.26
INV10232,CUST1039,2023-01-14 00:00:00,4,118.1,472.4
INV10232,CUST1039,2023-01-14 00:00:00,6,105.56,633.36
INV10233,CUST1039,2023-06-16 00:00:00,10,222.94,2229.4
INV10233,CUST1039,2023-06-16 00:00:00,6,113.71,682.26
INV10233,CUST1039,2023-06-16 00:00:00,6,20.45,122.7
INV10233,CUST1039,2023-06-16 00:00:00,2,50.9,101.8
INV10234,CUST1039,2023-03-17 00:00:00,6,206.26,1237.56
INV10234,CUST1039,2023-03-17 00:00:00,2,64.76,129.52
INV10235,CUST1039,2023-09-14 00:00:00,6,224.61,1347.66
INV10236,CUST1039,2023-04-19 00:00:00,2,33.74,67.48
INV10237,CUST1039,2023-06-11 00:00:00,1,44.93,44.93
INV10237,CUST1039,2023-06-11 00:00:00,4,177.94,711.76
INV10237,CUST1039,2023-06-11 00:00:00,6,227.11,1362.66
INV10237,CUST1039,2023-06-11 00:00:00,6,138.79,832.74
INV10238,CUST1040,2023-03-21 00:00:00,3,176.08,528.24
INV10238,CUST1040,2023-03-21 00:00:00,4,366.47,1465.88
INV10239,CUST1040,2023-10-17 00:00:00,2,379.27,758.54
INV10240,CUST1040,2023-08-15 00:00:00,1,287.4,287.4
INV10240,CUST1040,2023-08-15 00:00:00,1,298.99,298.99
INV10240,CUST1040,2023-08-15 00:00:00,4,58.2,232.8
INV10240,CUST1040,2023-08-15 00:00:00,1,359.11,359.11
INV10241,CUST1040,2023-01-18 00:00:00,4,335.61,1342.44
INV10241,CUST1040,2023-01-18 00:00:00,4,278.94,1115.76
INV10241,CUST1040,2023-01-18 00:00:00,2,180.2,360.4
INV10241,CUST1040,2023-01-18 00:00:00,10,278.73,2787.3
INV10242,CUST1040,2023-09-10 00:00:00,4,205.5,822.0
INV10243,CUST1040,2023-06-08 00:00:00,6,318.4,1910.4
INV10243,CUST1040,2023-06-08 00:00:00,1,202.61,202.61
INV10243,CUST1040,2023-06-08 00:00:00,6,43.08,258.48
INV10244,CUST1040,2023-09-02 00:00:00,1,56.49,56.49
INV10244,CUST1040,2023-09-02 00:00:00,3,32.88,98.64
INV10244,CUST1040,2023-09-02 00:00:00,6,228.31,1369.86
INV10245,CUST1040,2023-04-10 00:00:00,10,418.44,4184.4
INV10245,CUST1040,2023-04-10 00:00:00,4,333.05,1332.2
INV10246,CUST1040,2023-10-31 00:00:00,3,190.35,571.05
INV10246,CUST1040,2023-10-31 00:00:00,6,288.04,1728.24
INV10246,CUST1040,2023-10-31 00:00:00,2,36.36,72.72
INV10247,CUST1040,2023-04-22 00:00:00,1,412.3,412.3
INV10248,CUST1040,2023-10-10 00:00:00,10,130.74,1307.4
INV10248,CUST1040,2023-10-10 00:00:00,1,281.58,281.58
INV10248,CUST1040,2023-10-10 00:00:00,2,216.38,432.76
INV10248,CUST1040,2023-10-10 00:00:00,2,154.95,309.9
INV10249,CUST1041,2023-02-26 00:00:00,4,29.18,116.72
INV10250,CUST1041,2023-11-12 00:00:00,1,127.89,127.89
INV10250,CUST1041,2023-11-12 00:00:00,1,56.76,56.76
INV10250,CUST1041,2023-11-12 00:00:00,3,79.53,238.59
INV10251,CUST1041,2023-07-31 00:00:00,4,39.94,159.76
INV10251,CUST1041,2023-07-31 00:00:00,6,95.63,573.78
INV10252,CUST1042,2023-11-09 00:00:00,1,125.37,125.37
INV10252,CUST1042,2023-11-09 00:00:00,2,268.9,537.8
INV10253,CUST1042,2023-07-15 00:00:00,10,304.02,3040.2
INV10253,CUST1042,2023-07-15 00:00:00,4,47.62,190.48
INV10254,CUST1042,2023-03-30 00:00:00,10,401.39,4013.9
INV10254,CUST1042,2023-03-30 00:00:00,10,232.22,2322.2
INV10255,CUST1042,2023-03-17 00:00:00,2,77.21,154.42
INV10255,CUST1042,2023-03-17 00:00:00,4,337.96,1351.84
INV10256,CUST1042,2023-09-07 00:00:00,3,84.41,253.23
INV10256,CUST1042,2023-09-07 00:00:00,4,305.66,1222.64
INV10256,CUST1042,2023-09-07 00:00:00,3,315.31,945.93
INV10257,CUST1042,2023-06-10 00:00:00,10,241.89,2418.9
INV10257,CUST1042,2023-06-10 00:00:00,6,62.78,376.68
INV10257,CUST1042,2023-06-10 00:00:00,4,268.98,1075.92
INV10258,CUST1042,2023-08-05 00:00:00,2,239.24,478.48
INV10259,CUST1042,2023-09-30 00:00:00,4,303.25,1213.0
INV10260,CUST1042,2023-08-29 00:00:00,2,277.06,554.12
INV10260,CUST1042,2023-08-29 00:00:00,1,238.12,238.12
INV10260,CUST1042,2023-08-29 00:00:00,10,261.26,2612.6
INV10261,CUST1042,2023-10-06 00:00:00,6,231.89,1391.34
INV10262,CUST1043,2023-01-07 00:00:00,1,12.8,12.8
INV10262,CUST1043,2023-01-07 00:00:00,1,159.81,159.81
INV10262,CUST1043,2023-01-07 00:00:00,1,116.39,116.39
INV10262,CUST1043,2023-01-07 00:00:00,3,141.79,425.37
INV10263,CUST1043,2023-01-07 00:00:00,3,165.75,497.25
INV10263,CUST1043,2023-01-07 00:00:00,4,70.91,283.64
INV10263,CUST1043,2023-01-07 00:00:00,4,123.18,492.72
INV10263,CUST1043,2023-01-07 00:00:00,10,103.15,1031.5
INV10264,CUST1044,2023-03-27 00:00:00,10,125.77,1257.7
INV10264,CUST1044,2023-03-27 00:00:00,1,135.25,135.25
INV10265,CUST1044,2023-01-15 00:00:00,4,171.32,685.28
INV10265,CUST1044,2023-01-15 00:00:00,3,40.15,120.45
INV10265,CUST1044,2023-01-15 00:00:00,2,186.46,372.92
INV10266,CUST1044,2023-02-03 00:00:00,2,197.62,395.24
INV10266,CUST1044,2023-02-03 00:00:00,3,100.53,301.59
INV10266,CUST1044,2023-02-03 00:00:00,4,115.94,463.76
INV10266,CUST1044,2023-02-03 00:00:00,10,64.94,649.4
INV10267,CUST1044,2023-05-16 00:00:00,4,252.28,1009.12
INV10268,CUST1044,2023-06-20 00:00:00,4,173.43,693.72
INV10268,CUST1044,2023-06-20 00:00:00,6,64.48,386.88
INV10268,CUST1044,2023-06-20 00:00:00,1,148.91,148.91
INV10269,CUST1044,2023-05-22 00:00:00,4,39.47,157.88
INV10269,CUST1044,2023-05-22 00:00:00,4,237.77,951.08
INV10269,CUST1044,2023-05-22 00:00:00,3,237.17,711.51
INV10270,CUST1044,2023-06-19 00:00:00,1,145.14,145.14
INV10271,CUST1044,2023-01-28 00:00:00,3,223.11,669.33
INV10271,CUST1044,2023-01-28 00:00:00,10,241.18,2411.8
INV10271,CUST1044,2023-01-28 00:00:00,1,301.01,301.01
INV10271,CUST1044,2023-01-28 00:00:00,6,75.39,452.34
INV10272,CUST1044,2023-08-15 00:00:00,2,69.74,139.48
INV10272,CUST1044,2023-08-15 00:00:00,3,28.17,84.51
INV10273,CUST1045,2023-11-05 00:00:00,3,61.03,183.09
INV10274,CUST1045,2023-02-27 00:00:00,3,82.73,248.19
INV10274,CUST1045,2023-02-27 00:00:00,6,101.92,611.52
INV10275,CUST1046,2023-07-27 00:00:00,4,31.03,124.12
INV10275,CUST1046,2023-07-27 00:00:00,2,250.99,501.98
INV10276,CUST1046,2023-06-27 00:00:00,1,58.94,58.94
INV10276,CUST1046,2023-06-27 00:00:00,4,51.89,207.56
INV10277,CUST1046,2023-08-09 00:00:00,4,186.39,745.56
INV10277,CUST1046,2023-08-09 00:00:00,4,21.71,86.84
INV10277,CUST1046,2023-08-09 00:00:00,4,29.69,118.76
INV10278,CUST1046,2023-02-27 00:00:00,3,88.81,266.43
INV10278,CUST1046,2023-02-27 00:00:00,10,82.14,821.4
INV10278,CUST1046,2023-02-27 00:00:00,10,128.03,1280.3
INV10279,CUST1046,2023-03-02 00:00:00,10,35.01,350.1
INV10280,CUST1046,2023-02-19 00:00:00,3,34.31,102.93
INV10280,CUST1046,2023-02-19 00:00:00,2,162.09,324.18
INV10280,CUST1046,2023-02-19 00:00:00,6,154.53,927.18
INV10280,CUST1046,2023-02-19 00:00:00,1,215.8,215.8
INV10281,CUST1046,2023-07-27 00:00:00,2,205.71,411.42
INV10281,CUST1046,2023-07-27 00:00:00,3,264.81,794.43
INV10281,CUST1046,2023-07-27 00:00:00,6,31.65,189.9
INV10282,CUST1046,2023-05-16 00:00:00,6,269.39,1616.34
INV10283,CUST1046,2023-07-15 00:00:00,3,203.85,611.55
INV10284,CUST1047,2023-01-01 00:00:00,4,67.08,268.32
INV10284,CUST1047,2023-01-01 00:00:00,1,14.89,14.89
INV10284,CUST1047,2023-01-01 00:00:00,6,47.29,283.74
INV10284,CUST1047,2023-01-01 00:00:00,2,25.54,51.08
INV10285,CUST1048,2023-09-29 00:00:00,2,88.08,176.16
INV10286,CUST1048,2023-10-17 00:00:00,10,114.92,1149.2
INV10287,CUST1049,2023-09-29 00:00:00,10,226.68,2266.8
INV10287,CUST1049,2023-09-29 00:00:00,2,41.57,83.14
INV10288,CUST1049,2023-05-13 00:00:00,3,177.72,533.16
INV10288,CUST1049,2023-05-13 00:00:00,10,89.06,890.6
INV10288,CUST1049,2023-05-13 00:00:00,10,215.96,2159.6
INV10288,CUST1049,2023-05-13 00:00:00,2,258.19,516.38
INV10289,CUST1049,2023-02-03 00:00:00,1,67.11,67.11
INV10289,CUST1049,2023-02-03 00:00:00,6,58.09,348.54
INV10289,CUST1049,2023-02-03 00:00:00,4,203.74,814.96
INV10290,CUST1049,2023-03-04 00:00:00,6,179.85,1079.1
INV10290,CUST1049,2023-03-04 00:00:00,4,231.74,926.96
INV10290,CUST1049,2023-03-04 00:00:00,3,250.46,751.38
INV10291,CUST1049,2023-04-19 00:00:00,4,207.5,830.0
INV10291,CUST1049,2023-04-19 00:00:00,2,33.61,67.22
INV10292,CUST1049,2023-01-23 00:00:00,4,150.1,600.4
INV10292,CUST1049,2023-01-23 00:00:00,4,213.97,855.88
INV10292,CUST1049,2023-01-23 00:00:00,4,128.69,514.76
INV10293,CUST1050,2022-12-31 00:00:00,3,22.14,66.42
INV10293,CUST1050,2022-12-31 00:00:00,2,13.31,26.62
INV10293,CUST1050,2022-12-31 00:00:00,4,69.54,278.16
INV10294,CUST1050,2023-02-02 00:00:00,6,30.88,185.28
INV10295,CUST1050,2023-03-01 00:00:00,10,48.64,486.4
INV10295,CUST1050,2023-03-01 00:00:00,2,41.76,83.52
INV10295,CUST1050,2023-03-01 00:00:00,10,69.57,695.7
INV10296,CUST1051,2023-06-13 00:00:00,2,39.89,79.78
INV10296,CUST1051,2023-06-13 00:00:00,10,35.22,352.2
INV10296,CUST1051,2023-06-13 00:00:00,1,17.4,17.4
INV10297,CUST1051,2023-06-08 00:00:00,4,148.04,592.16
INV10298,CUST1051,2023-03-07 00:00:00,10,114.0,1140.0
INV10298,CUST1051,2023-03-07 00:00:00,10,154.1,1541.0
INV10298,CUST1051,2023-03-07 00:00:00,1,145.26,145.26
INV10298,CUST1051,2023-03-07 00:00:00,10,64.92,649.2
INV10299,CUST1052,2023-06-12 00:00:00,6,49.05,294.3
INV10299,CUST1052,2023-06-12 00:00:00,4,118.56,474.24
INV10300,CUST1053,2023-06-10 00:00:00,1,14.5,14.5
INV10301,CUST1053,2023-06-12 00:00:00,2,24.79,49.58
INV10301,CUST1053,2023-06-12 00:00:00,10,70.79,707.9
INV10301,CUST1053,2023-06-12 00:00:00,6,36.0,216.0
INV10301,CUST1053,2023-06-12 00:00:00,1,78.51,78.51
INV10302,CUST1053,2023-01-10 00:00:00,3,73.27,219.81
INV10302,CUST1053,2023-01-10 00:00:00,1,47.84,47.84
INV10303,CUST1054,2023-04-19 00:00:00,2,157.02,314.04
INV10303,CUST1054,2023-04-19 00:00:00,4,71.69,286.76
INV10303,CUST1054,2023-04-19 00:00:00,2,55.67,111.34
INV10303,CUST1054,2023-04-19 00:00:00,4,158.21,632.84
INV10304,CUST1054,2023-05-12 00:00:00,6,86.66,519.96
INV10305,CUST1054,2023-10-15 00:00:00,3,91.99,275.97
INV10306,CUST1055,2023-02-13 00:00:00,1,130.48,130.48
INV10306,CUST1055,2023-02-13 00:00:00,3,130.8,392.4
INV10307,CUST1055,2023-03-22 00:00:00,1,28.26,28.26
INV10307,CUST1055,2023-03-22 00:00:00,2,56.68,113.36
INV10307,CUST1055,2023-03-22 00:00:00,4,107.64,430.56
INV10308,CUST1056,2023-12-22 00:00:00,-3,389.95,1169.85
INV10308,CUST1056,2023-12-22 00:00:00,1,146.16,146.16
INV10308,CUST1056,2023-12-22 00:00:00,6,53.29,319.74
INV10308,CUST1056,2023-12-22 00:00:00,6,244.35,1466.1
INV10309,CUST1056,2023-08-03 00:00:00,4,154.94,619.76
INV10309,CUST1056,2023-08-03 00:00:00,1,437.98,437.98
INV10309,CUST1056,2023-08-03 00:00:00,6,494.21,2965.26
INV10309,CUST1056,2023-08-03 00:00:00,3,498.46,1495.38
INV10310,CUST1056,2023-04-16 00:00:00,3,92.91,278.73
INV10310,CUST1056,2023-04-16 00:00:00,10,270.87,2708.7
INV10310,CUST1056,2023-04-16 00:00:00,4,230.76,923.04
INV10311,CUST1056,2023-06-16 00:00:00,3,533.91,1601.73
INV10311,CUST1056,2023-06-16 00:00:00,10,280.4,2804.0
INV10311,CUST1056,2023-06-16 00:00:00,1,57.79,57.79
INV10312,CUST1056,2023-01-13 00:00:00,2,528.54,1057.08
INV10312,CUST1056,2023-01-13 00:00:00,10,473.58,4735.8
INV10313,CUST1056,2023-10-01 00:00:00,3,457.12,1371.36
INV10313,CUST1056,2023-10-01 00:00:00,3,446.36,1339.08
INV10314,CUST1056,2023-07-03 00:00:00,10,406.51,4065.1
INV10314,CUST1056,2023-07-03 00:00:00,3,356.37,1069.11
INV10314,CUST1056,2023-07-03 00:00:00,1,179.77,179.77
INV10315,CUST1056,2023-08-25 00:00:00,6,311.79,1870.74
INV10315,CUST1056,2023-08-25 00:00:00,1,159.59,159.59
INV10316,CUST1056,2023-02-06 00:00:00,4,189.83,759.32
INV10317,CUST1056,2023-06-03 00:00:00,3,151.67,455.01
INV10318,CUST1056,2023-01-23 00:00:00,1,60.9,60.9
INV10318,CUST1056,2023-01-23 00:00:00,4,483.2,1932.8
INV10319,CUST1056,2023-12-21 00:00:00,6,338.54,2031.24
INV10320,CUST1056,2023-08-25 00:00:00,6,463.29,2779.74
INV10320,CUST1056,2023-08-25 00:00:00,10,254.99,2549.9
INV10320,CUST1056,2023-08-25 00:00:00,3,543.41,1630.23
INV10321,CUST1057,2023-02-14 00:00:00,3,100.53,301.59
INV10322,CUST1057,2023-04-30 00:00:00,1,133.0,133.0
INV10323,CUST1057,2023-04-15 00:00:00,1,17.34,17.34
INV10323,CUST1057,2023-04-15 00:00:00,4,176.37,705.48
INV10323,CUST1057,2023-04-15 00:00:00,10,151.8,1518.0
INV10323,CUST1057,2023-04-15 00:00:00,1,74.03,74.03
INV10324,CUST1057,2023-01-13 00:00:00,10,121.85,1218.5
INV10325,CUST1057,2023-01-14 00:00:00,4,154.48,617.92
INV10325,CUST1057,2023-01-14 00:00:00,3,55.47,166.41
INV10326,CUST1057,2023-10-20 00:00:00,10,154.11,1541.1
INV10326,CUST1057,2023-10-20 00:00:00,3,129.96,389.88
INV10326,CUST1057,2023-10-20 00:00:00,2,61.6,123.2
INV10326,CUST1057,2023-10-20 00:00:00,3,146.36,439.08
INV10327,CUST1058,2023-04-06 00:00:00,1,37.32,37.32
INV10327,CUST1058,2023-04-06 00:00:00,6,273.01,1638.06
INV10328,CUST1058,2023-05-20 00:00:00,3,174.8,524.4
INV10328,CUST1058,2023-05-20 00:00:00,1,261.96,261.96
INV10328,CUST1058,2023-05-20 00:00:00,6,277.81,1666.86
INV10329,CUST1058,2023-08-04 00:00:00,6,273.92,1643.52
INV10329,CUST1058,2023-08-04 00:00:00,1,295.14,295.14
INV10329,CUST1058,2023-08-04 00:00:00,10,464.57,4645.7
INV10330,CUST1058,2023-06-17 00:00:00,3,459.45,1378.35
INV10330,CUST1058,2023-06-17 00:00:00,1,205.94,205.94
INV10330,CUST1058,2023-06-17 00:00:00,6,255.97,1535.82
INV10330,,2023-06-17 00:00:00,10,235.02,2350.2
INV10331,CUST1058,2023-02-17 00:00:00,1,235.13,235.13
INV10331,CUST1058,2023-02-17 00:00:00,6,178.68,1072.08
INV10332,CUST1058,2023-12-07 00:00:00,6,209.13,1254.78
INV10332,CUST1058,2023-12-07 00:00:00,1,50.74,50.74
INV10332,CUST1058,2023-12-07 00:00:00,3,58.37,175.11
INV10332,CUST1058,2023-12-07 00:00:00,3,101.85,305.55
INV10333,CUST1058,2023-11-08 00:00:00,1,231.54,231.54
INV10334,CUST1058,2023-12-05 00:00:00,6,394.25,2365.5
INV10334,CUST1058,2023-12-05 00:00:00,4,374.46,1497.84
INV10334,CUST1058,2023-12-05 00:00:00,1,449.34,449.34
INV10334,CUST1058,2023-12-05 00:00:00,4,448.04,1792.16
INV10335,CUST1059,2023-03-22 00:00:00,4,134.4,537.6
INV10336,CUST1059,2023-05-15 00:00:00,4,78.1,312.4
INV10336,CUST1059,2023-05-15 00:00:00,3,118.4,355.2
INV10336,CUST1059,2023-05-15 00:00:00,4,172.3,689.2
INV10337,CUST1059,2023-02-22 00:00:00,1,179.64,179.64
INV10337,CUST1059,2023-02-22 00:00:00,6,133.0,798.0
INV10337,CUST1059,2023-02-22 00:00:00,2,170.12,340.24
INV10338,CUST1059,2023-01-30 00:00:00,2,37.29,74.58
INV10338,CUST1059,2023-01-30 00:00:00,1,121.28,121.28
INV10339,CUST1059,2023-09-25 00:00:00,4,125.76,503.04
INV10339,CUST1059,2023-09-25 00:00:00,6,172.68,1036.08
INV10339,CUST1059,2023-09-25 00:00:00,10,159.66,1596.6
INV10340,CUST1060,2023-02-03 00:00:00,3,176.84,530.52
INV10340,CUST1060,2023-02-03 00:00:00,6,149.36,896.16
INV10340,CUST1060,2023-02-03 00:00:00,6,61.68,370.08
INV10341,CUST1060,2023-09-10 00:00:00,1,253.98,253.98
INV10341,CUST1060,2023-09-10 00:00:00,1,44.04,44.04
INV10341,CUST1060,2023-09-10 00:00:00,6,242.35,1454.1
INV10342,CUST1060,2023-06-05 00:00:00,3,47.28,141.84
INV10342,CUST1060,2023-06-05 00:00:00,1,119.84,119.84
INV10342,CUST1060,2023-06-05 00:00:00,2,209.92,419.84
INV10342,CUST1060,2023-06-05 00:00:00,4,275.94,1103.76
INV10343,CUST1060,2023-04-17 00:00:00,4,313.46,1253.84
INV10343,CUST1060,2023-04-17 00:00:00,3,207.36,622.08
INV10343,CUST1060,2023-04-17 00:00:00,2,140.06,280.12
INV10343,CUST1060,2023-04-17 00:00:00,10,246.5,2465.0
INV10344,CUST1060,2023-05-15 00:00:00,4,159.24,636.96
INV10344,CUST1060,2023-05-15 00:00:00,4,36.87,147.48
INV10345,CUST1060,2023-04-19 00:00:00,4,130.45,521.8
INV10345,CUST1060,2023-04-19 00:00:00,2,227.54,455.08
INV10345,CUST1060,2023-04-19 00:00:00,4,24.79,99.16
INV10346,CUST1060,2023-06-25 00:00:00,1,54.78,54.78
INV10346,CUST1060,2023-06-25 00:00:00,6,191.14,1146.84
INV10346,CUST1060,2023-06-25 00:00:00,4,206.73,826.92
INV10347,CUST1060,2023-09-28 00:00:00,1,67.25,67.25
INV10347,CUST1060,2023-09-28 00:00:00,6,95.15,570.9
INV10347,CUST1060,2023-09-28 00:00:00,3,191.41,574.23
INV10347,CUST1060,2023-09-28 00:00:00,6,144.55,867.3
INV10348,CUST1060,2023-05-27 00:00:00,10,316.31,3163.1
INV10348,CUST1060,2023-05-27 00:00:00,3,73.43,220.29
INV10349,CUST1060,2023-02-09 00:00:00,6,168.12,1008.72
INV10349,CUST1060,2023-02-09 00:00:00,10,63.92,639.2
INV10349,CUST1060,2023-02-09 00:00:00,2,59.5,119.0
INV10350,CUST1061,2023-04-21 00:00:00,4,203.36,813.44
INV10350,CUST1061,2023-04-21 00:00:00,6,118.63,711.78
INV10351,CUST1061,2023-06-30 00:00:00,1,150.65,150.65
INV10351,CUST1061,2023-06-30 00:00:00,10,202.05,2020.5
INV10351,CUST1061,2023-06-30 00:00:00,6,181.1,1086.6
INV10351,CUST1061,2023-06-30 00:00:00,6,202.14,1212.84
INV10352,CUST1061,2023-09-22 00:00:00,6,87.71,526.26
INV10352,CUST1061,2023-09-22 00:00:00,1,190.85,190.85
INV10353,CUST1061,2023-10-13 00:00:00,3,207.42,622.26
INV10353,CUST1061,2023-10-13 00:00:00,3,78.03,234.09
INV10353,CUST1061,2023-10-13 00:00:00,6,169.95,1019.7
INV10353,CUST1061,2023-10-13 00:00:00,2,184.73,369.46
INV10354,CUST1061,2023-02-03 00:00:00,4,122.62,490.48
INV10354,CUST1061,2023-02-03 00:00:00,10,211.27,2112.7
INV10354,CUST1061,2023-02-03 00:00:00,2,175.68,351.36
INV10355,CUST1061,2023-10-26 00:00:00,6,180.33,1081.98
INV10355,CUST1061,2023-10-26 00:00:00,4,322.56,1290.24
INV10355,CUST1061,2023-10-26 00:00:00,3,323.39,970.17
INV10355,CUST1061,2023-10-26 00:00:00,3,140.08,420.24
INV10356,CUST1062,2023-04-06 00:00:00,4,9.59,38.36
INV10356,CUST1062,2023-04-06 00:00:00,4,39.96,159.84
INV10356,CUST1062,2023-04-06 00:00:00,2,75.4,150.8
INV10357,CUST1062,2023-03-31 00:00:00,3,43.39,130.17
INV10357,CUST1062,2023-03-31 00:00:00,4,41.2,164.8
INV10357,CUST1062,2023-03-31 00:00:00,10,49.02,490.2
INV10358,CUST1062,2023-01-07 00:00:00,3,20.39,61.17
INV10358,CUST1062,2023-01-07 00:00:00,3,43.27,129.81
INV10359,CUST1063,2023-03-13 00:00:00,4,297.36,1189.44
INV10359,CUST1063,2023-03-13 00:00:00,4,290.44,1161.76
INV10360,CUST1063,2023-05-08 00:00:00,1,43.3,43.3
INV10360,CUST1063,2023-05-08 00:00:00,6,168.89,1013.34
INV10360,CUST1063,2023-05-08 00:00:00,1,122.35,122.35
INV10360,CUST1063,2023-05-08 00:00:00,3,126.8,380.4
INV10361,CUST1063,2023-10-05 00:00:00,10,96.65,966.5
INV10361,CUST1063,2023-10-05 00:00:00,2,181.36,362.72
INV10361,CUST1063,2023-10-05 00:00:00,6,33.73,202.38
INV10362,CUST1063,2023-08-25 00:00:00,2,232.87,465.74
INV10362,CUST1063,2023-08-25 00:00:00,6,142.29,853.74
INV10363,CUST1063,2023-04-07 00:00:00,3,93.33,279.99
INV10364,CUST1064,2023-01-31 00:00:00,1,56.16,56.16
INV10364,CUST1064,2023-01-31 00:00:00,10,29.86,298.6
INV10365,CUST1064,2023-08-18 00:00:00,1,245.31,245.31
INV10365,CUST1064,2023-08-18 00:00:00,6,26.85,161.1
INV10365,CUST1064,2023-08-18 00:00:00,6,311.14,1866.84
INV10365,CUST1064,2023-08-18 00:00:00,1,291.7,291.7
INV10366,CUST1064,2023-05-11 00:00:00,2,61.24,122.48
INV10366,CUST1064,2023-05-11 00:00:00,1,276.74,276.74
INV10366,CUST1064,2023-05-11 00:00:00,10,166.82,1668.2
INV10367,CUST1064,2023-08-08 00:00:00,3,245.02,735.06
INV10367,CUST1064,2023-08-08 00:00:00,6,354.94,2129.64
INV10367,CUST1064,2023-08-08 00:00:00,2,27.0,54.0
INV10368,CUST1064,2023-07-31 00:00:00,10,129.21,1292.1
INV10368,CUST1064,2023-07-31 00:00:00,1,199.23,199.23
INV10368,CUST1064,2023-07-31 00:00:00,2,109.24,218.48
INV10369,CUST1065,2023-12-17 00:00:00,4,114.24,456.96
INV10369,CUST1065,2023-12-17 00:00:00,3,106.92,320.76
INV10369,CUST1065,2023-12-17 00:00:00,10,27.34,273.4
INV10369,CUST1065,2023-12-17 00:00:00,3,11.42,34.26
INV10370,CUST1065,2023-05-13 00:00:00,1,75.82,75.82
INV10371,CUST1066,2023-10-27 00:00:00,1,408.23,408.23
INV10371,CUST1066,2023-10-27 00:00:00,1,388.67,388.67
INV10371,CUST1066,2023-10-27 00:00:00,10,258.08,2580.8
INV10372,CUST1066,2023-10-26 00:00:00,4,370.4,1481.6
INV10372,CUST1066,2023-10-26 00:00:00,10,262.61,2626.1
INV10372,CUST1066,2023-10-26 00:00:00,10,439.13,4391.3
INV10372,CUST1066,2023-10-26 00:00:00,10,311.79,3117.9
INV10373,CUST1066,2023-04-03 00:00:00,3,415.95,1247.85
INV10374,CUST1066,2023-12-07 00:00:00,10,468.34,4683.4
INV10374,CUST1066,2023-12-07 00:00:00,2,389.61,779.22
INV10374,CUST1066,2023-12-07 00:00:00,1,402.84,402.84
INV10375,CUST1066,2023-10-01 00:00:00,1,286.17,286.17
INV10376,CUST1066,2023-07-18 00:00:00,10,382.37,3823.7
INV10376,CUST1066,2023-07-18 00:00:00,2,264.47,528.94
INV10377,CUST1066,2023-01-28 00:00:00,1,75.72,75.72
INV10377,CUST1066,2023-01-28 00:00:00,4,85.14,340.56
INV10377,CUST1066,2023-01-28 00:00:00,1,98.91,98.91
INV10377,CUST1066,2023-01-28 00:00:00,1,449.05,449.05
INV10378,CUST1066,2023-09-10 00:00:00,3,248.19,744.57
INV10378,CUST1066,2023-09-10 00:00:00,1,220.43,220.43
INV10379,CUST1066,2023-10-24 00:00:00,3,78.95,236.85
INV10379,CUST1066,2023-10-24 00:00:00,2,55.86,111.72
INV10379,CUST1066,2023-10-24 00:00:00,6,225.51,1353.06
INV10379,CUST1066,2023-10-24 00:00:00,3,449.8,1349.4
INV10380,CUST1066,2023-06-27 00:00:00,6,385.35,2312.1
INV10380,CUST1066,2023-06-27 00:00:00,6,124.89,749.34
INV10380,CUST1066,2023-06-27 00:00:00,4,98.75,395.0
INV10381,CUST1066,2023-03-13 00:00:00,1,86.84,86.84
INV10381,CUST1066,2023-03-13 00:00:00,3,346.69,1040.07
INV10382,CUST1066,2023-03-01 00:00:00,1,211.95,211.95
INV10382,CUST1066,2023-03-01 00:00:00,4,460.4,1841.6
INV10383,CUST1067,2023-04-05 00:00:00,1,21.22,21.22
INV10383,CUST1067,2023-04-05 00:00:00,6,73.66,441.96
INV10383,CUST1067,2023-04-05 00:00:00,2,23.36,46.72
INV10383,CUST1067,2023-04-05 00:00:00,1,77.58,77.58
INV10384,CUST1067,2023-05-26 00:00:00,10,23.67,236.7
INV10384,CUST1067,2023-05-26 00:00:00,6,68.04,408.24
INV10384,CUST1067,2023-05-26 00:00:00,6,30.23,181.38
INV10384,CUST1067,2023-05-26 00:00:00,4,66.77,267.08
INV10385,CUST1067,2023-06-21 00:00:00,4,10.19,40.76
INV10385,CUST1067,2023-06-21 00:00:00,4,64.68,258.72
INV10386,CUST1068,2023-04-23 00:00:00,3,436.76,1310.28
INV10386,CUST1068,2023-04-23 00:00:00,1,108.22,108.22
INV10386,CUST1068,2023-04-23 00:00:00,2,363.96,727.92
INV10387,CUST1068,2023-03-03 00:00:00,2,50.95,101.9
INV10388,CUST1068,2023-07-19 00:00:00,2,53.69,107.38
INV10388,CUST1068,2023-07-19 00:00:00,4,603.57,2414.28
INV10389,CUST1068,2023-07-21 00:00:00,3,281.42,844.26
INV10390,CUST1068,2023-12-14 00:00:00,10,200.01,2000.1
INV10390,CUST1068,2023-12-14 00:00:00,6,316.8,1900.8
INV10390,CUST1068,2023-12-14 00:00:00,4,66.9,267.6
INV10390,CUST1068,2023-12-14 00:00:00,2,443.07,886.14
INV10391,CUST1068,2023-01-25 00:00:00,4,200.36,801.44
INV10391,CUST1068,2023-01-25 00:00:00,1,350.64,350.64
INV10391,CUST1068,2023-01-25 00:00:00,2,549.31,1098.62
INV10392,CUST1068,2023-07-03 00:00:00,3,268.58,805.74
INV10392,CUST1068,2023-07-03 00:00:00,1,113.37,113.37
INV10393,CUST1068,2023-08-19 00:00:00,6,244.46,1466.76
INV10393,CUST1068,2023-08-19 00:00:00,2,174.33,348.66
INV10393,CUST1068,2023-08-19 00:00:00,1,262.17,262.17
INV10394,CUST1068,2023-12-15 00:00:00,3,434.47,1303.41
INV10394,CUST1068,2023-12-15 00:00:00,6,618.56,3711.36
INV10394,CUST1068,2023-12-15 00:00:00,3,56.21,168.63
INV10394,CUST1068,2023-12-15 00:00:00,3,533.12,1599.36
INV10395,CUST1068,2023-05-28 00:00:00,6,277.71,1666.26
INV10395,CUST1068,2023-05-28 00:00:00,4,574.35,2297.4
INV10395,CUST1068,2023-05-28 00:00:00,6,177.27,1063.62
INV10395,CUST1068,2023-05-28 00:00:00,2,399.15,798.3
INV10396,CUST1068,2023-06-09 00:00:00,4,322.55,1290.2
INV10396,CUST1068,2023-06-09 00:00:00,2,386.68,773.36
INV10396,CUST1068,2023-06-09 00:00:00,1,183.74,183.74
INV10397,CUST1068,2023-02-22 00:00:00,4,364.36,1457.44
INV10397,CUST1068,2023-02-22 00:00:00,4,501.87,2007.48
INV10397,CUST1068,2023-02-22 00:00:00,1,175.59,175.59
INV10397,CUST1068,2023-02-22 00:00:00,4,408.88,1635.52
INV10398,CUST1068,2023-12-05 00:00:00,2,228.69,457.38
INV10399,CUST1069,2023-02-05 00:00:00,4,82.7,330.8
INV10399,CUST1069,2023-02-05 00:00:00,4,128.53,514.12
INV10399,CUST1069,2023-02-05 00:00:00,1,74.97,74.97
INV10399,CUST1069,2023-02-05 00:00:00,4,73.56,294.24
INV10400,CUST1069,2023-02-23 00:00:00,1,173.03,173.03
INV10400,CUST1069,2023-02-23 00:00:00,1,137.02,137.02
INV10400,CUST1069,2023-02-23 00:00:00,2,39.36,78.72
INV10400,CUST1069,2023-02-23 00:00:00,6,102.34,614.04
INV10401,CUST1069,2023-05-11 00:00:00,10,87.65,876.5
INV10401,CUST1069,2023-05-11 00:00:00,10,108.16,1081.6
INV10401,CUST1069,2023-05-11 00:00:00,6,183.63,1101.78
INV10402,CUST1070,2023-01-28 00:00:00,2,86.28,172.56
INV10402,CUST1070,2023-01-28 00:00:00,10,70.36,703.6
INV10403,CUST1070,2023-01-20 00:00:00,10,130.53,1305.3
INV10403,CUST1070,2023-01-20 00:00:00,4,135.23,540.92
INV10403,CUST1070,2023-01-20 00:00:00,4,127.69,510.76
INV10404,CUST1071,2023-05-16 00:00:00,10,58.31,583.1
INV10404,CUST1071,2023-05-16 00:00:00,4,330.78,1323.12
INV10404,CUST1071,2023-05-16 00:00:00,3,340.39,1021.17
INV10404,CUST1071,2023-05-16 00:00:00,1,93.96,93.96
INV10405,CUST1071,2023-07-22 00:00:00,3,80.05,240.15
INV10405,CUST1071,2023-07-22 00:00:00,10,224.36,2243.6
INV10406,CUST1071,2023-05-18 00:00:00,4,291.32,1165.28
INV10406,CUST1071,2023-05-18 00:00:00,6,316.7,1900.2
INV10407,CUST1071,2023-01-19 00:00:00,3,191.73,575.19
INV10407,CUST1071,2023-01-19 00:00:00,2,335.83,671.66
INV10407,CUST1071,2023-01-19 00:00:00,6,299.35,1796.1
INV10408,CUST1071,2023-07-17 00:00:00,3,238.67,716.01
INV10409,CUST1071,2023-04-15 00:00:00,2,272.63,545.26
INV10409,CUST1071,2023-04-15 00:00:00,10,218.12,2181.2
INV10409,CUST1071,2023-04-15 00:00:00,6,26.02,156.12
INV10409,CUST1071,2023-04-15 00:00:00,6,145.01,870.06
INV10410,CUST1071,2023-05-16 00:00:00,3,37.99,113.97
INV10410,CUST1071,2023-05-16 00:00:00,2,127.12,254.24
INV10411,CUST1072,2023-03-21 00:00:00,3,56.63,169.89
INV10412,CUST1072,2023-08-05 00:00:00,2,547.59,1095.18
INV10413,CUST1072,2023-04-20 00:00:00,3,577.69,1733.07
INV10413,CUST1072,2023-04-20 00:00:00,1,65.49,65.49
INV10413,CUST1072,2023-04-20 00:00:00,6,311.27,1867.62
INV10414,CUST1072,2023-02-04 00:00:00,4,464.78,1859.12
INV10414,CUST1072,2023-02-04 00:00:00,3,72.69,218.07
INV10414,CUST1072,2023-02-04 00:00:00,3,195.31,585.93
INV10414,CUST1072,2023-02-04 00:00:00,1,483.52,483.52
INV10415,CUST1072,2023-08-30 00:00:00,4,363.22,1452.88
INV10416,CUST1072,2023-10-03 00:00:00,1,175.53,175.53
INV10416,CUST1072,2023-10-03 00:00:00,2,534.07,1068.14
INV10416,CUST1072,2023-10-03 00:00:00,4,97.51,390.04
INV10416,CUST1072,2023-10-03 00:00:00,2,512.94,1025.88
INV10417,CUST1072,2023-11-13 00:00:00,6,60.48,362.88
INV10418,CUST1072,2023-03-21 00:00:00,6,166.8,1000.8
INV10418,CUST1072,2023-03-21 00:00:00,4,367.6,1470.4
INV10419,CUST1072,2023-08-07 00:00:00,3,280.85,842.55
INV10419,CUST1072,2023-08-07 00:00:00,4,467.32,1869.28
INV10419,CUST1072,2023-08-07 00:00:00,3,121.16,363.48
INV10419,CUST1072,2023-08-07 00:00:00,2,542.62,1085.24
INV10420,CUST1073,2023-01-21 00:00:00,2,43.46,86.92
INV10420,CUST1073,2023-01-21 00:00:00,6,51.43,308.58
INV10420,CUST1073,2023-01-21 00:00:00,3,104.71,314.13
INV10421,CUST1074,2022-12-31 00:00:00,2,142.96,285.92
INV10421,CUST1074,2022-12-31 00:00:00,6,75.06,450.36
INV10421,CUST1074,2022-12-31 00:00:00,3,128.14,384.42
INV10421,CUST1074,2022-12-31 00:00:00,6,112.73,676.38
INV10422,CUST1074,2023-03-08 00:00:00,2,126.58,253.16
INV10422,CUST1074,2023-03-08 00:00:00,2,133.8,267.6
INV10422,CUST1074,2023-03-08 00:00:00,6,49.98,299.88
INV10422,CUST1074,2023-03-08 00:00:00,6,15.39,92.34
INV10423,CUST1075,2023-01-09 00:00:00,1,20.68,20.68
INV10424,CUST1075,2023-01-09 00:00:00,10,12.7,127.0
INV10424,CUST1075,2023-01-09 00:00:00,4,47.01,188.04
INV10425,CUST1076,2023-03-26 00:00:00,3,111.41,334.23
INV10425,CUST1076,2023-03-26 00:00:00,1,139.53,139.53
INV10426,CUST1076,2023-03-15 00:00:00,2,146.75,293.5
INV10426,CUST1076,2023-03-15 00:00:00,6,118.93,713.58
INV10427,CUST1076,2023-01-06 00:00:00,10,29.85,298.5
INV10427,CUST1076,2023-01-06 00:00:00,3,162.45,487.35
INV10427,CUST1076,2023-01-06 00:00:00,4,160.22,640.88
INV10428,CUST1077,2023-07-14 00:00:00,1,188.81,188.81
INV10428,CUST1077,2023-07-14 00:00:00,2,326.06,652.12
INV10428,CUST1077,2023-07-14 00:00:00,3,142.18,426.54
INV10428,CUST1077,2023-07-14 00:00:00,10,273.62,2736.2
INV10429,CUST1077,2023-07-24 00:00:00,2,231.07,462.14
INV10429,CUST1077,2023-07-24 00:00:00,1,281.05,281.05
INV10429,CUST1077,2023-07-24 00:00:00,4,293.83,1175.32
INV10429,CUST1077,2023-07-24 00:00:00,3,346.8,1040.4
INV10430,CUST1077,2023-08-30 00:00:00,1,325.71,325.71
INV10431,CUST1077,2023-10-20 00:00:00,1,419.44,419.44
INV10431,CUST1077,2023-10-20 00:00:00,2,321.0,642.0
INV10431,CUST1077,2023-10-20 00:00:00,3,365.39,1096.17
INV10431,CUST1077,2023-10-20 00:00:00,2,334.27,668.54
INV10432,CUST1077,2023-08-06 00:00:00,1,42.72,42.72
INV10433,CUST1077,2023-06-24 00:00:00,1,174.05,174.05
INV10434,CUST1077,2023-03-23 00:00:00,4,95.53,382.12
INV10434,CUST1077,2023-03-23 00:00:00,1,322.65,322.65
INV10434,CUST1077,2023-03-23 00:00:00,4,310.07,1240.28
INV10434,CUST1077,2023-03-23 00:00:00,6,425.35,2552.1
INV10435,CUST1077,2023-10-06 00:00:00,3,231.33,693.99
INV10436,CUST1077,2023-09-01 00:00:00,4,190.34,761.36
INV10436,CUST1077,2023-09-01 00:00:00,3,356.48,1069.44
INV10436,CUST1077,2023-09-01 00:00:00,3,34.6,103.8
INV10436,CUST1077,2023-09-01 00:00:00,2,287.05,574.1
INV10437,CUST1077,2023-07-01 00:00:00,4,263.27,1053.08
INV10438,CUST1077,2023-01-05 00:00:00,1,252.96,252.96
INV10438,CUST1077,2023-01-05 00:00:00,3,209.24,627.72
INV10439,CUST1077,2023-03-02 00:00:00,10,79.31,793.1
INV10439,CUST1077,2023-03-02 00:00:00,10,260.65,2606.5
INV10439,CUST1077,2023-03-02 00:00:00,4,124.52,498.08
INV10439,CUST1077,2023-03-02 00:00:00,3,391.19,1173.57
INV10440,CUST1077,2023-07-15 00:00:00,4,290.85,1163.4
INV10440,CUST1077,2023-07-15 00:00:00,2,393.75,787.5
INV10440,CUST1077,2023-07-15 00:00:00,3,239.27,717.81
INV10441,CUST1077,2023-01-16 00:00:00,10,290.79,2907.9
INV10441,CUST1077,2023-01-16 00:00:00,3,385.09,1155.27
INV10441,CUST1077,2023-01-16 00:00:00,3,292.09,876.27
INV10442,CUST1077,2023-01-16 00:00:00,1,259.04,259.04
INV10442,CUST1077,2023-01-16 00:00:00,10,192.99,1929.9
INV10442,CUST1077,2023-01-16 00:00:00,6,177.23,1063.38
INV10442,CUST1077,2023-01-16 00:00:00,1,420.3,420.3
INV10443,CUST1078,2023-08-04 00:00:00,3,140.06,420.18
INV10443,CUST1078,2023-08-04 00:00:00,2,165.27,330.54
INV10444,CUST1078,2023-09-23 00:00:00,6,47.05,282.3
INV10444,CUST1078,2023-09-23 00:00:00,10,145.98,1459.8
INV10445,CUST1078,2023-05-24 00:00:00,10,263.85,2638.5
INV10445,CUST1078,2023-05-24 00:00:00,10,279.42,2794.2
INV10445,CUST1078,2023-05-24 00:00:00,10,220.45,2204.5
INV10445,CUST1078,2023-05-24 00:00:00,4,114.49,457.96
INV10446,,2023-03-24 00:00:00,1,27.18,27.18
INV10447,CUST1078,2023-08-11 00:00:00,2,82.21,164.42
INV10448,CUST1078,2023-10-06 00:00:00,6,344.31,2065.86
INV10448,CUST1078,2023-10-06 00:00:00,1,265.29,265.29
INV10449,CUST1078,2023-03-07 00:00:00,4,47.68,190.72
INV10450,CUST1078,2023-01-19 00:00:00,1,266.03,266.03
INV10450,CUST1078,2023-01-19 00:00:00,2,117.64,235.28
INV10451,CUST1078,2023-07-30 00:00:00,10,70.6,706.0
INV10451,CUST1078,2023-07-30 00:00:00,3,48.19,144.57
INV10452,CUST1079,2023-07-17 00:00:00,3,266.95,800.85
INV10452,CUST1079,2023-07-17 00:00:00,2,130.13,260.26
INV10452,CUST1079,2023-07-17 00:00:00,2,297.72,595.44
INV10452,CUST1079,2023-07-17 00:00:00,10,123.79,1237.9
INV10453,CUST1079,2023-03-21 00:00:00,1,285.54,285.54
INV10454,CUST1079,2023-01-20 00:00:00,3,131.55,394.65
INV10455,CUST1079,2023-03-29 00:00:00,4,391.03,1564.12
INV10456,CUST1079,2023-07-11 00:00:00,2,262.57,525.14
INV10457,CUST1079,2023-01-31 00:00:00,3,366.55,1099.65
INV10457,CUST1079,2023-01-31 00:00:00,3,324.04,972.12
INV10458,CUST1079,2023-09-05 00:00:00,1,46.82,46.82
INV10458,CUST1079,2023-09-05 00:00:00,1,33.34,33.34
INV10459,CUST1079,2023-10-05 00:00:00,1,235.58,235.58
INV10459,CUST1079,2023-10-05 00:00:00,3,395.19,1185.57
INV10459,CUST1079,2023-10-05 00:00:00,4,306.15,1224.6
INV10460,CUST1079,2023-10-27 00:00:00,10,402.65,4026.5
INV10460,CUST1079,2023-10-27 00:00:00,1,218.71,218.71
INV10461,CUST1079,2023-03-04 00:00:00,2,63.01,126.02
INV10461,CUST1079,2023-03-04 00:00:00,3,59.81,179.43
INV10462,CUST1079,2023-03-16 00:00:00,6,224.35,1346.1
INV10462,CUST1079,2023-03-16 00:00:00,3,30.91,92.73
INV10462,CUST1079,2023-03-16 00:00:00,4,262.97,1051.88
INV10462,CUST1079,2023-03-16 00:00:00,1,285.01,285.01
INV10463,CUST1079,2023-05-14 00:00:00,1,341.73,341.73
INV10464,CUST1079,2023-08-23 00:00:00,-4,32.71,130.84
INV10464,CUST1079,2023-08-23 00:00:00,1,109.78,109.78
INV10464,CUST1079,2023-08-23 00:00:00,6,57.06,342.36
INV10464,CUST1079,2023-08-23 00:00:00,2,51.45,102.9
INV10465,CUST1080,2023-01-11 00:00:00,3,101.31,303.93
INV10466,CUST1081,2023-08-17 00:00:00,4,236.87,947.48
INV10466,CUST1081,2023-08-17 00:00:00,6,202.44,1214.64
INV10466,CUST1081,2023-08-17 00:00:00,3,162.35,487.05
INV10467,CUST1081,2023-02-04 00:00:00,3,139.86,419.58
INV10467,CUST1081,2023-02-04 00:00:00,3,198.66,595.98
INV10467,CUST1081,2023-02-04 00:00:00,1,234.05,234.05
INV10468,CUST1082,2023-01-19 00:00:00,10,202.02,2020.2
INV10469,CUST1082,2023-09-04 00:00:00,-6,104.73,628.38
INV10469,CUST1082,2023-09-04 00:00:00,2,69.38,138.76
INV10469,CUST1082,2023-09-04 00:00:00,4,196.34,785.36
INV10470,CUST1082,2023-05-15 00:00:00,2,156.35,312.7
INV10470,CUST1082,2023-05-15 00:00:00,6,185.57,1113.42
INV10470,CUST1082,2023-05-15 00:00:00,2,194.41,388.82
INV10470,CUST1082,2023-05-15 00:00:00,10,185.81,1858.1
INV10471,CUST1082,2023-04-27 00:00:00,6,80.8,484.8
INV10472,CUST1082,2023-02-16 00:00:00,6,117.35,704.1
INV10472,CUST1082,2023-02-16 00:00:00,4,61.06,244.24
INV10472,CUST1082,2023-02-16 00:00:00,1,181.33,181.33
INV10473,CUST1082,2023-03-02 00:00:00,1,215.95,215.95
INV10474,CUST1082,2023-06-19 00:00:00,2,219.96,439.92
INV10475,CUST1082,2023-03-02 00:00:00,3,192.1,576.3
INV10475,CUST1082,2023-03-02 00:00:00,4,112.29,449.16
INV10475,CUST1082,2023-03-02 00:00:00,4,78.23,312.92
INV10476,CUST1082,2023-04-17 00:00:00,4,111.66,446.64
INV10476,CUST1082,2023-04-17 00:00:00,2,131.67,263.34
INV10476,CUST1082,2023-04-17 00:00:00,6,176.57,1059.42
INV10476,CUST1082,2023-04-17 00:00:00,2,195.23,390.46
INV10477,CUST1082,2023-05-30 00:00:00,10,213.72,2137.2
INV10478,CUST1083,2023-05-17 00:00:00,1,87.46,87.46
INV10479,CUST1083,2023-08-29 00:00:00,10,347.94,3479.4
INV10479,CUST1083,2023-08-29 00:00:00,6,439.08,2634.48
INV10479,CUST1083,2023-08-29 00:00:00,1,244.2,244.2
INV10480,CUST1083,2023-02-06 00:00:00,10,215.54,2155.4
INV10480,CUST1083,2023-02-06 00:00:00,6,283.1,1698.6
INV10480,CUST1083,2023-02-06 00:00:00,10,267.68,2676.8
INV10481,CUST1083,2023-08-26 00:00:00,6,138.88,833.28
INV10481,CUST1083,2023-08-26 00:00:00,6,463.6,2781.6
INV10481,CUST1083,2023-08-26 00:00:00,10,505.08,5050.8
INV10482,CUST1083,2023-09-13 00:00:00,10,90.93,909.3
INV10482,CUST1083,2023-09-13 00:00:00,1,284.92,284.92
INV10483,CUST1083,2023-08-16 00:00:00,4,383.46,1533.84
INV10483,CUST1083,2023-08-16 00:00:00,2,346.54,693.08
INV10484,CUST1083,2023-11-18 00:00:00,10,139.85,1398.5
INV10484,CUST1083,2023-11-18 00:00:00,10,198.91,1989.1
INV10484,CUST1083,2023-11-18 00:00:00,10,170.72,1707.2
INV10485,CUST1083,2023-07-17 00:00:00,3,368.64,1105.92
INV10485,CUST1083,2023-07-17 00:00:00,1,293.57,293.57
INV10485,CUST1083,2023-07-17 00:00:00,3,440.27,1320.81
INV10485,CUST1083,2023-07-17 00:00:00,2,142.64,285.28
INV10486,CUST1083,2023-07-28 00:00:00,1,412.37,412.37
INV10486,CUST1083,2023-07-28 00:00:00,6,450.63,2703.78
INV10487,CUST1083,2023-04-15 00:00:00,6,239.75,1438.5
INV10487,CUST1083,2023-04-15 00:00:00,2,342.47,684.94
INV10487,CUST1083,2023-04-15 00:00:00,6,271.82,1630.92
INV10487,CUST1083,2023-04-15 00:00:00,1,440.23,440.23
INV10488,CUST1083,2023-02-05 00:00:00,6,497.48,2984.88
INV10489,CUST1083,2023-10-15 00:00:00,3,82.42,247.26
INV10490,CUST1084,2023-08-10 00:00:00,2,87.68,175.36
INV10490,CUST1084,2023-08-10 00:00:00,1,216.78,216.78
INV10490,CUST1084,2023-08-10 00:00:00,1,163.94,163.94
INV10491,CUST1084,2023-01-18 00:00:00,1,255.35,255.35
INV10492,CUST1084,2023-08-09 00:00:00,10,157.16,1571.6
INV10493,CUST1084,2023-07-11 00:00:00,1,257.62,257.62
INV10493,CUST1084,2023-07-11 00:00:00,3,22.9,68.7
INV10494,CUST1084,2023-11-05 00:00:00,2,262.81,525.62
INV10495,CUST1084,2023-10-18 00:00:00,10,148.71,1487.1
INV10495,CUST1084,2023-10-18 00:00:00,1,219.95,219.95
INV10496,CUST1084,2023-01-04 00:00:00,4,194.36,777.44
INV10496,CUST1084,2023-01-04 00:00:00,6,140.94,845.64
INV10496,CUST1084,2023-01-04 00:00:00,6,236.35,1418.1
INV10496,CUST1084,2023-01-04 00:00:00,4,288.57,1154.28
INV10497,CUST1084,2023-08-04 00:00:00,6,139.83,838.98
INV10497,CUST1084,2023-08-04 00:00:00,3,113.94,341.82
INV10498,CUST1084,2023-01-19 00:00:00,3,210.11,630.33
INV10498,CUST1084,2023-01-19 00:00:00,4,144.65,578.6
INV10498,CUST1084,2023-01-19 00:00:00,4,31.53,126.12
INV10498,CUST1084,2023-01-19 00:00:00,3,270.24,810.72
INV10499,CUST1085,2023-10-18 00:00:00,4,202.88,811.52
INV10500,CUST1085,2023-01-23 00:00:00,1,188.18,188.18
INV10500,CUST1085,2023-01-23 00:00:00,1,188.96,188.96
INV10500,CUST1085,2023-01-23 00:00:00,6,170.89,1025.34
INV10500,CUST1085,2023-01-23 00:00:00,10,252.21,2522.1
INV10501,CUST1085,2023-01-26 00:00:00,1,24.82,24.82
INV10501,CUST1085,2023-01-26 00:00:00,3,199.56,598.68
INV10501,CUST1085,2023-01-26 00:00:00,6,132.11,792.66
INV10501,CUST1085,2023-01-26 00:00:00,4,76.84,307.36
INV10502,CUST1085,2023-04-30 00:00:00,6,66.37,398.22
INV10502,CUST1085,2023-04-30 00:00:00,3,145.54,436.62
INV10503,CUST1085,2023-02-17 00:00:00,6,176.83,1060.98
INV10503,CUST1085,2023-02-17 00:00:00,10,65.73,657.3
INV10504,CUST1085,2023-06-19 00:00:00,6,226.19,1357.14
INV10505,CUST1085,2023-11-20 00:00:00,3,74.07,222.21
INV10505,CUST1085,2023-11-20 00:00:00,6,82.59,495.54
INV10505,CUST1085,2023-11-20 00:00:00,10,271.14,2711.4
INV10505,CUST1085,2023-11-20 00:00:00,2,166.85,333.7
INV10506,CUST1085,2023-05-13 00:00:00,1,189.24,189.24
INV10506,CUST1085,2023-05-13 00:00:00,2,131.01,262.02
INV10506,CUST1085,2023-05-13 00:00:00,2,150.62,301.24
INV10506,CUST1085,2023-05-13 00:00:00,10,250.26,2502.6
INV10507,CUST1085,2023-10-05 00:00:00,1,96.76,96.76
INV10507,CUST1085,2023-10-05 00:00:00,10,236.41,2364.1
INV10508,CUST1085,2023-10-06 00:00:00,10,98.34,983.4
INV10509,CUST1086,2023-04-08 00:00:00,10,13.62,136.2
INV10509,CUST1086,2023-04-08 00:00:00,6,89.69,538.14
INV10509,CUST1086,2023-04-08 00:00:00,4,53.93,215.72
INV10509,CUST1086,2023-04-08 00:00:00,10,86.83,868.3
INV10510,CUST1087,2023-06-17 00:00:00,1,116.02,116.02
INV10510,CUST1087,2023-06-17 00:00:00,10,22.78,227.8
INV10510,CUST1087,2023-06-17 00:00:00,6,208.01,1248.06
INV10510,CUST1087,2023-06-17 00:00:00,6,152.01,912.06
INV10511,CUST1087,2023-01-27 00:00:00,10,108.44,1084.4
INV10511,CUST1087,2023-01-27 00:00:00,10,207.93,2079.3
INV10512,CUST1088,2023-01-13 00:00:00,2,108.93,217.86
INV10512,CUST1088,2023-01-13 00:00:00,3,105.11,315.33
INV10513,CUST1088,2023-02-21 00:00:00,3,127.24,381.72
INV10513,CUST1088,2023-02-21 00:00:00,3,119.47,358.41
INV10513,CUST1088,2023-02-21 00:00:00,3,104.39,313.17
INV10513,CUST1088,2023-02-21 00:00:00,2,9.17,18.34
INV10514,CUST1088,2023-02-24 00:00:00,6,46.31,277.86
INV10514,CUST1088,2023-02-24 00:00:00,3,11.16,33.48
INV10514,CUST1088,2023-02-24 00:00:00,3,109.44,328.32
INV10515,CUST1089,2023-02-20 00:00:00,3,9.93,29.79
INV10516,CUST1089,2023-08-29 00:00:00,4,12.57,50.28
INV10517,CUST1090,2023-01-22 00:00:00,2,230.37,460.74
INV10518,CUST1090,2023-10-22 00:00:00,6,412.93,2477.58
INV10519,CUST1090,2023-07-11 00:00:00,2,104.64,209.28
INV10519,CUST1090,2023-07-11 00:00:00,1,149.74,149.74
INV10520,CUST1090,2023-06-01 00:00:00,3,498.9,1496.7
INV10520,CUST1090,2023-06-01 00:00:00,4,298.72,1194.88
INV10520,CUST1090,2023-06-01 00:00:00,3,269.61,808.83
INV10521,CUST1090,2023-08-02 00:00:00,2,359.47,718.94
INV10521,CUST1090,2023-08-02 00:00:00,1,265.56,265.56
INV10521,CUST1090,2023-08-02 00:00:00,10,331.37,3313.7
INV10521,CUST1090,2023-08-02 00:00:00,3,508.9,1526.7
INV10522,CUST1090,2023-06-23 00:00:00,3,373.44,1120.32
INV10522,CUST1090,2023-06-23 00:00:00,2,90.49,180.98
INV10523,CUST1090,2023-10-15 00:00:00,4,285.1,1140.4
INV10524,CUST1090,2023-10-31 00:00:00,1,359.04,359.04
INV10524,CUST1090,2023-10-31 00:00:00,2,312.19,624.38
INV10524,CUST1090,2023-10-31 00:00:00,1,352.7,352.7
INV10525,CUST1090,2023-04-13 00:00:00,4,56.73,226.92
INV10526,CUST1090,2023-05-01 00:00:00,1,453.14,453.14
INV10526,CUST1090,2023-05-01 00:00:00,10,65.83,658.3
INV10526,CUST1090,2023-05-01 00:00:00,2,424.09,848.18
INV10527,CUST1090,2023-10-31 00:00:00,4,262.42,1049.68
INV10527,CUST1090,2023-10-31 00:00:00,4,514.74,2058.96
INV10527,CUST1090,2023-10-31 00:00:00,3,354.25,1062.75
INV10528,CUST1090,2023-09-30 00:00:00,6,112.25,673.5
INV10528,CUST1090,2023-09-30 00:00:00,6,451.36,2708.16
INV10529,CUST1090,2023-02-10 00:00:00,10,326.4,3264.0
INV10529,CUST1090,2023-02-10 00:00:00,4,212.59,850.36
INV10529,CUST1090,2023-02-10 00:00:00,10,385.96,3859.6
INV10529,CUST1090,2023-02-10 00:00:00,6,246.7,1480.2
INV10530,CUST1090,2023-06-03 00:00:00,4,474.88,1899.52
INV10530,CUST1090,2023-06-03 00:00:00,10,364.23,3642.3
INV10530,CUST1090,2023-06-03 00:00:00,6,522.36,3134.16
INV10530,CUST1090,2023-06-03 00:00:00,3,403.31,1209.93
INV10531,CUST1090,2023-10-02 00:00:00,1,532.85,532.85
INV10531,CUST1090,2023-10-02 00:00:00,4,143.43,573.72
INV10531,CUST1090,2023-10-02 00:00:00,1,346.07,346.07
INV10531,CUST1090,2023-10-02 00:00:00,1,267.48,267.48
INV10532,CUST1090,2023-09-25 00:00:00,10,99.41,994.1
INV10533,CUST1090,2023-05-12 00:00:00,4,442.97,1771.88
INV10534,CUST1090,2023-10-26 00:00:00,10,188.22,1882.2
INV10534,CUST1090,2023-10-26 00:00:00,10,227.88,2278.8
INV10535,CUST1091,2023-05-22 00:00:00,4,11.86,47.44
INV10535,CUST1091,2023-05-22 00:00:00,2,13.69,27.38
INV10535,CUST1091,2023-05-22 00:00:00,6,56.29,337.74
INV10536,CUST1091,2023-05-19 00:00:00,1,97.28,97.28
INV10536,CUST1091,2023-05-19 00:00:00,4,32.74,130.96
INV10537,CUST1092,2023-02-13 00:00:00,4,126.29,505.16
INV10537,CUST1092,2023-02-13 00:00:00,4,60.01,240.04
INV10538,CUST1092,2023-01-12 00:00:00,4,39.65,158.6
INV10539,CUST1092,2023-02-20 00:00:00,2,58.23,116.46
INV10539,CUST1092,2023-02-20 00:00:00,10,78.18,781.8
INV10539,CUST1092,2023-02-20 00:00:00,3,89.27,267.81
INV10539,CUST1092,2023-02-20 00:00:00,10,29.33,293.3
INV10540,CUST1093,2023-04-28 00:00:00,3,13.63,40.89
INV10540,CUST1093,2023-04-28 00:00:00,4,102.22,408.88
INV10540,CUST1093,2023-04-28 00:00:00,1,93.79,93.79
INV10540,CUST1093,2023-04-28 00:00:00,2,163.36,326.72
INV10541,CUST1093,2023-09-07 00:00:00,2,96.84,193.68
INV10542,CUST1094,2023-02-12 00:00:00,1,125.41,125.41
INV10542,CUST1094,2023-02-12 00:00:00,6,142.5,855.0
INV10542,CUST1094,2023-02-12 00:00:00,1,135.91,135.91
INV10542,,2023-02-12 00:00:00,2,35.81,71.62
INV10543,CUST1095,2023-01-21 00:00:00,10,196.33,1963.3
INV10543,CUST1095,2023-01-21 00:00:00,1,200.99,200.99
INV10543,CUST1095,2023-01-21 00:00:00,2,42.01,84.02
INV10543,CUST1095,2023-01-21 00:00:00,4,105.23,420.92
INV10544,CUST1095,2023-05-09 00:00:00,6,207.48,1244.88
INV10544,CUST1095,2023-05-09 00:00:00,1,53.29,53.29
INV10545,CUST1096,2023-01-07 00:00:00,10,58.17,581.7
INV10545,CUST1096,2023-01-07 00:00:00,1,157.0,157.0
INV10546,CUST1096,2023-06-15 00:00:00,10,178.84,1788.4
INV10546,CUST1096,2023-06-15 00:00:00,6,67.6,405.6
INV10547,CUST1096,2023-08-10 00:00:00,10,173.24,1732.4
INV10548,CUST1097,2023-08-20 00:00:00,1,295.28,295.28
INV10548,CUST1097,2023-08-20 00:00:00,3,348.08,1044.24
INV10549,CUST1097,2023-02-17 00:00:00,4,216.44,865.76
INV10549,CUST1097,2023-02-17 00:00:00,6,298.83,1792.98
INV10549,CUST1097,2023-02-17 00:00:00,10,365.18,3651.8
INV10550,CUST1097,2023-06-26 00:00:00,10,203.79,2037.9
INV10551,CUST1097,2023-08-08 00:00:00,10,283.58,2835.8
INV10551,CUST1097,2023-08-08 00:00:00,6,324.58,1947.48
INV10551,CUST1097,2023-08-08 00:00:00,2,43.05,86.1
INV10552,CUST1097,2023-04-09 00:00:00,10,116.04,1160.4
INV10553,CUST1097,2023-01-31 00:00:00,2,106.29,212.58
INV10553,CUST1097,2023-01-31 00:00:00,3,38.41,115.23
INV10553,CUST1097,2023-01-31 00:00:00,10,234.75,2347.5
INV10553,CUST1097,2023-01-31 00:00:00,3,106.66,319.98
INV10554,CUST1097,2023-04-27 00:00:00,6,185.26,1111.56
INV10555,CUST1097,2023-04-25 00:00:00,2,286.6,573.2
INV10555,CUST1097,2023-04-25 00:00:00,1,267.18,267.18
INV10555,CUST1097,2023-04-25 00:00:00,6,289.7,1738.2
INV10555,CUST1097,2023-04-25 00:00:00,6,268.58,1611.48
INV10556,CUST1097,2023-02-04 00:00:00,6,287.45,1724.7
INV10556,CUST1097,2023-02-04 00:00:00,1,200.52,200.52
INV10556,CUST1097,2023-02-04 00:00:00,4,255.45,1021.8
INV10557,CUST1097,2023-05-04 00:00:00,4,197.31,789.24
INV10557,CUST1097,2023-05-04 00:00:00,4,120.55,482.2
INV10558,CUST1098,2023-12-22 00:00:00,3,473.41,1420.23
INV10558,CUST1098,2023-12-22 00:00:00,1,233.75,233.75
INV10558,CUST1098,2023-12-22 00:00:00,4,456.69,1826.76
INV10558,CUST1098,2023-12-22 00:00:00,10,565.91,5659.1
INV10559,CUST1098,2023-10-12 00:00:00,10,440.07,4400.7
INV10559,CUST1098,2023-10-12 00:00:00,3,500.78,1502.34
INV10559,CUST1098,2023-10-12 00:00:00,10,72.83,728.3
INV10560,CUST1098,2023-09-11 00:00:00,1,161.91,161.91
INV10560,CUST1098,2023-09-11 00:00:00,2,429.61,859.22
INV10560,CUST1098,2023-09-11 00:00:00,6,520.07,3120.42
INV10561,CUST1098,2023-10-28 00:00:00,10,78.94,789.4
INV10561,CUST1098,2023-10-28 00:00:00,6,470.94,2825.64
INV10562,CUST1098,2023-02-16 00:00:00,1,203.23,203.23
INV10562,CUST1098,2023-02-16 00:00:00,3,238.96,716.88
INV10562,CUST1098,2023-02-16 00:00:00,1,231.57,231.57
INV10562,CUST1098,2023-02-16 00:00:00,2,424.14,848.28
INV10563,CUST1098,2023-01-18 00:00:00,4,383.65,1534.6
INV10563,CUST1098,2023-01-18 00:00:00,10,430.24,4302.4
INV10563,CUST1098,2023-01-18 00:00:00,10,210.6,2106.0
INV10564,CUST1098,2023-11-15 00:00:00,6,548.63,3291.78
INV10564,CUST1098,2023-11-15 00:00:00,4,242.02,968.08
INV10564,CUST1098,2023-11-15 00:00:00,1,202.55,202.55
INV10565,CUST1098,2023-10-26 00:00:00,4,430.02,1720.08
INV10566,CUST1098,2023-09-09 00:00:00,4,609.02,2436.08
INV10566,CUST1098,2023-09-09 00:00:00,2,200.55,401.1
INV10566,CUST1098,2023-09-09 00:00:00,10,86.27,862.7
INV10566,CUST1098,2023-09-09 00:00:00,3,528.37,1585.11
INV10567,CUST1098,2023-05-27 00:00:00,1,577.68,577.68
INV10567,CUST1098,2023-05-27 00:00:00,2,573.75,1147.5
INV10567,CUST1098,2023-05-27 00:00:00,4,135.58,542.32
INV10567,CUST1098,2023-05-27 00:00:00,4,197.57,790.28
INV10568,CUST1098,2023-08-03 00:00:00,1,564.91,564.91
INV10569,CUST1098,2023-10-17 00:00:00,10,75.46,754.6
INV10569,CUST1098,2023-10-17 00:00:00,1,471.94,471.94
INV10570,CUST1098,2023-12-13 00:00:00,3,209.8,629.4
INV10570,CUST1098,2023-12-13 00:00:00,3,475.31,1425.93
INV10570,CUST1098,2023-12-13 00:00:00,1,44.93,44.93
INV10571,CUST1098,2023-09-09 00:00:00,4,276.89,1107.56
INV10572,CUST1098,2023-07-14 00:00:00,2,554.78,1109.56
INV10572,CUST1098,2023-07-14 00:00:00,4,221.06,884.24
INV10572,CUST1098,2023-07-14 00:00:00,1,293.45,293.45
INV10573,CUST1098,2023-10-18 00:00:00,3,237.25,711.75
INV10573,CUST1098,2023-10-18 00:00:00,1,536.17,536.17
INV10574,CUST1099,2023-02-19 00:00:00,2,126.51,253.02
INV10575,CUST1099,2023-02-11 00:00:00,6,223.15,1338.9
INV10576,CUST1099,2023-10-01 00:00:00,3,141.51,424.53
INV10577,CUST1099,2023-02-10 00:00:00,4,222.4,889.6
INV10577,CUST1099,2023-02-10 00:00:00,6,304.02,1824.12
INV10577,CUST1099,2023-02-10 00:00:00,10,202.55,2025.5
INV10578,CUST1099,2023-06-01 00:00:00,2,215.31,430.62
INV10578,CUST1099,2023-06-01 00:00:00,4,28.02,112.08
INV10578,CUST1099,2023-06-01 00:00:00,3,297.2,891.6
INV10579,CUST1099,2023-12-05 00:00:00,6,50.11,300.66
INV10579,CUST1099,2023-12-05 00:00:00,6,64.77,388.62
INV10580,CUST1099,2023-04-17 00:00:00,6,101.42,608.52
INV10580,CUST1099,2023-04-17 00:00:00,3,226.98,680.94
INV10581,CUST1099,2023-06-05 00:00:00,10,318.49,3184.9
INV10581,CUST1099,2023-06-05 00:00:00,4,59.51,238.04
INV10581,CUST1099,2023-06-05 00:00:00,2,293.29,586.58
INV10582,CUST1099,2023-05-04 00:00:00,10,112.8,1128.0
INV10582,CUST1099,2023-05-04 00:00:00,2,171.24,342.48
INV10583,CUST1099,2023-07-01 00:00:00,4,33.62,134.48
INV10583,CUST1099,2023-07-01 00:00:00,1,180.34,180.34
INV10583,CUST1099,2023-07-01 00:00:00,6,233.49,1400.94
INV10584,CUST1099,2023-01-23 00:00:00,2,146.71,293.42
INV10585,CUST1100,2023-07-04 00:00:00,6,490.87,2945.22
INV10585,CUST1100,2023-07-04 00:00:00,10,497.55,4975.5
INV10585,CUST1100,2023-07-04 00:00:00,1,356.65,356.65
INV10586,CUST1100,2023-07-29 00:00:00,10,305.25,3052.5
INV10587,CUST1100,2023-09-30 00:00:00,10,361.4,3614.0
INV10588,CUST1100,2023-12-03 00:00:00,6,367.52,2205.12
INV10588,CUST1100,2023-12-03 00:00:00,6,258.69,1552.14
INV10588,CUST1100,2023-12-03 00:00:00,1,196.94,196.94
INV10589,CUST1100,2023-07-07 00:00:00,10,425.79,4257.9
INV10589,CUST1100,2023-07-07 00:00:00,2,428.44,856.88
INV10589,CUST1100,2023-07-07 00:00:00,1,381.82,381.82
INV10589,CUST1100,2023-07-07 00:00:00,6,217.39,1304.34
INV10590,CUST1100,2023-06-02 00:00:00,2,591.4,1182.8
INV10590,CUST1100,2023-06-02 00:00:00,1,566.98,566.98
INV10590,CUST1100,2023-06-02 00:00:00,10,79.35,793.5
INV10591,CUST1100,2023-11-03 00:00:00,3,479.32,1437.96
INV10591,CUST1100,2023-11-03 00:00:00,4,433.81,1735.24
INV10591,CUST1100,2023-11-03 00:00:00,3,241.7,725.1
INV10592,CUST1100,2023-09-08 00:00:00,2,513.4,1026.8
INV10592,CUST1100,2023-09-08 00:00:00,6,289.07,1734.42
INV10592,CUST1100,2023-09-08 00:00:00,3,586.35,1759.05
INV10593,CUST1100,2023-03-04 00:00:00,6,342.1,2052.6
INV10593,CUST1100,2023-03-04 00:00:00,10,198.27,1982.7
INV10593,CUST1100,2023-03-04 00:00:00,10,143.63,1436.3
INV10593,CUST1100,2023-03-04 00:00:00,3,57.06,171.18
INV10594,CUST1100,2023-06-10 00:00:00,6,165.36,992.16
INV10594,CUST1100,2023-06-10 00:00:00,6,443.33,2659.98
INV10594,CUST1100,2023-06-10 00:00:00,3,171.77,515.31
INV10594,,2023-06-10 00:00:00,3,189.33,567.99
INV10595,CUST1100,2023-11-02 00:00:00,4,560.35,2241.4
INV10595,CUST1100,2023-11-02 00:00:00,2,220.1,440.2
INV10596,CUST1100,2023-03-06 00:00:00,10,341.89,3418.9
INV10596,CUST1100,2023-03-06 00:00:00,6,483.51,2901.06
INV10597,CUST1101,2023-06-08 00:00:00,6,18.08,108.48
INV10597,CUST1101,2023-06-08 00:00:00,2,70.18,140.36
INV10597,CUST1101,2023-06-08 00:00:00,4,102.45,409.8
INV10598,CUST1101,2023-11-22 00:00:00,2,208.24,416.48
INV10598,CUST1101,2023-11-22 00:00:00,2,133.16,266.32
INV10598,CUST1101,2023-11-22 00:00:00,6,221.29,1327.74
INV10598,CUST1101,2023-11-22 00:00:00,10,90.21,902.1
INV10599,CUST1101,2023-01-09 00:00:00,3,178.36,535.08
INV10599,CUST1101,2023-01-09 00:00:00,4,90.01,360.04
INV10600,CUST1102,2023-03-28 00:00:00,10,105.67,1056.7
INV10600,CUST1102,2023-03-28 00:00:00,1,97.34,97.34
INV10600,CUST1102,2023-03-28 00:00:00,3,108.52,325.56
INV10600,CUST1102,2023-03-28 00:00:00,2,20.06,40.12
INV10601,CUST1102,2023-08-13 00:00:00,10,156.74,1567.4
INV10601,CUST1102,2023-08-13 00:00:00,1,77.58,77.58
INV10601,CUST1102,2023-08-13 00:00:00,1,52.13,52.13
INV10602,CUST1102,2023-08-06 00:00:00,6,78.15,468.9
INV10603,CUST1102,2023-02-14 00:00:00,10,174.95,1749.5
INV10603,CUST1102,2023-02-14 00:00:00,2,50.02,100.04
INV10603,CUST1102,2023-02-14 00:00:00,1,179.27,179.27
INV10604,CUST1102,2023-07-26 00:00:00,1,25.55,25.55
INV10604,CUST1102,2023-07-26 00:00:00,3,139.08,417.24
INV10604,CUST1102,2023-07-26 00:00:00,2,30.59,61.18
INV10605,CUST1103,2023-05-21 00:00:00,1,69.13,69.13
INV10606,CUST1103,2023-10-18 00:00:00,4,24.5,98.0
INV10606,CUST1103,2023-10-18 00:00:00,2,27.85,55.7
INV10607,CUST1103,2023-01-24 00:00:00,1,18.51,18.51
INV10607,CUST1103,2023-01-24 00:00:00,3,22.84,68.52
INV10607,CUST1103,2023-01-24 00:00:00,2,232.37,464.74
INV10607,CUST1103,2023-01-24 00:00:00,1,196.0,196.0
INV10608,CUST1104,2023-01-04 00:00:00,6,47.51,285.06
INV10608,CUST1104,2023-01-04 00:00:00,10,45.87,458.7
INV10608,CUST1104,2023-01-04 00:00:00,3,45.21,135.63
INV10608,CUST1104,2023-01-04 00:00:00,10,19.81,198.1
INV10609,CUST1104,2023-01-04 00:00:00,6,67.34,404.04
INV10609,CUST1104,2023-01-04 00:00:00,1,21.85,21.85
INV10609,CUST1104,2023-01-04 00:00:00,1,22.17,22.17
INV10609,CUST1104,2023-01-04 00:00:00,6,11.85,71.1
INV10610,CUST1104,2023-01-06 00:00:00,4,38.86,155.44
INV10610,CUST1104,2023-01-06 00:00:00,6,52.0,312.0
INV10610,CUST1104,2023-01-06 00:00:00,6,11.55,69.3
INV10610,CUST1104,2023-01-06 00:00:00,10,61.39,613.9
INV10611,CUST1105,2023-01-05 00:00:00,4,197.16,788.64
INV10611,CUST1105,2023-01-05 00:00:00,4,59.98,239.92
INV10611,CUST1105,2023-01-05 00:00:00,2,72.14,144.28
INV10612,CUST1105,2023-05-05 00:00:00,4,159.44,637.76
INV10612,CUST1105,2023-05-05 00:00:00,1,87.5,87.5
INV10612,CUST1105,2023-05-05 00:00:00,4,123.45,493.8
INV10613,CUST1105,2023-03-07 00:00:00,2,33.01,66.02
INV10613,CUST1105,2023-03-07 00:00:00,4,169.08,676.32
INV10613,CUST1105,2023-03-07 00:00:00,3,198.02,594.06
INV10613,CUST1105,2023-03-07 00:00:00,6,81.92,491.52
INV10614,CUST1105,2023-03-10 00:00:00,10,105.31,1053.1
INV10614,CUST1105,2023-03-10 00:00:00,4,49.86,199.44
INV10614,CUST1105,2023-03-10 00:00:00,3,124.37,373.11
INV10614,CUST1105,2023-03-10 00:00:00,10,243.87,2438.7
INV10615,CUST1105,2023-05-22 00:00:00,4,45.61,182.44
INV10616,CUST1105,2023-10-12 00:00:00,10,156.28,1562.8
INV10616,CUST1105,2023-10-12 00:00:00,10,191.35,1913.5
INV10616,CUST1105,2023-10-12 00:00:00,6,273.41,1640.46
INV10616,CUST1105,2023-10-12 00:00:00,6,274.13,1644.78
INV10617,CUST1105,2023-07-03 00:00:00,4,270.19,1080.76
INV10617,CUST1105,2023-07-03 00:00:00,10,109.04,1090.4
INV10617,CUST1105,2023-07-03 00:00:00,3,167.27,501.81
INV10618,CUST1105,2023-04-11 00:00:00,3,272.22,816.66
INV10618,CUST1105,2023-04-11 00:00:00,2,130.31,260.62
INV10618,CUST1105,2023-04-11 00:00:00,2,128.54,257.08
INV10619,CUST1105,2023-01-17 00:00:00,10,24.47,244.7
INV10619,CUST1105,2023-01-17 00:00:00,3,90.27,270.81
INV10619,CUST1105,2023-01-17 00:00:00,3,161.7,485.1
INV10619,CUST1105,2023-01-17 00:00:00,4,173.81,695.24
INV10620,CUST1106,2023-03-24 00:00:00,3,227.73,683.19
INV10621,CUST1106,2023-09-02 00:00:00,6,179.2,1075.2
INV10621,CUST1106,2023-09-02 00:00:00,2,144.32,288.64
INV10621,CUST1106,2023-09-02 00:00:00,4,37.32,149.28
INV10621,CUST1106,2023-09-02 00:00:00,2,76.94,153.88
INV10622,CUST1106,2023-05-01 00:00:00,6,44.22,265.32
INV10622,CUST1106,2023-05-01 00:00:00,3,160.17,480.51
INV10622,CUST1106,2023-05-01 00:00:00,1,217.44,217.44
INV10623,CUST1106,2023-05-28 00:00:00,4,15.58,62.32
INV10623,CUST1106,2023-05-28 00:00:00,4,74.39,297.56
INV10624,CUST1106,2023-01-11 00:00:00,6,114.68,688.08
INV10624,CUST1106,2023-01-11 00:00:00,2,65.27,130.54
INV10624,CUST1106,2023-01-11 00:00:00,6,156.88,941.28
INV10624,CUST1106,2023-01-11 00:00:00,10,62.13,621.3
INV10625,CUST1106,2023-02-15 00:00:00,6,145.07,870.42
INV10625,CUST1106,2023-02-15 00:00:00,4,165.5,662.0
INV10625,CUST1106,2023-02-15 00:00:00,3,172.52,517.56
INV10625,CUST1106,2023-02-15 00:00:00,2,54.58,109.16
INV10626,CUST1106,2023-07-22 00:00:00,4,86.39,345.56
INV10626,CUST1106,2023-07-22 00:00:00,4,21.26,85.04
INV10627,CUST1106,2023-10-09 00:00:00,1,70.67,70.67
INV10627,CUST1106,2023-10-09 00:00:00,4,118.67,474.68
INV10627,CUST1106,2023-10-09 00:00:00,2,106.61,213.22
INV10627,CUST1106,2023-10-09 00:00:00,4,170.4,681.6
INV10628,CUST1106,2023-05-13 00:00:00,10,100.5,1005.0
INV10629,CUST1106,2023-10-04 00:00:00,6,138.84,833.04
INV10629,CUST1106,2023-10-04 00:00:00,6,20.58,123.48
INV10629,CUST1106,2023-10-04 00:00:00,6,30.16,180.96
INV10629,CUST1106,2023-10-04 00:00:00,10,195.15,1951.5
INV10630,CUST1106,2023-03-17 00:00:00,2,211.73,423.46
INV10630,CUST1106,2023-03-17 00:00:00,4,47.57,190.28
INV10631,CUST1107,2023-07-08 00:00:00,6,175.92,1055.52
INV10631,CUST1107,2023-07-08 00:00:00,1,68.67,68.67
INV10632,CUST1107,2023-02-07 00:00:00,4,184.18,736.72
INV10632,CUST1107,2023-02-07 00:00:00,3,58.85,176.55
INV10632,CUST1107,2023-02-07 00:00:00,6,62.17,373.02
INV10632,CUST1107,2023-02-07 00:00:00,3,180.27,540.81
INV10633,CUST1108,2023-08-31 00:00:00,6,93.97,563.82
INV10633,CUST1108,2023-08-31 00:00:00,4,225.9,903.6
INV10634,CUST1108,2023-01-20 00:00:00,4,163.63,654.52
INV10634,CUST1108,2023-01-20 00:00:00,6,219.1,1314.6
INV10634,CUST1108,2023-01-20 00:00:00,3,83.99,251.97
INV10635,CUST1108,2023-10-14 00:00:00,6,177.78,1066.68
INV10636,CUST1108,2023-02-26 00:00:00,3,49.83,149.49
INV10636,CUST1108,2023-02-26 00:00:00,10,138.79,1387.9
INV10636,CUST1108,2023-02-26 00:00:00,6,233.48,1400.88
INV10636,CUST1108,2023-02-26 00:00:00,3,220.13,660.39
INV10637,CUST1108,2023-02-14 00:00:00,1,103.34,103.34
INV10637,CUST1108,2023-02-14 00:00:00,2,153.95,307.9
INV10638,CUST1108,2023-04-21 00:00:00,1,87.66,87.66
INV10639,CUST1108,2023-08-22 00:00:00,10,116.97,1169.7
INV10639,CUST1108,2023-08-22 00:00:00,6,36.09,216.54
INV10639,CUST1108,2023-08-22 00:00:00,3,218.43,655.29
INV10640,CUST1108,2023-05-17 00:00:00,2,124.31,248.62
INV10640,CUST1108,2023-05-17 00:00:00,1,107.57,107.57
INV10640,CUST1108,2023-05-17 00:00:00,6,211.22,1267.32
INV10641,CUST1108,2023-11-18 00:00:00,3,98.94,296.82
INV10642,CUST1109,2023-06-06 00:00:00,6,158.33,949.98
INV10642,CUST1109,2023-06-06 00:00:00,4,239.97,959.88
INV10642,CUST1109,2023-06-06 00:00:00,3,386.79,1160.37
INV10642,CUST1109,2023-06-06 00:00:00,6,410.96,2465.76
INV10643,CUST1109,2023-06-22 00:00:00,10,182.84,1828.4
INV10644,CUST1109,2023-09-07 00:00:00,6,444.54,2667.24
INV10645,CUST1109,2023-05-30 00:00:00,4,300.33,1201.32
INV10645,CUST1109,2023-05-30 00:00:00,2,86.59,173.18
INV10645,CUST1109,2023-05-30 00:00:00,2,178.28,356.56
INV10645,CUST1109,2023-05-30 00:00:00,6,295.66,1773.96
INV10646,CUST1109,2023-12-07 00:00:00,3,436.08,1308.24
INV10646,CUST1109,2023-12-07 00:00:00,3,316.99,950.97
INV10646,CUST1109,2023-12-07 00:00:00,10,57.67,576.7
INV10646,CUST1109,2023-12-07 00:00:00,2,430.12,860.24
INV10647,CUST1109,2023-03-08 00:00:00,3,165.59,496.77
INV10647,CUST1109,2023-03-08 00:00:00,10,156.2,1562.0
INV10648,CUST1109,2023-05-11 00:00:00,2,108.72,217.44
INV10649,CUST1109,2023-01-06 00:00:00,3,99.93,299.79
INV10649,CUST1109,2023-01-06 00:00:00,3,472.42,1417.26
INV10649,CUST1109,2023-01-06 00:00:00,4,126.1,504.4
INV10649,CUST1109,2023-01-06 00:00:00,2,406.18,812.36
INV10650,CUST1109,2023-08-09 00:00:00,3,474.16,1422.48
INV10650,CUST1109,2023-08-09 00:00:00,10,387.82,3878.2
INV10650,CUST1109,2023-08-09 00:00:00,1,504.96,504.96
INV10651,CUST1109,2023-08-31 00:00:00,1,500.79,500.79
INV10651,CUST1109,2023-08-31 00:00:00,4,225.49,901.96
INV10652,CUST1109,2023-02-25 00:00:00,10,182.7,1827.0
INV10652,CUST1109,2023-02-25 00:00:00,4,485.44,1941.76
INV10652,CUST1109,2023-02-25 00:00:00,6,92.57,555.42
INV10653,CUST1109,2023-11-29 00:00:00,1,216.76,216.76
INV10653,CUST1109,2023-11-29 00:00:00,10,259.65,2596.5
INV10653,CUST1109,2023-11-29 00:00:00,1,278.56,278.56
INV10654,CUST1109,2023-01-27 00:00:00,10,275.36,2753.6
INV10654,CUST1109,2023-01-27 00:00:00,3,252.41,757.23
INV10654,CUST1109,2023-01-27 00:00:00,10,488.49,4884.9
INV10655,CUST1109,2023-07-07 00:00:00,10,460.62,4606.2
INV10655,CUST1109,2023-07-07 00:00:00,3,34.55,103.65
INV10655,CUST1109,2023-07-07 00:00:00,3,352.74,1058.22
INV10656,CUST1109,2023-10-24 00:00:00,4,225.98,903.92
INV10656,CUST1109,2023-10-24 00:00:00,1,488.23,488.23
INV10657,CUST1109,2023-03-24 00:00:00,2,129.82,259.64
INV10658,CUST1109,2023-01-31 00:00:00,1,324.82,324.82
INV10658,CUST1109,2023-01-31 00:00:00,6,88.12,528.72
INV10659,CUST1109,2023-02-22 00:00:00,1,112.88,112.88
INV10660,CUST1109,2023-06-22 00:00:00,4,388.77,1555.08
INV10660,CUST1109,2023-06-22 00:00:00,3,371.32,1113.96
INV10661,CUST1110,2023-06-12 00:00:00,6,113.89,683.34
INV10662,CUST1110,2023-03-29 00:00:00,3,64.44,193.32
INV10662,CUST1110,2023-03-29 00:00:00,4,26.47,105.88
INV10662,CUST1110,2023-03-29 00:00:00,3,116.66,349.98
INV10662,CUST1110,2023-03-29 00:00:00,1,82.15,82.15
INV10663,CUST1110,2023-11-21 00:00:00,3,88.56,265.68
INV10663,CUST1110,2023-11-21 00:00:00,4,120.46,481.84
INV10663,CUST1110,2023-11-21 00:00:00,10,145.18,1451.8
INV10664,CUST1110,2023-10-29 00:00:00,4,47.81,191.24
INV10665,CUST1110,2023-03-04 00:00:00,2,123.21,246.42
INV10665,CUST1110,2023-03-04 00:00:00,10,75.74,757.4
INV10665,CUST1110,2023-03-04 00:00:00,2,61.21,122.42
INV10666,CUST1110,2023-03-29 00:00:00,2,186.03,372.06
INV10667,CUST1110,2023-09-08 00:00:00,10,139.37,1393.7
INV10668,CUST1110,2023-05-21 00:00:00,10,95.01,950.1
INV10668,CUST1110,2023-05-21 00:00:00,2,114.53,229.06
INV10668,CUST1110,2023-05-21 00:00:00,6,14.39,86.34
INV10668,CUST1110,2023-05-21 00:00:00,2,97.08,194.16
INV10669,CUST1111,2023-06-24 00:00:00,1,322.35,322.35
INV10669,CUST1111,2023-06-24 00:00:00,4,302.06,1208.24
INV10669,CUST1111,2023-06-24 00:00:00,1,217.67,217.67
INV10670,CUST1111,2023-08-01 00:00:00,2,243.94,487.88
INV10670,CUST1111,2023-08-01 00:00:00,6,64.07,384.42
INV10670,CUST1111,2023-08-01 00:00:00,2,228.77,457.54
INV10671,CUST1111,2023-06-08 00:00:00,4,280.83,1123.32
INV10671,CUST1111,2023-06-08 00:00:00,2,175.27,350.54
INV10672,CUST1111,2023-08-23 00:00:00,3,306.14,918.42
INV10672,CUST1111,2023-08-23 00:00:00,2,114.54,229.08
INV10673,CUST1111,2023-08-20 00:00:00,10,98.75,987.5
INV10674,CUST1111,2023-07-15 00:00:00,1,176.23,176.23
INV10674,CUST1111,2023-07-15 00:00:00,6,165.58,993.48
INV10675,CUST1111,2023-07-05 00:00:00,10,80.49,804.9
INV10675,CUST1111,2023-07-05 00:00:00,4,29.24,116.96
INV10675,CUST1111,2023-07-05 00:00:00,1,219.27,219.27
INV10676,CUST1111,2023-06-29 00:00:00,6,230.44,1382.64
INV10676,CUST1111,2023-06-29 00:00:00,2,120.98,241.96
INV10676,CUST1111,2023-06-29 00:00:00,3,101.69,305.07
INV10676,CUST1111,2023-06-29 00:00:00,2,51.67,103.34
INV10677,CUST1111,2023-07-26 00:00:00,3,87.26,261.78
INV10677,CUST1111,2023-07-26 00:00:00,4,107.62,430.48
INV10677,CUST1111,2023-07-26 00:00:00,3,41.8,125.4
INV10678,CUST1112,2023-03-03 00:00:00,2,27.6,55.2
INV10678,CUST1112,2023-03-03 00:00:00,4,10.03,40.12
INV10678,CUST1112,2023-03-03 00:00:00,3,18.15,54.45
INV10679,CUST1112,2023-05-02 00:00:00,6,135.72,814.32
INV10679,CUST1112,2023-05-02 00:00:00,1,80.12,80.12
INV10679,CUST1112,2023-05-02 00:00:00,6,23.55,141.3
INV10679,CUST1112,2023-05-02 00:00:00,10,113.79,1137.9
INV10680,CUST1112,2023-07-06 00:00:00,1,91.28,91.28
INV10680,CUST1112,2023-07-06 00:00:00,1,51.16,51.16
INV10680,CUST1112,2023-07-06 00:00:00,10,66.93,669.3
INV10680,CUST1112,2023-07-06 00:00:00,1,18.92,18.92
INV10681,CUST1113,2023-01-24 00:00:00,4,68.39,273.56
INV10682,CUST1114,2023-12-01 00:00:00,10,94.25,942.5
INV10682,CUST1114,2023-12-01 00:00:00,10,74.25,742.5
INV10683,CUST1114,2023-02-14 00:00:00,1,26.36,26.36
INV10683,CUST1114,2023-02-14 00:00:00,3,174.02,522.06
INV10683,CUST1114,2023-02-14 00:00:00,1,101.17,101.17
INV10683,CUST1114,2023-02-14 00:00:00,4,135.29,541.16
INV10684,CUST1114,2023-10-19 00:00:00,1,35.3,35.3
INV10684,CUST1114,2023-10-19 00:00:00,3,215.96,647.88
INV10685,CUST1115,2022-12-31 00:00:00,6,54.85,329.1
INV10685,CUST1115,2022-12-31 00:00:00,1,21.77,21.77
INV10686,CUST1115,2023-01-21 00:00:00,2,133.22,266.44
INV10686,CUST1115,2023-01-21 00:00:00,6,97.21,583.26
INV10686,CUST1115,2023-01-21 00:00:00,4,25.64,102.56
INV10687,CUST1116,2023-04-11 00:00:00,6,82.85,497.1
INV10687,CUST1116,2023-04-11 00:00:00,10,98.5,985.0
INV10687,CUST1116,2023-04-11 00:00:00,4,61.29,245.16
INV10688,CUST1116,2023-03-26 00:00:00,10,27.55,275.5
INV10688,CUST1116,2023-03-26 00:00:00,10,29.07,290.7
INV10688,CUST1116,2023-03-26 00:00:00,4,87.61,350.44
INV10689,CUST1117,2023-09-11 00:00:00,4,256.28,1025.12
INV10689,CUST1117,2023-09-11 00:00:00,1,281.08,281.08
INV10689,CUST1117,2023-09-11 00:00:00,3,57.77,173.31
INV10690,CUST1117,2023-04-24 00:00:00,10,129.57,1295.7
INV10690,CUST1117,2023-04-24 00:00:00,4,291.83,1167.32
INV10690,CUST1117,2023-04-24 00:00:00,4,204.09,816.36
INV10690,CUST1117,2023-04-24 00:00:00,4,291.16,1164.64
INV10691,CUST1117,2023-02-15 00:00:00,10,259.88,2598.8
INV10691,CUST1117,2023-02-15 00:00:00,6,290.47,1742.82
INV10691,CUST1117,2023-02-15 00:00:00,1,116.36,116.36
INV10692,CUST1117,2023-06-16 00:00:00,3,211.0,633.0
INV10692,CUST1117,2023-06-16 00:00:00,10,276.02,2760.2
INV10692,CUST1117,2023-06-16 00:00:00,2,176.81,353.62
INV10692,CUST1117,2023-06-16 00:00:00,1,198.75,198.75
INV10693,CUST1117,2023-06-28 00:00:00,3,175.36,526.08
INV10693,CUST1117,2023-06-28 00:00:00,2,38.42,76.84
INV10693,CUST1117,2023-06-28 00:00:00,3,116.48,349.44
INV10694,CUST1117,2023-08-20 00:00:00,4,210.62,842.48
INV10694,CUST1117,2023-08-20 00:00:00,3,209.42,628.26
INV10694,CUST1117,2023-08-20 00:00:00,6,132.21,793.26
INV10694,,2023-08-20 00:00:00,6,220.37,1322.22
INV10695,CUST1117,2023-06-19 00:00:00,6,139.9,839.4
INV10696,CUST1117,2023-05-14 00:00:00,10,134.04,1340.4
INV10697,CUST1118,2023-07-13 00:00:00,2,62.1,124.2
INV10697,CUST1118,2023-07-13 00:00:00,3,45.54,136.62
INV10698,CUST1119,2023-08-06 00:00:00,3,28.36,85.08
INV10698,CUST1119,2023-08-06 00:00:00,3,15.26,45.78
INV10699,CUST1119,2023-12-07 00:00:00,1,49.96,49.96
INV10699,CUST1119,2023-12-07 00:00:00,6,37.49,224.94
INV10700,CUST1120,2023-01-02 00:00:00,10,65.41,654.1
INV10700,CUST1120,2023-01-02 00:00:00,1,39.08,39.08
INV10700,CUST1120,2023-01-02 00:00:00,6,88.92,533.52
INV10700,CUST1120,2023-01-02 00:00:00,3,68.9,206.7
INV10701,CUST1121,2023-01-27 00:00:00,2,33.87,67.74
INV10702,CUST1121,2023-03-11 00:00:00,2,50.66,101.32
INV10702,CUST1121,2023-03-11 00:00:00,6,89.23,535.38
INV10702,CUST1121,2023-03-11 00:00:00,6,66.76,400.56
INV10703,CUST1122,2023-01-07 00:00:00,2,118.06,236.12
INV10703,CUST1122,2023-01-07 00:00:00,4,130.26,521.04
INV10704,CUST1122,2023-07-25 00:00:00,6,176.9,1061.4
INV10704,CUST1122,2023-07-25 00:00:00,4,144.36,577.44
INV10704,CUST1122,2023-07-25 00:00:00,1,76.15,76.15
INV10704,CUST1122,2023-07-25 00:00:00,2,201.11,402.22
INV10705,CUST1122,2023-01-22 00:00:00,3,125.94,377.82
INV10705,CUST1122,2023-01-22 00:00:00,6,106.13,636.78
INV10705,CUST1122,2023-01-22 00:00:00,4,176.07,704.28
INV10706,CUST1122,2023-07-02 00:00:00,6,200.91,1205.46
INV10706,CUST1122,2023-07-02 00:00:00,2,161.69,323.38
INV10707,CUST1122,2023-04-15 00:00:00,1,190.5,190.5
INV10707,CUST1122,2023-04-15 00:00:00,10,25.74,257.4
INV10707,CUST1122,2023-04-15 00:00:00,10,65.61,656.1
INV10708,CUST1123,2023-07-31 00:00:00,6,109.7,658.2
INV10708,CUST1123,2023-07-31 00:00:00,1,293.75,293.75
INV10708,CUST1123,2023-07-31 00:00:00,2,265.66,531.32
INV10708,CUST1123,2023-07-31 00:00:00,4,99.32,397.28
INV10709,CUST1123,2023-02-26 00:00:00,6,355.42,2132.52
INV10709,CUST1123,2023-02-26 00:00:00,10,157.36,1573.6
INV10709,CUST1123,2023-02-26 00:00:00,6,295.82,1774.92
INV10709,CUST1123,2023-02-26 00:00:00,1,78.9,78.9
INV10710,CUST1123,2023-03-18 00:00:00,1,89.7,89.7
INV10710,CUST1123,2023-03-18 00:00:00,1,282.91,282.91
INV10710,CUST1123,2023-03-18 00:00:00,4,98.31,393.24
INV10710,CUST1123,2023-03-18 00:00:00,10,154.89,1548.9
INV10711,CUST1123,2023-09-11 00:00:00,3,253.2,759.6
INV10711,CUST1123,2023-09-11 00:00:00,6,107.28,643.68
INV10712,CUST1123,2023-02-07 00:00:00,3,210.16,630.48
INV10712,CUST1123,2023-02-07 00:00:00,10,302.01,3020.1
INV10712,CUST1123,2023-02-07 00:00:00,1,156.04,156.04
INV10712,CUST1123,2023-02-07 00:00:00,1,139.61,139.61
INV10713,CUST1123,2023-11-14 00:00:00,10,89.83,898.3
INV10713,CUST1123,2023-11-14 00:00:00,10,251.91,2519.1
INV10713,CUST1123,2023-11-14 00:00:00,10,145.09,1450.9
INV10714,CUST1123,2023-07-28 00:00:00,10,63.75,637.5
INV10714,CUST1123,2023-07-28 00:00:00,2,137.22,274.44
INV10714,CUST1123,2023-07-28 00:00:00,4,196.82,787.28
INV10715,CUST1123,2023-03-21 00:00:00,6,328.62,1971.72
INV10715,CUST1123,2023-03-21 00:00:00,3,302.61,907.83
INV10715,CUST1123,2023-03-21 00:00:00,4,77.07,308.28
INV10716,CUST1123,2023-05-18 00:00:00,6,141.18,847.08
INV10716,CUST1123,2023-05-18 00:00:00,1,261.73,261.73
INV10717,CUST1123,2023-01-22 00:00:00,3,133.37,400.11
INV10717,CUST1123,2023-01-22 00:00:00,4,308.73,1234.92
INV10718,CUST1124,2023-07-10 00:00:00,6,145.53,873.18
INV10718,CUST1124,2023-07-10 00:00:00,10,195.88,1958.8
INV10718,CUST1124,2023-07-10 00:00:00,3,196.3,588.9
INV10718,CUST1124,2023-07-10 00:00:00,10,179.47,1794.7
INV10719,CUST1124,2023-06-21 00:00:00,6,156.98,941.88
INV10720,CUST1124,2023-03-26 00:00:00,3,136.98,410.94
INV10720,CUST1124,2023-03-26 00:00:00,6,24.14,144.84
INV10720,CUST1124,2023-03-26 00:00:00,3,198.95,596.85
INV10721,CUST1124,2023-02-20 00:00:00,4,51.33,205.32
INV10721,CUST1124,2023-02-20 00:00:00,3,175.21,525.63
INV10721,CUST1124,2023-02-20 00:00:00,6,136.53,819.18
INV10722,CUST1124,2023-08-06 00:00:00,6,112.42,674.52
INV10722,CUST1124,2023-08-06 00:00:00,1,102.73,102.73
INV10722,CUST1124,2023-08-06 00:00:00,6,203.15,1218.9
INV10722,CUST1124,2023-08-06 00:00:00,3,150.69,452.07
INV10723,CUST1124,2023-07-01 00:00:00,10,143.28,1432.8
INV10723,CUST1124,2023-07-01 00:00:00,6,191.76,1150.56
INV10723,CUST1124,2023-07-01 00:00:00,1,72.5,72.5
INV10723,CUST1124,2023-07-01 00:00:00,4,35.51,142.04
INV10724,CUST1124,2023-08-19 00:00:00,10,76.72,767.2
INV10724,CUST1124,2023-08-19 00:00:00,10,81.29,812.9
INV10725,CUST1124,2023-08-19 00:00:00,3,135.3,405.9
INV10725,CUST1124,2023-08-19 00:00:00,6,71.35,428.1
INV10725,CUST1124,2023-08-19 00:00:00,6,40.66,243.96
INV10725,CUST1124,2023-08-19 00:00:00,10,189.7,1897.0
INV10726,CUST1124,2023-01-12 00:00:00,2,85.02,170.04
INV10727,CUST1124,2023-02-14 00:00:00,1,46.9,46.9
INV10727,CUST1124,2023-02-14 00:00:00,2,98.83,197.66
INV10728,CUST1125,2023-09-30 00:00:00,3,61.13,183.39
INV10728,CUST1125,2023-09-30 00:00:00,1,99.41,99.41
INV10729,CUST1125,2023-08-10 00:00:00,10,92.54,925.4
INV10729,CUST1125,2023-08-10 00:00:00,6,91.69,550.14
INV10729,CUST1125,2023-08-10 00:00:00,10,50.81,508.1
INV10729,CUST1125,2023-08-10 00:00:00,2,136.97,273.94
INV10730,CUST1125,2023-07-17 00:00:00,1,66.24,66.24
INV10730,CUST1125,2023-07-17 00:00:00,2,190.61,381.22
INV10730,CUST1125,2023-07-17 00:00:00,2,155.53,311.06
INV10731,CUST1125,2023-08-18 00:00:00,1,96.36,96.36
INV10731,CUST1125,2023-08-18 00:00:00,4,13.9,55.6
INV10731,CUST1125,2023-08-18 00:00:00,3,23.99,71.97
INV10732,CUST1125,2023-04-20 00:00:00,2,55.36,110.72
INV10733,CUST1125,2023-02-15 00:00:00,4,111.14,444.56
INV10733,CUST1125,2023-02-15 00:00:00,10,154.76,1547.6
INV10733,CUST1125,2023-02-15 00:00:00,6,36.48,218.88
INV10734,CUST1125,2023-08-02 00:00:00,1,57.68,57.68
INV10734,CUST1125,2023-08-02 00:00:00,1,36.24,36.24
INV10735,CUST1125,2023-02-20 00:00:00,2,27.47,54.94
INV10736,CUST1125,2023-09-09 00:00:00,1,150.27,150.27
INV10736,CUST1125,2023-09-09 00:00:00,1,156.1,156.1
INV10736,CUST1125,2023-09-09 00:00:00,4,202.69,810.76
INV10736,CUST1125,2023-09-09 00:00:00,2,23.82,47.64
INV10737,CUST1126,2023-01-18 00:00:00,2,38.94,77.88
INV10737,CUST1126,2023-01-18 00:00:00,-1,38.34,38.34
INV10737,CUST1126,2023-01-18 00:00:00,6,43.15,258.9
INV10737,CUST1126,2023-01-18 00:00:00,2,69.71,139.42
INV10738,CUST1126,2023-01-12 00:00:00,2,45.09,90.18
INV10738,CUST1126,2023-01-12 00:00:00,4,78.85,315.4
INV10739,CUST1127,2023-03-12 00:00:00,2,81.1,162.2
INV10739,CUST1127,2023-03-12 00:00:00,10,62.52,625.2
INV10740,CUST1127,2023-01-27 00:00:00,6,103.44,620.64
INV10740,CUST1127,2023-01-27 00:00:00,10,123.71,1237.1
INV10740,CUST1127,2023-01-27 00:00:00,4,136.38,545.52
INV10741,CUST1128,2023-02-01 00:00:00,10,124.43,1244.3
INV10742,CUST1128,2023-12-02 00:00:00,3,198.87,596.61
INV10742,CUST1128,2023-12-02 00:00:00,1,144.41,144.41
INV10742,CUST1128,2023-12-02 00:00:00,3,173.04,519.12
INV10742,CUST1128,2023-12-02 00:00:00,6,377.1,2262.6
INV10743,CUST1128,2023-05-28 00:00:00,6,321.97,1931.82
INV10743,CUST1128,2023-05-28 00:00:00,2,70.95,141.9
INV10744,CUST1128,2023-11-25 00:00:00,2,146.92,293.84
INV10744,CUST1128,2023-11-25 00:00:00,1,153.68,153.68
INV10745,CUST1128,2023-06-02 00:00:00,10,314.22,3142.2
INV10745,CUST1128,2023-06-02 00:00:00,3,158.32,474.96
INV10746,CUST1128,2023-03-10 00:00:00,6,45.45,272.7
INV10746,CUST1128,2023-03-10 00:00:00,6,245.23,1471.38
INV10747,CUST1128,2023-02-08 00:00:00,1,126.74,126.74
INV10747,CUST1128,2023-02-08 00:00:00,6,83.77,502.62
INV10747,CUST1128,2023-02-08 00:00:00,3,368.36,1105.08
INV10748,CUST1128,2023-07-11 00:00:00,4,334.72,1338.88
INV10748,CUST1128,2023-07-11 00:00:00,2,228.45,456.9
INV10749,CUST1128,2023-03-28 00:00:00,3,381.99,1145.97
INV10750,CUST1128,2023-06-28 00:00:00,4,143.46,573.84
INV10750,CUST1128,2023-06-28 00:00:00,10,407.6,4076.0
INV10750,CUST1128,2023-06-28 00:00:00,10,245.2,2452.0
INV10751,CUST1128,2023-02-02 00:00:00,3,307.45,922.35
INV10751,CUST1128,2023-02-02 00:00:00,2,151.96,303.92
INV10751,CUST1128,2023-02-02 00:00:00,6,358.76,2152.56
INV10751,CUST1128,2023-02-02 00:00:00,10,322.79,3227.9
INV10752,CUST1128,2023-01-20 00:00:00,10,75.49,754.9
INV10753,CUST1128,2023-10-29 00:00:00,3,178.65,535.95
INV10753,CUST1128,2023-10-29 00:00:00,6,102.46,614.76
INV10754,CUST1128,2023-12-03 00:00:00,6,408.84,2453.04
INV10754,CUST1128,2023-12-03 00:00:00,4,414.4,1657.6
INV10755,CUST1128,2023-09-20 00:00:00,4,99.72,398.88
INV10755,CUST1128,2023-09-20 00:00:00,3,405.71,1217.13
INV10755,CUST1128,2023-09-20 00:00:00,6,228.93,1373.58
INV10756,CUST1129,2023-02-08 00:00:00,10,100.65,1006.5
INV10756,CUST1129,2023-02-08 00:00:00,3,128.03,384.09
INV10756,CUST1129,2023-02-08 00:00:00,6,39.82,238.92
INV10757,CUST1129,2023-06-13 00:00:00,3,164.34,493.02
INV10758,CUST1130,2023-10-25 00:00:00,10,134.13,1341.3
INV10759,CUST1130,2023-10-20 00:00:00,2,39.71,79.42
INV10759,CUST1130,2023-10-20 00:00:00,2,137.27,274.54
INV10759,CUST1130,2023-10-20 00:00:00,6,81.9,491.4
INV10760,CUST1130,2023-03-31 00:00:00,2,187.64,375.28
INV10761,CUST1130,2023-05-09 00:00:00,4,121.41,485.64
INV10761,CUST1130,2023-05-09 00:00:00,1,107.89,107.89
INV10761,CUST1130,2023-05-09 00:00:00,10,161.68,1616.8
INV10762,CUST1130,2023-03-31 00:00:00,10,98.0,980.0
INV10762,CUST1130,2023-03-31 00:00:00,2,45.43,90.86
INV10762,CUST1130,2023-03-31 00:00:00,4,106.3,425.2
INV10762,CUST1130,2023-03-31 00:00:00,6,74.82,448.92
INV10763,CUST1130,2023-03-25 00:00:00,10,25.95,259.5
INV10763,CUST1130,2023-03-25 00:00:00,2,69.97,139.94
INV10763,CUST1130,2023-03-25 00:00:00,2,143.86,287.72
INV10763,CUST1130,2023-03-25 00:00:00,3,28.62,85.86
INV10764,CUST1130,2023-09-15 00:00:00,10,66.7,667.0
INV10765,CUST1130,2023-06-03 00:00:00,6,166.18,997.08
INV10765,CUST1130,2023-06-03 00:00:00,1,57.24,57.24
INV10765,CUST1130,2023-06-03 00:00:00,1,74.8,74.8
INV10765,CUST1130,2023-06-03 00:00:00,1,42.09,42.09
INV10766,CUST1130,2023-07-24 00:00:00,2,146.8,293.6
INV10766,CUST1130,2023-07-24 00:00:00,6,93.03,558.18
INV10766,CUST1130,2023-07-24 00:00:00,6,112.93,677.58
INV10766,CUST1130,2023-07-24 00:00:00,6,171.18,1027.08
INV10767,CUST1130,2023-09-14 00:00:00,4,178.38,713.52
INV10767,CUST1130,2023-09-14 00:00:00,2,49.24,98.48
INV10767,CUST1130,2023-09-14 00:00:00,10,150.09,1500.9
INV10767,CUST1130,2023-09-14 00:00:00,4,184.81,739.24
INV10768,CUST1130,2023-09-09 00:00:00,4,21.85,87.4
INV10768,CUST1130,2023-09-09 00:00:00,3,96.87,290.61
INV10768,CUST1130,2023-09-09 00:00:00,6,170.46,1022.76
INV10769,CUST1131,2023-05-16 00:00:00,10,265.17,2651.7
INV10769,CUST1131,2023-05-16 00:00:00,2,231.24,462.48
INV10770,CUST1131,2023-06-08 00:00:00,1,251.82,251.82
INV10770,CUST1131,2023-06-08 00:00:00,1,95.15,95.15
INV10771,CUST1131,2023-08-02 00:00:00,3,129.67,389.01
INV10772,CUST1131,2023-08-23 00:00:00,3,271.39,814.17
INV10772,CUST1131,2023-08-23 00:00:00,4,259.89,1039.56
INV10773,CUST1131,2023-01-27 00:00:00,10,158.14,1581.4
INV10773,CUST1131,2023-01-27 00:00:00,6,209.54,1257.24
INV10774,CUST1131,2023-06-10 00:00:00,1,121.5,121.5
INV10775,CUST1132,2023-01-10 00:00:00,4,139.79,559.16
INV10775,CUST1132,2023-01-10 00:00:00,1,157.52,157.52
INV10776,CUST1132,2023-07-23 00:00:00,10,196.98,1969.8
INV10776,CUST1132,2023-07-23 00:00:00,2,53.29,106.58
INV10777,CUST1132,2023-05-26 00:00:00,3,563.12,1689.36
INV10777,CUST1132,2023-05-26 00:00:00,6,253.29,1519.74
INV10777,CUST1132,2023-05-26 00:00:00,2,270.27,540.54
INV10778,CUST1132,2023-03-13 00:00:00,4,560.32,2241.28
INV10779,CUST1132,2023-03-30 00:00:00,10,280.91,2809.1
INV10779,CUST1132,2023-03-30 00:00:00,2,315.74,631.48
INV10780,CUST1132,2023-02-23 00:00:00,2,50.7,101.4
INV10780,CUST1132,2023-02-23 00:00:00,6,398.33,2389.98
INV10780,CUST1132,2023-02-23 00:00:00,10,113.74,1137.4
INV10780,CUST1132,2023-02-23 00:00:00,2,121.75,243.5
INV10781,CUST1132,2023-06-20 00:00:00,3,305.65,916.95
INV10781,CUST1132,2023-06-20 00:00:00,2,502.55,1005.1
INV10782,CUST1132,2023-10-07 00:00:00,3,223.94,671.82
INV10782,CUST1132,2023-10-07 00:00:00,6,318.29,1909.74
INV10782,CUST1132,2023-10-07 00:00:00,6,525.24,3151.44
INV10782,CUST1132,2023-10-07 00:00:00,10,97.36,973.6
INV10783,CUST1132,2023-06-27 00:00:00,10,362.55,3625.5
INV10783,CUST1132,2023-06-27 00:00:00,3,142.67,428.01
INV10783,CUST1132,2023-06-27 00:00:00,3,223.05,669.15
INV10784,CUST1132,2023-07-22 00:00:00,3,84.41,253.23
INV10785,CUST1132,2023-08-11 00:00:00,6,137.29,823.74
INV10785,CUST1132,2023-08-11 00:00:00,3,128.45,385.35
INV10785,CUST1132,2023-08-11 00:00:00,6,328.96,1973.76
INV10786,CUST1132,2023-03-28 00:00:00,6,194.03,1164.18
INV10786,CUST1132,2023-03-28 00:00:00,2,61.22,122.44
INV10786,CUST1132,2023-03-28 00:00:00,6,492.24,2953.44
INV10787,CUST1132,2023-01-30 00:00:00,6,274.77,1648.62
INV10787,CUST1132,2023-01-30 00:00:00,10,182.43,1824.3
INV10788,CUST1132,2023-04-02 00:00:00,10,324.75,3247.5
INV10788,CUST1132,2023-04-02 00:00:00,10,327.26,3272.6
INV10788,CUST1132,2023-04-02 00:00:00,2,432.36,864.72
INV10788,CUST1132,2023-04-02 00:00:00,1,468.04,468.04
INV10789,CUST1132,2023-05-15 00:00:00,1,344.72,344.72
INV10789,CUST1132,2023-05-15 00:00:00,4,133.38,533.52
INV10789,CUST1132,2023-05-15 00:00:00,2,244.59,489.18
INV10790,CUST1132,2023-05-24 00:00:00,4,354.62,1418.48
INV10791,CUST1132,2023-12-05 00:00:00,4,451.95,1807.8
INV10791,CUST1132,2023-12-05 00:00:00,2,138.36,276.72
INV10792,CUST1133,2023-05-31 00:00:00,2,154.03,308.06
INV10793,CUST1133,2023-06-01 00:00:00,6,0.0,1231.14
INV10793,CUST1133,2023-06-01 00:00:00,6,225.0,1350.0
INV10793,CUST1133,2023-06-01 00:00:00,4,40.14,160.56
INV10793,CUST1133,2023-06-01 00:00:00,4,148.39,593.56
INV10794,CUST1133,2023-02-20 00:00:00,2,89.37,178.74
INV10794,CUST1133,2023-02-20 00:00:00,6,53.46,320.76
INV10795,CUST1133,2023-05-04 00:00:00,1,102.49,102.49
INV10795,CUST1133,2023-05-04 00:00:00,10,233.02,2330.2
INV10795,CUST1133,2023-05-04 00:00:00,6,140.19,841.14
INV10795,CUST1133,2023-05-04 00:00:00,4,237.07,948.28
INV10796,CUST1133,2023-05-26 00:00:00,2,34.53,69.06
INV10796,CUST1133,2023-05-26 00:00:00,3,40.25,120.75
INV10796,CUST1133,2023-05-26 00:00:00,6,151.29,907.74
INV10797,CUST1133,2023-08-22 00:00:00,1,128.48,128.48
INV10797,CUST1133,2023-08-22 00:00:00,4,45.58,182.32
INV10798,CUST1133,2023-01-08 00:00:00,10,230.85,2308.5
INV10798,CUST1133,2023-01-08 00:00:00,2,34.23,68.46
INV10799,CUST1133,2023-01-09 00:00:00,3,221.6,664.8
INV10800,CUST1133,2023-08-22 00:00:00,10,116.61,1166.1
INV10800,CUST1133,2023-08-22 00:00:00,1,234.96,234.96
INV10800,CUST1133,2023-08-22 00:00:00,2,44.15,88.3
INV10800,CUST1133,2023-08-22 00:00:00,6,28.58,171.48
INV10801,CUST1134,2023-02-19 00:00:00,10,52.12,521.2
INV10801,CUST1134,2023-02-19 00:00:00,6,128.8,772.8
INV10802,CUST1134,2023-01-15 00:00:00,4,143.41,573.64
INV10802,CUST1134,2023-01-15 00:00:00,2,140.28,280.56
INV10803,CUST1134,2023-02-01 00:00:00,6,104.02,624.12
INV10804,CUST1135,2023-03-12 00:00:00,3,77.17,231.51
INV10804,CUST1135,2023-03-12 00:00:00,3,99.93,299.79
INV10805,CUST1135,2023-06-09 00:00:00,2,36.1,72.2
INV10805,CUST1135,2023-06-09 00:00:00,2,278.34,556.68
INV10805,CUST1135,2023-06-09 00:00:00,6,66.75,400.5
INV10805,CUST1135,2023-06-09 00:00:00,10,90.83,908.3
INV10806,CUST1135,2023-01-15 00:00:00,2,165.93,331.86
INV10806,CUST1135,2023-01-15 00:00:00,2,165.77,331.54
INV10806,CUST1135,2023-01-15 00:00:00,4,276.48,1105.92
INV10807,CUST1135,2023-07-11 00:00:00,2,126.81,253.62
INV10807,CUST1135,2023-07-11 00:00:00,10,216.72,2167.2
INV10807,CUST1135,2023-07-11 00:00:00,6,131.65,789.9
INV10807,CUST1135,2023-07-11 00:00:00,2,183.0,366.0
INV10808,CUST1135,2023-10-11 00:00:00,10,236.92,2369.2
INV10808,CUST1135,2023-10-11 00:00:00,6,172.16,1032.96
INV10808,CUST1135,2023-10-11 00:00:00,3,274.51,823.53
INV10809,CUST1135,2023-05-11 00:00:00,10,107.78,1077.8
INV10810,CUST1135,2023-02-21 00:00:00,4,211.49,845.96
INV10810,CUST1135,2023-02-21 00:00:00,4,234.12,936.48
INV10810,CUST1135,2023-02-21 00:00:00,1,79.32,79.32
INV10811,CUST1135,2023-07-11 00:00:00,6,31.61,189.66
INV10811,CUST1135,2023-07-11 00:00:00,6,147.54,885.24
INV10812,CUST1136,2023-07-07 00:00:00,10,193.83,1938.3
INV10812,CUST1136,2023-07-07 00:00:00,4,209.87,839.48
INV10812,CUST1136,2023-07-07 00:00:00,6,89.79,538.74
INV10813,CUST1137,2023-02-18 00:00:00,1,63.3,63.3
INV10813,CUST1137,2023-02-18 00:00:00,10,73.28,732.8
INV10813,CUST1137,2023-02-18 00:00:00,4,93.53,374.12
INV10813,CUST1137,2023-02-18 00:00:00,6,108.83,652.98
INV10814,CUST1137,2023-03-10 00:00:00,2,58.08,116.16
INV10814,CUST1137,2023-03-10 00:00:00,2,45.14,90.28
INV10814,CUST1137,2023-03-10 00:00:00,2,51.91,103.82
INV10815,CUST1138,2023-07-23 00:00:00,6,207.33,1243.98
INV10815,CUST1138,2023-07-23 00:00:00,2,21.52,43.04
INV10815,CUST1138,2023-07-23 00:00:00,10,79.08,790.8
INV10815,CUST1138,2023-07-23 00:00:00,6,95.01,570.06
INV10816,CUST1138,2023-01-02 00:00:00,4,212.54,850.16
INV10816,CUST1138,2023-01-02 00:00:00,2,24.53,49.06
INV10817,CUST1138,2023-01-17 00:00:00,4,64.31,257.24
INV10818,CUST1138,2023-07-27 00:00:00,1,194.93,194.93
INV10818,CUST1138,2023-07-27 00:00:00,2,168.27,336.54
INV10818,CUST1138,2023-07-27 00:00:00,10,60.12,601.2
INV10819,CUST1138,2023-03-24 00:00:00,10,96.37,963.7
INV10820,CUST1138,2023-02-23 00:00:00,2,168.59,337.18
INV10821,CUST1138,2023-05-19 00:00:00,4,62.52,250.08
INV10821,CUST1138,2023-05-19 00:00:00,2,113.05,226.1
INV10821,CUST1138,2023-05-19 00:00:00,2,39.29,78.58
INV10821,CUST1138,2023-05-19 00:00:00,3,26.69,80.07
INV10822,CUST1138,2023-05-15 00:00:00,10,46.23,462.3
INV10822,CUST1138,2023-05-15 00:00:00,1,85.01,85.01
INV10823,CUST1138,2023-06-08 00:00:00,1,73.28,73.28
INV10823,CUST1138,2023-06-08 00:00:00,4,119.34,477.36
INV10823,CUST1138,2023-06-08 00:00:00,2,208.28,416.56
INV10823,CUST1138,2023-06-08 00:00:00,10,22.75,227.5
INV10824,CUST1139,2023-03-26 00:00:00,2,166.76,333.52
INV10824,CUST1139,2023-03-26 00:00:00,1,141.69,141.69
INV10824,CUST1139,2023-03-26 00:00:00,1,156.16,156.16
INV10825,CUST1139,2023-04-19 00:00:00,10,82.19,821.9
INV10825,CUST1139,2023-04-19 00:00:00,4,148.82,595.28
INV10825,CUST1139,2023-04-19 00:00:00,1,27.78,27.78
INV10825,CUST1139,2023-04-19 00:00:00,1,191.91,191.91
INV10826,CUST1139,2023-01-12 00:00:00,4,111.59,446.36
INV10827,CUST1140,2023-04-26 00:00:00,-6,12.41,74.46
INV10827,CUST1140,2023-04-26 00:00:00,4,35.54,142.16
INV10828,CUST1140,2023-02-23 00:00:00,1,50.22,50.22
INV10828,CUST1140,2023-02-23 00:00:00,6,67.06,402.36
INV10828,CUST1140,2023-02-23 00:00:00,6,24.52,147.12
INV10829,CUST1140,2023-05-21 00:00:00,4,73.05,292.2
INV10829,CUST1140,2023-05-21 00:00:00,3,50.42,151.26
INV10829,CUST1140,2023-05-21 00:00:00,1,22.06,22.06
INV10829,CUST1140,2023-05-21 00:00:00,4,41.53,166.12
INV10830,CUST1141,2023-09-02 00:00:00,6,43.1,258.6
INV10831,CUST1141,2023-10-04 00:00:00,3,367.02,1101.06
INV10831,CUST1141,2023-10-04 00:00:00,3,206.26,618.78
INV10832,CUST1141,2023-04-04 00:00:00,1,122.88,122.88
INV10832,CUST1141,2023-04-04 00:00:00,6,291.24,1747.44
INV10832,CUST1141,2023-04-04 00:00:00,1,32.44,32.44
INV10832,CUST1141,2023-04-04 00:00:00,6,31.61,189.66
INV10833,CUST1141,2023-08-13 00:00:00,4,235.6,942.4
INV10833,CUST1141,2023-08-13 00:00:00,10,183.83,1838.3
INV10833,CUST1141,2023-08-13 00:00:00,3,297.38,892.14
INV10834,CUST1141,2023-05-06 00:00:00,10,236.86,2368.6
INV10835,CUST1141,2023-03-07 00:00:00,1,368.05,368.05
INV10835,CUST1141,2023-03-07 00:00:00,4,160.23,640.92
INV10835,CUST1141,2023-03-07 00:00:00,10,340.98,3409.8
INV10836,CUST1142,2023-07-31 00:00:00,10,114.98,1149.8
INV10836,CUST1142,2023-07-31 00:00:00,4,122.58,490.32
INV10836,CUST1142,2023-07-31 00:00:00,1,204.11,204.11
INV10836,CUST1142,2023-07-31 00:00:00,6,129.02,774.12
INV10837,CUST1142,2023-05-21 00:00:00,6,177.32,1063.92
INV10838,CUST1142,2023-05-26 00:00:00,3,176.72,530.16
INV10839,CUST1143,2023-06-24 00:00:00,10,26.54,265.4
INV10840,CUST1143,2023-05-10 00:00:00,2,73.48,146.96
INV10841,CUST1143,2023-04-14 00:00:00,6,125.97,755.82
INV10841,CUST1143,2023-04-14 00:00:00,1,15.22,15.22
INV10841,CUST1143,2023-04-14 00:00:00,2,197.9,395.8
INV10842,CUST1143,2023-07-03 00:00:00,2,202.43,404.86
INV10842,CUST1143,2023-07-03 00:00:00,4,168.59,674.36
INV10842,CUST1143,2023-07-03 00:00:00,3,64.54,193.62
INV10843,CUST1143,2023-08-27 00:00:00,4,160.85,643.4
INV10843,CUST1143,2023-08-27 00:00:00,6,209.23,1255.38
INV10844,CUST1143,2023-02-25 00:00:00,1,187.11,187.11
INV10844,CUST1143,2023-02-25 00:00:00,6,24.93,149.58
INV10844,CUST1143,2023-02-25 00:00:00,1,181.36,181.36
INV10845,CUST1143,2023-04-08 00:00:00,6,58.58,351.48
INV10845,CUST1143,2023-04-08 00:00:00,3,34.36,103.08
INV10845,CUST1143,2023-04-08 00:00:00,6,115.04,690.24
INV10845,CUST1143,2023-04-08 00:00:00,1,145.02,145.02
INV10846,CUST1144,2023-05-02 00:00:00,1,312.43,312.43
INV10846,CUST1144,2023-05-02 00:00:00,4,100.49,401.96
INV10846,CUST1144,2023-05-02 00:00:00,4,179.48,717.92
INV10847,CUST1144,2023-04-21 00:00:00,3,132.25,396.75
INV10847,CUST1144,2023-04-21 00:00:00,4,100.05,400.2
INV10847,CUST1144,2023-04-21 00:00:00,1,265.54,265.54
INV10848,CUST1144,2023-11-11 00:00:00,3,26.01,78.03
INV10848,CUST1144,2023-11-11 00:00:00,10,81.89,818.9
INV10848,CUST1144,2023-11-11 00:00:00,10,166.99,1669.9
INV10849,CUST1144,2023-10-25 00:00:00,2,234.45,468.9
INV10849,CUST1144,2023-10-25 00:00:00,1,206.95,206.95
INV10849,CUST1144,2023-10-25 00:00:00,4,168.48,673.92
INV10849,CUST1144,2023-10-25 00:00:00,10,236.28,2362.8
INV10850,CUST1144,2023-10-14 00:00:00,1,303.17,303.17
INV10850,CUST1144,2023-10-14 00:00:00,10,63.27,632.7
INV10850,CUST1144,2023-10-14 00:00:00,3,332.59,997.77
INV10851,CUST1144,2023-04-15 00:00:00,4,293.6,1174.4
INV10851,CUST1144,2023-04-15 00:00:00,1,310.26,310.26
INV10852,CUST1145,2023-03-14 00:00:00,4,157.13,628.52
INV10852,CUST1145,2023-03-14 00:00:00,4,465.1,1860.4
INV10852,CUST1145,2023-03-14 00:00:00,1,221.25,221.25
INV10852,CUST1145,2023-03-14 00:00:00,1,62.14,62.14
INV10853,CUST1145,2023-09-03 00:00:00,4,137.31,549.24
INV10854,CUST1145,2023-07-25 00:00:00,2,309.27,618.54
INV10854,CUST1145,2023-07-25 00:00:00,4,549.24,2196.96
INV10855,CUST1145,2023-06-05 00:00:00,10,38.6,386.0
INV10855,CUST1145,2023-06-05 00:00:00,3,353.44,1060.32
INV10855,CUST1145,2023-06-05 00:00:00,2,70.57,141.14
INV10856,CUST1145,2023-11-03 00:00:00,3,147.05,441.15
INV10856,CUST1145,2023-11-03 00:00:00,4,395.03,1580.12
INV10857,CUST1145,2023-01-26 00:00:00,6,276.9,1661.4
INV10857,CUST1145,2023-01-26 00:00:00,3,525.54,1576.62
INV10858,CUST1145,2023-01-10 00:00:00,3,75.03,225.09
INV10858,CUST1145,2023-01-10 00:00:00,4,288.99,1155.96
INV10859,CUST1145,2023-07-26 00:00:00,6,320.88,1925.28
INV10859,CUST1145,2023-07-26 00:00:00,4,83.83,335.32
INV10859,CUST1145,2023-07-26 00:00:00,1,178.38,178.38
INV10860,CUST1145,2023-05-21 00:00:00,2,41.04,82.08
INV10861,CUST1146,2023-12-09 00:00:00,3,64.41,193.23
INV10861,CUST1146,2023-12-09 00:00:00,4,41.17,164.68
INV10861,CUST1146,2023-12-09 00:00:00,10,56.56,565.6
INV10861,CUST1146,2023-12-09 00:00:00,4,66.23,264.92
INV10862,CUST1147,2023-08-09 00:00:00,10,164.27,1642.7
INV10862,CUST1147,2023-08-09 00:00:00,1,28.65,28.65
INV10862,CUST1147,2023-08-09 00:00:00,1,230.46,230.46
INV10863,CUST1148,2023-07-12 00:00:00,2,203.81,407.62
INV10863,CUST1148,2023-07-12 00:00:00,3,349.06,1047.18
INV10863,CUST1148,2023-07-12 00:00:00,3,350.82,1052.46
INV10864,CUST1148,2023-05-28 00:00:00,4,364.93,1459.72
INV10865,CUST1148,2023-12-17 00:00:00,1,290.04,290.04
INV10866,CUST1148,2023-04-06 00:00:00,2,90.04,180.08
INV10867,CUST1148,2023-11-20 00:00:00,6,29.06,174.36
INV10867,CUST1148,2023-11-20 00:00:00,6,233.1,1398.6
INV10868,CUST1148,2023-02-06 00:00:00,2,277.94,555.88
INV10869,CUST1148,2023-07-21 00:00:00,3,205.82,617.46
INV10869,CUST1148,2023-07-21 00:00:00,6,150.87,905.22
INV10869,CUST1148,2023-07-21 00:00:00,1,77.49,77.49
INV10870,CUST1148,2023-12-10 00:00:00,2,130.26,260.52
INV10871,CUST1148,2023-06-14 00:00:00,1,208.12,208.12
INV10871,CUST1148,2023-06-14 00:00:00,10,307.94,3079.4
INV10871,CUST1148,2023-06-14 00:00:00,3,273.75,821.25
INV10872,CUST1148,2023-07-17 00:00:00,10,276.63,2766.3
INV10872,CUST1148,2023-07-17 00:00:00,4,43.55,174.2
INV10873,CUST1148,2023-10-19 00:00:00,1,283.75,283.75
INV10874,CUST1149,2023-06-20 00:00:00,6,163.39,980.34
INV10874,CUST1149,2023-06-20 00:00:00,3,63.44,190.32
INV10875,CUST1149,2023-07-18 00:00:00,2,87.73,175.46
INV10875,CUST1149,2023-07-18 00:00:00,4,150.98,603.92
INV10875,CUST1149,2023-07-18 00:00:00,1,30.43,30.43
INV10876,CUST1149,2023-06-23 00:00:00,4,103.79,415.16
INV10876,CUST1149,2023-06-23 00:00:00,6,93.87,563.22
INV10877,CUST1149,2023-01-22 00:00:00,4,163.7,654.8
INV10878,CUST1149,2023-02-05 00:00:00,6,25.56,153.36
INV10878,CUST1149,2023-02-05 00:00:00,2,120.75,241.5
INV10878,CUST1149,2023-02-05 00:00:00,2,57.31,114.62
INV10878,CUST1149,2023-02-05 00:00:00,2,169.18,338.36
INV10879,CUST1149,2023-05-30 00:00:00,6,176.77,1060.62
INV10879,CUST1149,2023-05-30 00:00:00,2,181.39,362.78
INV10880,CUST1149,2023-04-23 00:00:00,3,140.69,422.07
INV10880,CUST1149,2023-04-23 00:00:00,6,162.0,972.0
INV10881,CUST1149,2023-06-07 00:00:00,4,93.3,373.2
INV10881,CUST1149,2023-06-07 00:00:00,6,174.62,1047.72
INV10881,CUST1149,2023-06-07 00:00:00,1,186.39,186.39
INV10882,CUST1149,2023-05-14 00:00:00,1,158.19,158.19
INV10882,CUST1149,2023-05-14 00:00:00,10,182.45,1824.5
INV10882,CUST1149,2023-05-14 00:00:00,3,28.44,85.32
INV10883,CUST1149,2023-08-14 00:00:00,3,125.25,375.75
INV10883,CUST1149,2023-08-14 00:00:00,3,106.4,319.2
INV10884,CUST1150,2023-01-16 00:00:00,3,48.9,146.7
INV10884,CUST1150,2023-01-16 00:00:00,2,154.54,309.08
INV10884,CUST1150,2023-01-16 00:00:00,4,114.31,457.24
INV10884,CUST1150,2023-01-16 00:00:00,2,21.78,43.56
INV10885,CUST1150,2023-04-26 00:00:00,4,147.29,589.16
INV10885,CUST1150,2023-04-26 00:00:00,2,59.66,119.32
INV10886,CUST1150,2023-03-23 00:00:00,6,23.66,141.96
INV10886,CUST1150,2023-03-23 00:00:00,10,169.59,1695.9
INV10887,CUST1151,2023-05-28 00:00:00,6,179.37,1076.22
INV10888,CUST1151,2023-03-23 00:00:00,2,90.06,180.12
INV10888,CUST1151,2023-03-23 00:00:00,10,171.79,1717.9
INV10888,CUST1151,2023-03-23 00:00:00,1,19.39,19.39
INV10888,CUST1151,2023-03-23 00:00:00,3,218.96,656.88
INV10889,CUST1151,2023-11-20 00:00:00,3,34.53,103.59
INV10889,CUST1151,2023-11-20 00:00:00,10,188.05,1880.5
INV10889,CUST1151,2023-11-20 00:00:00,2,73.54,147.08
INV10889,CUST1151,2023-11-20 00:00:00,3,48.55,145.65
INV10890,CUST1151,2023-04-30 00:00:00,1,144.72,144.72
INV10890,CUST1151,2023-04-30 00:00:00,10,40.32,403.2
INV10890,CUST1151,2023-04-30 00:00:00,3,163.44,490.32
INV10891,CUST1151,2023-03-30 00:00:00,2,157.55,315.1
INV10891,CUST1151,2023-03-30 00:00:00,2,96.28,192.56
INV10891,CUST1151,2023-03-30 00:00:00,1,37.87,37.87
INV10891,CUST1151,2023-03-30 00:00:00,2,191.84,383.68
INV10892,CUST1151,2023-09-14 00:00:00,4,60.69,242.76
INV10892,CUST1151,2023-09-14 00:00:00,6,29.88,179.28
INV10892,CUST1151,2023-09-14 00:00:00,1,212.14,212.14
INV10892,CUST1151,2023-09-14 00:00:00,10,28.02,280.2
INV10893,CUST1151,2023-06-20 00:00:00,10,248.89,2488.9
INV10893,CUST1151,2023-06-20 00:00:00,1,97.96,97.96
INV10893,CUST1151,2023-06-20 00:00:00,3,80.42,241.26
INV10894,CUST1152,2023-04-27 00:00:00,6,401.2,2407.2
INV10894,CUST1152,2023-04-27 00:00:00,2,227.78,455.56
INV10894,CUST1152,2023-04-27 00:00:00,3,411.21,1233.63
INV10894,CUST1152,2023-04-27 00:00:00,2,401.72,803.44
INV10895,CUST1152,2023-07-27 00:00:00,2,313.94,627.88
INV10895,CUST1152,2023-07-27 00:00:00,1,95.15,95.15
INV10895,CUST1152,2023-07-27 00:00:00,3,361.99,1085.97
INV10896,CUST1152,2023-01-23 00:00:00,6,458.28,2749.68
INV10896,CUST1152,2023-01-23 00:00:00,2,393.23,786.46
INV10897,CUST1152,2023-12-01 00:00:00,10,440.05,4400.5
INV10897,CUST1152,2023-12-01 00:00:00,4,382.51,1530.04
INV10897,CUST1152,2023-12-01 00:00:00,1,270.5,270.5
INV10897,CUST1152,2023-12-01 00:00:00,6,56.34,338.04
INV10898,CUST1152,2023-08-20 00:00:00,3,421.08,1263.24
INV10898,CUST1152,2023-08-20 00:00:00,3,155.37,466.11
INV10898,CUST1152,2023-08-20 00:00:00,4,64.21,256.84
INV10899,CUST1152,2023-01-04 00:00:00,2,446.2,892.4
INV10900,CUST1152,2023-11-05 00:00:00,3,0.0,1156.38
INV10900,CUST1152,2023-11-05 00:00:00,10,519.33,5193.3
INV10900,CUST1152,2023-11-05 00:00:00,1,226.86,226.86
INV10900,CUST1152,2023-11-05 00:00:00,1,443.97,443.97
INV10901,CUST1152,2023-08-10 00:00:00,3,537.03,1611.09
INV10901,CUST1152,2023-08-10 00:00:00,6,567.16,3402.96
INV10901,CUST1152,2023-08-10 00:00:00,2,567.08,1134.16
INV10901,CUST1152,2023-08-10 00:00:00,1,228.89,228.89
INV10902,CUST1152,2023-05-02 00:00:00,3,284.37,853.11
INV10902,CUST1152,2023-05-02 00:00:00,4,181.14,724.56
INV10902,CUST1152,2023-05-02 00:00:00,2,144.06,288.12
INV10903,CUST1152,2023-06-10 00:00:00,2,525.73,1051.46
INV10903,CUST1152,2023-06-10 00:00:00,4,331.58,1326.32
INV10903,CUST1152,2023-06-10 00:00:00,6,546.54,3279.24
INV10904,CUST1152,2023-11-05 00:00:00,1,290.42,290.42
INV10905,CUST1152,2023-10-29 00:00:00,10,88.36,883.6
INV10905,CUST1152,2023-10-29 00:00:00,1,347.12,347.12
INV10905,CUST1152,2023-10-29 00:00:00,2,314.17,628.34
INV10905,CUST1152,2023-10-29 00:00:00,6,114.35,686.1
INV10906,CUST1152,2023-11-11 00:00:00,3,432.59,1297.77
INV10906,CUST1152,2023-11-11 00:00:00,6,90.83,544.98
INV10906,CUST1152,2023-11-11 00:00:00,4,85.01,340.04
INV10906,CUST1152,2023-11-11 00:00:00,4,479.78,1919.12
INV10907,CUST1152,2023-06-17 00:00:00,10,161.64,1616.4
INV10907,CUST1152,2023-06-17 00:00:00,4,405.2,1620.8
INV10908,CUST1152,2023-08-22 00:00:00,6,59.34,356.04
INV10908,CUST1152,2023-08-22 00:00:00,6,269.96,1619.76
INV10908,CUST1152,2023-08-22 00:00:00,4,344.39,1377.56
INV10909,CUST1152,2023-09-21 00:00:00,10,222.01,2220.1
INV10909,CUST1152,2023-09-21 00:00:00,2,410.09,820.18
INV10909,CUST1152,2023-09-21 00:00:00,10,289.32,2893.2
INV10910,CUST1152,2023-08-26 00:00:00,2,169.28,338.56
INV10910,CUST1152,2023-08-26 00:00:00,4,186.16,744.64
INV10911,CUST1153,2023-09-22 00:00:00,4,162.87,651.48
INV10911,CUST1153,2023-09-22 00:00:00,10,118.13,1181.3
INV10911,CUST1153,2023-09-22 00:00:00,3,149.6,448.8
INV10911,CUST1153,2023-09-22 00:00:00,2,233.76,467.52
INV10912,CUST1154,2023-01-31 00:00:00,1,62.3,62.3
INV10912,CUST1154,2023-01-31 00:00:00,4,12.43,49.72
INV10913,CUST1154,2023-03-08 00:00:00,1,6.73,6.73
INV10913,CUST1154,2023-03-08 00:00:00,2,70.99,141.98
INV10914,CUST1155,2023-06-28 00:00:00,6,110.9,665.4
INV10914,CUST1155,2023-06-28 00:00:00,2,65.02,130.04
INV10914,CUST1155,2023-06-28 00:00:00,4,289.83,1159.32
INV10915,CUST1155,2023-09-18 00:00:00,3,142.48,427.44
INV10915,CUST1155,2023-09-18 00:00:00,10,73.35,733.5
INV10916,CUST1155,2023-08-22 00:00:00,2,293.25,586.5
INV10917,CUST1155,2023-03-22 00:00:00,2,23.46,46.92
INV10917,CUST1155,2023-03-22 00:00:00,1,84.55,84.55
INV10917,CUST1155,2023-03-22 00:00:00,4,145.02,580.08
INV10917,CUST1155,2023-03-22 00:00:00,1,309.95,309.95
INV10918,CUST1155,2023-02-12 00:00:00,4,251.53,1006.12
INV10918,CUST1155,2023-02-12 00:00:00,6,61.93,371.58
INV10918,CUST1155,2023-02-12 00:00:00,6,309.62,1857.72
INV10918,CUST1155,2023-02-12 00:00:00,1,110.86,110.86
INV10919,CUST1155,2023-11-02 00:00:00,4,255.03,1020.12
INV10919,CUST1155,2023-11-02 00:00:00,2,134.44,268.88
INV10920,CUST1155,2023-02-19 00:00:00,2,140.75,281.5
INV10921,CUST1155,2023-11-29 00:00:00,4,145.75,583.0
INV10921,CUST1155,2023-11-29 00:00:00,6,292.21,1753.26
INV10922,CUST1155,2023-06-22 00:00:00,1,26.89,26.89
INV10922,CUST1155,2023-06-22 00:00:00,10,38.28,382.8
INV10922,CUST1155,2023-06-22 00:00:00,4,256.46,1025.84
INV10923,CUST1155,2023-01-03 00:00:00,6,154.64,927.84
INV10923,CUST1155,2023-01-03 00:00:00,4,204.04,816.16
INV10924,CUST1155,2023-01-24 00:00:00,1,246.4,246.4
INV10924,CUST1155,2023-01-24 00:00:00,10,42.49,424.9
INV10924,CUST1155,2023-01-24 00:00:00,10,195.4,1954.0
INV10925,CUST1156,2023-02-09 00:00:00,6,48.62,291.72
INV10925,CUST1156,2023-02-09 00:00:00,4,77.9,311.6
INV10926,CUST1156,2023-02-24 00:00:00,1,91.86,91.86
INV10926,CUST1156,2023-02-24 00:00:00,3,81.94,245.82
INV10926,CUST1156,2023-02-24 00:00:00,2,26.38,52.76
INV10926,CUST1156,2023-02-24 00:00:00,4,19.27,77.08
INV10927,CUST1156,2023-11-03 00:00:00,10,40.72,407.2
INV10927,CUST1156,2023-11-03 00:00:00,10,33.05,330.5
INV10927,CUST1156,2023-11-03 00:00:00,6,45.73,274.38
INV10927,CUST1156,2023-11-03 00:00:00,2,27.33,54.66
INV10928,CUST1157,2023-04-17 00:00:00,6,68.6,411.6
INV10928,CUST1157,2023-04-17 00:00:00,3,13.24,39.72
INV10928,CUST1157,2023-04-17 00:00:00,2,83.8,167.6
INV10929,CUST1158,2023-05-05 00:00:00,1,36.74,36.74
INV10929,CUST1158,2023-05-05 00:00:00,6,136.1,816.6
INV10929,CUST1158,2023-05-05 00:00:00,2,42.22,84.44
INV10929,CUST1158,2023-05-05 00:00:00,6,86.65,519.9
INV10930,CUST1158,2023-04-25 00:00:00,6,55.84,335.04
INV10930,CUST1158,2023-04-25 00:00:00,6,17.04,102.24
INV10931,CUST1158,2023-07-04 00:00:00,1,94.73,94.73
INV10931,CUST1158,2023-07-04 00:00:00,2,21.54,43.08
INV10931,CUST1158,2023-07-04 00:00:00,2,72.85,145.7
INV10932,CUST1158,2023-09-10 00:00:00,2,86.87,173.74
INV10933,CUST1158,2023-02-20 00:00:00,2,167.36,334.72
INV10933,CUST1158,2023-02-20 00:00:00,10,165.27,1652.7
INV10934,CUST1158,2023-07-05 00:00:00,2,111.38,222.76
INV10934,CUST1158,2023-07-05 00:00:00,4,44.67,178.68
INV10934,CUST1158,2023-07-05 00:00:00,10,53.73,537.3
INV10934,CUST1158,2023-07-05 00:00:00,10,152.96,1529.6
INV10935,CUST1158,2023-02-15 00:00:00,2,102.37,204.74
INV10935,CUST1158,2023-02-15 00:00:00,3,119.99,359.97
INV10936,CUST1159,2023-02-15 00:00:00,6,64.21,385.26
INV10937,CUST1159,2023-03-27 00:00:00,3,14.81,44.43
INV10938,CUST1159,2023-02-13 00:00:00,1,120.89,120.89
INV10938,CUST1159,2023-02-13 00:00:00,3,121.62,364.86
INV10939,CUST1160,2023-08-07 00:00:00,10,78.86,788.6
INV10939,CUST1160,2023-08-07 00:00:00,1,144.15,144.15
INV10939,CUST1160,2023-08-07 00:00:00,2,190.16,380.32
INV10940,CUST1160,2023-07-25 00:00:00,3,66.16,198.48
INV10940,CUST1160,2023-07-25 00:00:00,4,155.51,622.04
INV10940,CUST1160,2023-07-25 00:00:00,3,13.99,41.97
INV10941,CUST1160,2023-11-06 00:00:00,4,27.51,110.04
INV10941,CUST1160,2023-11-06 00:00:00,2,17.62,35.24
INV10942,CUST1160,2023-05-11 00:00:00,3,110.86,332.58
INV10942,CUST1160,2023-05-11 00:00:00,3,138.62,415.86
INV10942,CUST1160,2023-05-11 00:00:00,10,168.12,1681.2
INV10942,,2023-05-11 00:00:00,10,20.71,207.1
INV10943,CUST1160,2023-10-24 00:00:00,3,80.21,240.63
INV10944,CUST1160,2023-05-27 00:00:00,3,75.15,225.45
INV10944,CUST1160,2023-05-27 00:00:00,2,137.8,275.6
INV10944,CUST1160,2023-05-27 00:00:00,3,87.88,263.64
INV10944,CUST1160,2023-05-27 00:00:00,6,42.37,254.22
INV10945,CUST1160,2023-01-05 00:00:00,1,18.87,18.87
INV10945,CUST1160,2023-01-05 00:00:00,6,127.22,763.32
INV10945,CUST1160,2023-01-05 00:00:00,2,177.91,355.82
INV10945,CUST1160,2023-01-05 00:00:00,10,154.21,1542.1
INV10946,CUST1161,2023-01-03 00:00:00,10,99.43,994.3
INV10946,CUST1161,2023-01-03 00:00:00,4,93.32,373.28
INV10946,CUST1161,2023-01-03 00:00:00,6,124.99,749.94
INV10947,CUST1162,2023-09-07 00:00:00,4,46.11,184.44
INV10947,CUST1162,2023-09-07 00:00:00,10,140.08,1400.8
INV10947,CUST1162,2023-09-07 00:00:00,10,35.04,350.4
INV10948,CUST1162,2023-08-29 00:00:00,6,19.38,116.28
INV10948,CUST1162,2023-08-29 00:00:00,1,71.66,71.66
INV10948,CUST1162,2023-08-29 00:00:00,1,55.13,55.13
INV10949,CUST1162,2023-06-01 00:00:00,3,164.89,494.67
INV10950,CUST1163,2023-08-13 00:00:00,1,11.33,11.33
INV10950,CUST1163,2023-08-13 00:00:00,2,97.35,194.7
INV10950,CUST1163,2023-08-13 00:00:00,6,54.54,327.24
INV10950,CUST1163,2023-08-13 00:00:00,4,80.99,323.96
INV10951,CUST1163,2023-01-06 00:00:00,6,18.96,113.76
INV10951,CUST1163,2023-01-06 00:00:00,2,26.01,52.02
INV10951,CUST1163,2023-01-06 00:00:00,1,110.45,110.45
INV10951,CUST1163,2023-01-06 00:00:00,10,52.13,521.3
INV10952,CUST1163,2023-02-01 00:00:00,1,32.19,32.19
INV10953,CUST1164,2023-02-10 00:00:00,3,290.6,871.8
INV10953,CUST1164,2023-02-10 00:00:00,6,323.4,1940.4
INV10953,CUST1164,2023-02-10 00:00:00,6,50.64,303.84
INV10954,CUST1164,2023-02-14 00:00:00,6,259.36,1556.16
INV10954,CUST1164,2023-02-14 00:00:00,10,462.11,4621.1
INV10954,CUST1164,2023-02-14 00:00:00,2,364.96,729.92
INV10954,CUST1164,2023-02-14 00:00:00,2,163.63,327.26
INV10955,CUST1164,2023-05-29 00:00:00,2,457.04,914.08
INV10956,CUST1164,2023-04-08 00:00:00,10,164.63,1646.3
INV10956,CUST1164,2023-04-08 00:00:00,4,98.71,394.84
INV10956,CUST1164,2023-04-08 00:00:00,2,43.04,86.08
INV10956,CUST1164,2023-04-08 00:00:00,2,342.23,684.46
INV10957,CUST1164,2023-12-05 00:00:00,1,350.14,350.14
INV10957,CUST1164,2023-12-05 00:00:00,10,192.89,1928.9
INV10957,CUST1164,2023-12-05 00:00:00,2,465.68,931.36
INV10957,CUST1164,2023-12-05 00:00:00,1,224.94,224.94
INV10958,CUST1164,2023-12-16 00:00:00,6,97.82,586.92
INV10958,CUST1164,2023-12-16 00:00:00,3,114.45,343.35
INV10959,CUST1164,2023-11-21 00:00:00,6,87.32,523.92
INV10959,CUST1164,2023-11-21 00:00:00,1,74.08,74.08
INV10959,CUST1164,2023-11-21 00:00:00,6,496.46,2978.76
INV10960,CUST1164,2023-10-24 00:00:00,1,211.95,211.95
INV10960,CUST1164,2023-10-24 00:00:00,6,229.42,1376.52
INV10960,CUST1164,2023-10-24 00:00:00,3,427.83,1283.49
INV10961,CUST1164,2023-10-04 00:00:00,10,452.42,4524.2
INV10961,CUST1164,2023-10-04 00:00:00,2,324.87,649.74
INV10962,CUST1164,2023-06-14 00:00:00,1,487.4,487.4
INV10962,CUST1164,2023-06-14 00:00:00,10,426.39,4263.9
INV10963,CUST1165,2023-01-17 00:00:00,2,90.72,181.44
INV10963,CUST1165,2023-01-17 00:00:00,3,40.44,121.32
INV10964,CUST1166,2023-07-20 00:00:00,3,155.02,465.06
INV10964,CUST1166,2023-07-20 00:00:00,10,107.79,1077.9
INV10964,CUST1166,2023-07-20 00:00:00,1,187.32,187.32
INV10965,CUST1166,2023-02-22 00:00:00,1,64.44,64.44
INV10965,CUST1166,2023-02-22 00:00:00,10,133.27,1332.7
INV10965,CUST1166,2023-02-22 00:00:00,4,202.09,808.36
INV10965,CUST1166,2023-02-22 00:00:00,1,196.62,196.62
INV10966,CUST1166,2023-01-22 00:00:00,10,90.04,900.4
INV10966,CUST1166,2023-01-22 00:00:00,1,256.06,256.06
INV10966,CUST1166,2023-01-22 00:00:00,6,204.85,1229.1
INV10966,CUST1166,2023-01-22 00:00:00,6,232.7,1396.2
INV10967,CUST1166,2023-04-09 00:00:00,10,224.73,2247.3
INV10967,CUST1166,2023-04-09 00:00:00,3,246.14,738.42
INV10967,CUST1166,2023-04-09 00:00:00,2,85.36,170.72
INV10968,CUST1166,2023-02-18 00:00:00,2,67.34,134.68
INV10968,CUST1166,2023-02-18 00:00:00,6,164.88,989.28
INV10968,CUST1166,2023-02-18 00:00:00,3,112.75,338.25
INV10968,CUST1166,2023-02-18 00:00:00,4,155.2,620.8
INV10969,CUST1166,2023-09-01 00:00:00,1,183.93,183.93
INV10969,CUST1166,2023-09-01 00:00:00,4,201.49,805.96
INV10970,CUST1167,2023-03-18 00:00:00,3,164.85,494.55
INV10970,CUST1167,2023-03-18 00:00:00,4,150.75,603.0
INV10970,CUST1167,2023-03-18 00:00:00,3,42.02,126.06
INV10971,CUST1167,2023-07-30 00:00:00,6,115.3,691.8
INV10972,CUST1167,2023-07-01 00:00:00,4,90.93,363.72
INV10972,CUST1167,2023-07-01 00:00:00,2,34.61,69.22
INV10972,CUST1167,2023-07-01 00:00:00,3,164.77,494.31
INV10972,CUST1167,2023-07-01 00:00:00,3,102.41,307.23
INV10973,CUST1167,2023-04-28 00:00:00,6,35.74,214.44
INV10973,CUST1167,2023-04-28 00:00:00,2,45.2,90.4
INV10973,CUST1167,2023-04-28 00:00:00,2,18.66,37.32
INV10974,CUST1167,2023-04-20 00:00:00,1,192.01,192.01
INV10974,CUST1167,2023-04-20 00:00:00,4,115.41,461.64
INV10974,CUST1167,2023-04-20 00:00:00,6,150.23,901.38
INV10975,CUST1167,2023-08-25 00:00:00,1,153.74,153.74
INV10975,CUST1167,2023-08-25 00:00:00,3,201.33,603.99
INV10975,CUST1167,2023-08-25 00:00:00,10,106.59,1065.9
INV10976,CUST1167,2023-01-06 00:00:00,6,181.17,1087.02
INV10976,CUST1167,2023-01-06 00:00:00,4,105.73,422.92
INV10976,CUST1167,2023-01-06 00:00:00,1,52.1,52.1
INV10977,CUST1167,2023-07-30 00:00:00,2,70.58,141.16
INV10978,CUST1167,2023-03-10 00:00:00,1,171.3,171.3
INV10979,CUST1167,2023-03-27 00:00:00,10,15.37,153.7
INV10979,CUST1167,2023-03-27 00:00:00,4,45.71,182.84
INV10980,CUST1168,2023-01-27 00:00:00,10,555.22,5552.2
INV10980,CUST1168,2023-01-27 00:00:00,4,166.58,666.32
INV10980,CUST1168,2023-01-27 00:00:00,10,230.03,2300.3
INV10980,CUST1168,2023-01-27 00:00:00,10,174.98,1749.8
INV10981,CUST1168,2023-01-20 00:00:00,10,455.33,4553.3
INV10982,CUST1168,2023-11-13 00:00:00,3,378.53,1135.59
INV10982,CUST1168,2023-11-13 00:00:00,1,528.84,528.84
INV10982,CUST1168,2023-11-13 00:00:00,4,149.65,598.6
INV10983,CUST1168,2023-07-27 00:00:00,4,38.75,155.0
INV10983,CUST1168,2023-07-27 00:00:00,6,528.52,3171.12
INV10983,CUST1168,2023-07-27 00:00:00,10,178.1,1781.0
INV10983,CUST1168,2023-07-27 00:00:00,4,543.35,2173.4
INV10984,CUST1168,2023-03-21 00:00:00,2,206.29,412.58
INV10984,CUST1168,2023-03-21 00:00:00,4,65.38,261.52
INV10984,CUST1168,2023-03-21 00:00:00,2,511.84,1023.68
INV10985,CUST1168,2023-02-24 00:00:00,4,225.03,900.12
INV10985,CUST1168,2023-02-24 00:00:00,6,93.96,563.76
INV10985,CUST1168,2023-02-24 00:00:00,2,119.86,239.72
INV10985,CUST1168,2023-02-24 00:00:00,2,118.79,237.58
INV10986,CUST1168,2023-05-18 00:00:00,4,469.53,1878.12
INV10986,CUST1168,2023-05-18 00:00:00,4,63.25,253.0
INV10986,CUST1168,2023-05-18 00:00:00,6,102.78,616.68
INV10987,CUST1168,2023-08-20 00:00:00,2,227.28,454.56
INV10987,CUST1168,2023-08-20 00:00:00,1,346.49,346.49
INV10988,CUST1168,2023-07-27 00:00:00,3,305.23,915.69
INV10989,CUST1169,2023-08-29 00:00:00,4,179.16,716.64
INV10989,CUST1169,2023-08-29 00:00:00,3,114.65,343.95
INV10989,CUST1169,2023-08-29 00:00:00,6,71.19,427.14
INV10989,CUST1169,2023-08-29 00:00:00,2,152.71,305.42
INV10990,CUST1169,2023-09-23 00:00:00,3,168.24,504.72
INV10991,CUST1169,2023-01-20 00:00:00,2,20.34,40.68
INV10992,CUST1170,2023-10-10 00:00:00,3,17.0,51.0
INV10992,CUST1170,2023-10-10 00:00:00,4,118.02,472.08
INV10992,CUST1170,2023-10-10 00:00:00,4,139.6,558.4
INV10993,CUST1170,2023-04-26 00:00:00,2,103.42,206.84
INV10994,CUST1171,2023-04-15 00:00:00,10,324.16,3241.6
INV10994,CUST1171,2023-04-15 00:00:00,3,129.84,389.52
INV10994,CUST1171,2023-04-15 00:00:00,6,350.97,2105.82
INV10994,CUST1171,2023-04-15 00:00:00,2,346.63,693.26
INV10995,CUST1171,2023-04-15 00:00:00,1,314.45,314.45
INV10996,CUST1171,2023-05-07 00:00:00,6,240.39,1442.34
INV10996,CUST1171,2023-05-07 00:00:00,1,317.27,317.27
INV10996,CUST1171,2023-05-07 00:00:00,4,212.4,849.6
INV10997,CUST1171,2023-05-06 00:00:00,3,46.41,139.23
INV10997,CUST1171,2023-05-06 00:00:00,4,96.71,386.84
INV10997,CUST1171,2023-05-06 00:00:00,6,60.3,361.8
INV10998,CUST1171,2023-04-09 00:00:00,2,181.55,363.1
INV10999,CUST1171,2023-10-03 00:00:00,2,354.72,709.44
INV10999,CUST1171,2023-10-03 00:00:00,6,368.91,2213.46
INV10999,CUST1171,2023-10-03 00:00:00,2,330.3,660.6
INV11000,CUST1171,2023-04-21 00:00:00,10,275.97,2759.7
INV11000,CUST1171,2023-04-21 00:00:00,10,30.91,309.1
INV11001,CUST1171,2023-07-06 00:00:00,3,243.6,730.8
INV11001,CUST1171,2023-07-06 00:00:00,10,157.33,1573.3
INV11001,CUST1171,2023-07-06 00:00:00,10,199.47,1994.7
INV11001,CUST1171,2023-07-06 00:00:00,4,152.12,608.48
INV11002,CUST1171,2023-01-11 00:00:00,4,318.98,1275.92
INV11002,,2023-01-11 00:00:00,1,206.52,206.52
INV11002,CUST1171,2023-01-11 00:00:00,4,277.31,1109.24
INV11003,CUST1171,2023-05-22 00:00:00,1,348.38,348.38
INV11004,CUST1171,2023-06-07 00:00:00,2,249.33,498.66
INV11005,CUST1171,2023-04-07 00:00:00,3,201.41,604.23
INV11005,CUST1171,2023-04-07 00:00:00,1,51.36,51.36
INV11006,CUST1171,2023-05-04 00:00:00,2,256.59,513.18
INV11006,CUST1171,2023-05-04 00:00:00,1,166.46,166.46
INV11007,CUST1172,2023-05-04 00:00:00,10,88.53,885.3
INV11007,CUST1172,2023-05-04 00:00:00,6,45.69,274.14
INV11007,CUST1172,2023-05-04 00:00:00,1,37.96,37.96
INV11008,CUST1172,2023-03-29 00:00:00,4,46.32,185.28
INV11008,CUST1172,2023-03-29 00:00:00,6,107.98,647.88
INV11009,CUST1173,2023-09-25 00:00:00,3,139.47,418.41
INV11010,CUST1173,2023-08-20 00:00:00,3,44.74,134.22
INV11011,CUST1173,2023-10-10 00:00:00,3,116.15,348.45
INV11011,CUST1173,2023-10-10 00:00:00,2,93.95,187.9
INV11011,CUST1173,2023-10-10 00:00:00,2,110.95,221.9
INV11011,CUST1173,2023-10-10 00:00:00,1,179.68,179.68
INV11012,CUST1173,2023-05-18 00:00:00,1,111.14,111.14
INV11012,CUST1173,2023-05-18 00:00:00,6,59.53,357.18
INV11012,CUST1173,2023-05-18 00:00:00,4,77.63,310.52
INV11012,CUST1173,2023-05-18 00:00:00,1,163.47,163.47
INV11013,CUST1173,2023-05-30 00:00:00,1,0.0,47.89
INV11014,CUST1173,2023-03-07 00:00:00,10,50.91,509.1
INV11014,CUST1173,2023-03-07 00:00:00,6,143.14,858.84
INV11014,CUST1173,2023-03-07 00:00:00,6,163.0,978.0
INV11014,CUST1173,2023-03-07 00:00:00,2,174.28,348.56
INV11015,CUST1173,2023-05-29 00:00:00,3,18.0,54.0
INV11015,CUST1173,2023-05-29 00:00:00,3,174.68,524.04
INV11015,CUST1173,2023-05-29 00:00:00,10,105.12,1051.2
INV11015,CUST1173,2023-05-29 00:00:00,10,147.59,1475.9
INV11016,CUST1173,2023-09-10 00:00:00,2,90.33,180.66
INV11016,CUST1173,2023-09-10 00:00:00,1,144.8,144.8
INV11016,CUST1173,2023-09-10 00:00:00,1,138.66,138.66
INV11017,CUST1173,2023-03-27 00:00:00,10,103.27,1032.7
INV11017,CUST1173,2023-03-27 00:00:00,4,168.32,673.28
INV11017,CUST1173,2023-03-27 00:00:00,1,112.44,112.44
INV11017,CUST1173,2023-03-27 00:00:00,10,49.85,498.5
INV11018,CUST1173,2023-09-27 00:00:00,1,132.67,132.67
INV11018,CUST1173,2023-09-27 00:00:00,10,87.96,879.6
INV11018,CUST1173,2023-09-27 00:00:00,6,183.5,1101.0
INV11018,CUST1173,2023-09-27 00:00:00,2,50.71,101.42
INV11019,CUST1174,2023-06-22 00:00:00,1,104.53,104.53
INV11019,CUST1174,2023-06-22 00:00:00,10,137.34,1373.4
INV11019,CUST1174,2023-06-22 00:00:00,3,27.05,81.15
INV11019,CUST1174,2023-06-22 00:00:00,2,43.24,86.48
INV11020,CUST1174,2023-06-16 00:00:00,10,103.87,1038.7
INV11021,CUST1174,2023-07-24 00:00:00,1,44.02,44.02
INV11021,CUST1174,2023-07-24 00:00:00,2,32.69,65.38
INV11021,CUST1174,2023-07-24 00:00:00,3,41.93,125.79
INV11021,CUST1174,2023-07-24 00:00:00,1,76.02,76.02
INV11022,CUST1175,2023-07-04 00:00:00,3,253.98,761.94
INV11022,CUST1175,2023-07-04 00:00:00,10,91.4,914.0
INV11023,CUST1175,2023-05-10 00:00:00,3,195.6,586.8
INV11023,CUST1175,2023-05-10 00:00:00,10,179.07,1790.7
INV11023,CUST1175,2023-05-10 00:00:00,2,287.63,575.26
INV11023,CUST1175,2023-05-10 00:00:00,10,149.24,1492.4
INV11024,CUST1175,2023-02-04 00:00:00,10,181.39,1813.9
INV11024,CUST1175,2023-02-04 00:00:00,2,286.93,573.86
INV11024,CUST1175,2023-02-04 00:00:00,1,28.01,28.01
INV11025,CUST1175,2023-10-26 00:00:00,10,184.48,1844.8
INV11025,CUST1175,2023-10-26 00:00:00,3,81.07,243.21
INV11026,CUST1175,2023-04-20 00:00:00,1,90.42,90.42
INV11026,CUST1175,2023-04-20 00:00:00,4,256.4,1025.6
INV11027,CUST1175,2023-01-07 00:00:00,3,237.14,711.42
INV11027,CUST1175,2023-01-07 00:00:00,2,248.02,496.04
INV11028,CUST1175,2023-04-13 00:00:00,10,270.06,2700.6
INV11028,CUST1175,2023-04-13 00:00:00,4,214.26,857.04
INV11028,CUST1175,2023-04-13 00:00:00,2,139.81,279.62
INV11029,CUST1175,2023-05-12 00:00:00,2,221.64,443.28
INV11029,CUST1175,2023-05-12 00:00:00,1,50.63,50.63
INV11029,CUST1175,2023-05-12 00:00:00,10,220.53,2205.3
INV11030,CUST1176,2023-02-12 00:00:00,10,33.0,330.0
INV11030,CUST1176,2023-02-12 00:00:00,2,101.24,202.48
INV11030,CUST1176,2023-02-12 00:00:00,3,89.02,267.06
INV11031,CUST1176,2023-07-05 00:00:00,4,24.64,98.56
INV11032,CUST1176,2023-02-05 00:00:00,1,82.61,82.61
INV11032,CUST1176,2023-02-05 00:00:00,6,36.28,217.68
INV11033,CUST1177,2023-03-24 00:00:00,6,53.0,318.0
INV11034,CUST1177,2023-04-02 00:00:00,2,177.43,354.86
INV11034,CUST1177,2023-04-02 00:00:00,1,30.37,30.37
INV11034,CUST1177,2023-04-02 00:00:00,4,163.89,655.56
INV11035,CUST1177,2023-06-25 00:00:00,3,146.72,440.16
INV11035,CUST1177,2023-06-25 00:00:00,1,178.28,178.28
INV11035,CUST1177,2023-06-25 00:00:00,3,112.75,338.25
INV11036,CUST1177,2023-07-08 00:00:00,6,159.17,955.02
INV11036,CUST1177,2023-07-08 00:00:00,1,44.16,44.16
INV11037,CUST1177,2023-05-01 00:00:00,6,167.98,1007.88
INV11037,CUST1177,2023-05-01 00:00:00,6,0.0,1142.28
INV11037,CUST1177,2023-05-01 00:00:00,6,18.71,112.26
INV11038,CUST1177,2023-10-25 00:00:00,10,83.78,837.8
INV11038,CUST1177,2023-10-25 00:00:00,6,121.72,730.32
INV11038,CUST1177,2023-10-25 00:00:00,10,36.35,363.5
INV11039,CUST1177,2023-09-13 00:00:00,1,62.57,62.57
INV11039,CUST1177,2023-09-13 00:00:00,10,111.04,1110.4
INV11040,CUST1177,2023-05-03 00:00:00,4,50.54,202.16
INV11040,CUST1177,2023-05-03 00:00:00,1,122.57,122.57
INV11040,CUST1177,2023-05-03 00:00:00,6,66.11,396.66
INV11041,CUST1177,2023-06-13 00:00:00,1,111.64,111.64
INV11042,CUST1177,2023-10-26 00:00:00,4,159.76,639.04
INV11042,CUST1177,2023-10-26 00:00:00,1,115.35,115.35
INV11043,CUST1177,2023-09-22 00:00:00,2,18.92,37.84
INV11043,CUST1177,2023-09-22 00:00:00,3,121.6,364.8
INV11043,CUST1177,2023-09-22 00:00:00,10,160.67,1606.7
INV11044,CUST1178,2023-01-07 00:00:00,1,46.01,46.01
INV11045,CUST1179,2023-12-21 00:00:00,6,218.82,1312.92
INV11045,CUST1179,2023-12-21 00:00:00,6,142.95,857.7
INV11045,CUST1179,2023-12-21 00:00:00,2,219.51,439.02
INV11045,CUST1179,2023-12-21 00:00:00,4,181.48,725.92
INV11046,CUST1179,2023-11-01 00:00:00,1,51.73,51.73
INV11046,CUST1179,2023-11-01 00:00:00,10,343.52,3435.2
INV11046,CUST1179,2023-11-01 00:00:00,4,155.1,620.4
INV11046,CUST1179,2023-11-01 00:00:00,3,330.24,990.72
INV11047,CUST1179,2023-01-08 00:00:00,10,54.76,547.6
INV11047,CUST1179,2023-01-08 00:00:00,2,176.38,352.76
INV11048,CUST1179,2023-09-05 00:00:00,6,41.78,250.68
INV11048,CUST1179,2023-09-05 00:00:00,2,111.33,222.66
INV11048,CUST1179,2023-09-05 00:00:00,1,182.03,182.03
INV11049,CUST1179,2023-07-28 00:00:00,3,320.78,962.34
INV11049,CUST1179,2023-07-28 00:00:00,10,159.99,1599.9
INV11049,CUST1179,2023-07-28 00:00:00,10,34.84,348.4
INV11050,CUST1179,2023-07-08 00:00:00,3,226.26,678.78
INV11051,CUST1179,2023-07-03 00:00:00,1,351.98,351.98
INV11052,CUST1179,2023-06-07 00:00:00,1,189.23,189.23
INV11053,CUST1179,2023-01-31 00:00:00,4,210.76,843.04
INV11053,CUST1179,2023-01-31 00:00:00,4,131.59,526.36
INV11053,CUST1179,2023-01-31 00:00:00,3,289.49,868.47
INV11054,CUST1179,2023-05-04 00:00:00,10,257.87,2578.7
INV11055,CUST1179,2023-12-05 00:00:00,1,153.38,153.38
INV11056,CUST1179,2023-01-15 00:00:00,3,130.67,392.01
INV11056,CUST1179,2023-01-15 00:00:00,10,165.54,1655.4
INV11056,CUST1179,2023-01-15 00:00:00,10,294.82,2948.2
INV11056,CUST1179,2023-01-15 00:00:00,1,308.29,308.29
INV11057,CUST1179,2023-11-21 00:00:00,4,49.39,197.56
INV11057,CUST1179,2023-11-21 00:00:00,4,217.34,869.36
INV11058,CUST1180,2023-02-13 00:00:00,6,188.87,1133.22
INV11059,CUST1180,2023-01-17 00:00:00,1,309.96,309.96
INV11059,CUST1180,2023-01-17 00:00:00,6,49.69,298.14
INV11059,CUST1180,2023-01-17 00:00:00,4,237.35,949.4
INV11059,CUST1180,2023-01-17 00:00:00,3,213.36,640.08
INV11060,CUST1180,2023-05-13 00:00:00,3,152.72,458.16
INV11060,CUST1180,2023-05-13 00:00:00,4,252.14,1008.56
INV11060,CUST1180,2023-05-13 00:00:00,10,239.89,2398.9
INV11061,CUST1180,2023-10-08 00:00:00,2,161.41,322.82
INV11061,CUST1180,2023-10-08 00:00:00,1,79.13,79.13
INV11062,CUST1180,2023-09-04 00:00:00,3,102.22,306.66
INV11062,CUST1180,2023-09-04 00:00:00,10,43.41,434.1
INV11063,CUST1180,2023-07-17 00:00:00,1,203.95,203.95
INV11063,CUST1180,2023-07-17 00:00:00,1,278.75,278.75
INV11063,CUST1180,2023-07-17 00:00:00,6,259.14,1554.84
INV11064,CUST1180,2023-07-01 00:00:00,4,127.82,511.28
INV11064,CUST1180,2023-07-01 00:00:00,10,147.64,1476.4
INV11064,CUST1180,2023-07-01 00:00:00,1,63.92,63.92
INV11064,CUST1180,2023-07-01 00:00:00,1,227.42,227.42
INV11065,CUST1180,2023-02-08 00:00:00,3,42.67,128.01
INV11066,CUST1180,2023-01-20 00:00:00,6,102.85,617.1
INV11067,CUST1180,2023-11-01 00:00:00,10,230.3,2303.0
INV11067,CUST1180,2023-11-01 00:00:00,1,261.0,261.0
INV11068,CUST1180,2023-06-17 00:00:00,6,242.56,1455.36
INV11068,CUST1180,2023-06-17 00:00:00,2,149.65,299.3
INV11068,CUST1180,2023-06-17 00:00:00,2,134.07,268.14
INV11069,CUST1181,2023-06-25 00:00:00,10,148.66,1486.6
INV11069,CUST1181,2023-06-25 00:00:00,2,267.17,534.34
INV11070,CUST1181,2023-03-16 00:00:00,2,223.99,447.98
INV11070,CUST1181,2023-03-16 00:00:00,6,268.89,1613.34
INV11071,CUST1181,2023-08-21 00:00:00,10,29.41,294.1
INV11072,CUST1181,2023-02-24 00:00:00,1,145.96,145.96
INV11072,CUST1181,2023-02-24 00:00:00,10,271.67,2716.7
INV11072,CUST1181,2023-02-24 00:00:00,1,103.43,103.43
INV11073,CUST1181,2023-01-07 00:00:00,6,51.92,311.52
INV11073,CUST1181,2023-01-07 00:00:00,1,155.81,155.81
INV11073,CUST1181,2023-01-07 00:00:00,2,273.44,546.88
INV11073,CUST1181,2023-01-07 00:00:00,3,25.66,76.98
INV11074,CUST1181,2023-08-17 00:00:00,10,96.24,962.4
INV11074,CUST1181,2023-08-17 00:00:00,6,202.44,1214.64
INV11074,CUST1181,2023-08-17 00:00:00,3,44.89,134.67
INV11075,CUST1181,2023-06-01 00:00:00,6,32.56,195.36
INV11075,CUST1181,2023-06-01 00:00:00,2,262.09,524.18
INV11076,CUST1181,2023-02-04 00:00:00,6,315.53,1893.18
INV11077,CUST1181,2023-03-18 00:00:00,4,23.07,92.28
INV11077,CUST1181,2023-03-18 00:00:00,3,306.95,920.85
INV11077,CUST1181,2023-03-18 00:00:00,4,224.78,899.12
INV11078,CUST1181,2023-10-13 00:00:00,6,22.99,137.94
INV11079,CUST1181,2023-01-19 00:00:00,1,255.26,255.26
INV11079,CUST1181,2023-01-19 00:00:00,1,195.99,195.99
INV11080,CUST1181,2023-08-26 00:00:00,1,291.29,291.29
INV11080,CUST1181,2023-08-26 00:00:00,1,44.45,44.45
INV11081,CUST1181,2023-04-02 00:00:00,1,243.25,243.25
INV11081,CUST1181,2023-04-02 00:00:00,2,192.23,384.46
INV11081,CUST1181,2023-04-02 00:00:00,1,201.23,201.23
INV11082,CUST1181,2023-11-03 00:00:00,4,159.15,636.6
INV11082,CUST1181,2023-11-03 00:00:00,1,76.05,76.05
INV11082,CUST1181,2023-11-03 00:00:00,2,327.03,654.06
INV11083,CUST1181,2023-10-30 00:00:00,1,204.54,204.54
INV11084,CUST1181,2023-06-24 00:00:00,6,108.93,653.58
INV11084,CUST1181,2023-06-24 00:00:00,1,188.0,188.0
INV11085,CUST1181,2023-12-15 00:00:00,4,208.37,833.48
INV11085,CUST1181,2023-12-15 00:00:00,2,109.56,219.12
INV11085,CUST1181,2023-12-15 00:00:00,6,287.57,1725.42
INV11085,CUST1181,2023-12-15 00:00:00,10,37.05,370.5
INV11086,CUST1181,2023-06-08 00:00:00,3,109.56,328.68
INV11086,CUST1181,2023-06-08 00:00:00,2,26.41,52.82
INV11086,CUST1181,2023-06-08 00:00:00,2,201.47,402.94
INV11086,CUST1181,2023-06-08 00:00:00,2,151.98,303.96
INV11087,CUST1182,2023-05-01 00:00:00,2,116.48,232.96
INV11087,CUST1182,2023-05-01 00:00:00,2,120.15,240.3
INV11087,CUST1182,2023-05-01 00:00:00,1,85.26,85.26
INV11087,CUST1182,2023-05-01 00:00:00,6,55.43,332.58
INV11088,CUST1183,2023-03-31 00:00:00,1,34.4,34.4
INV11088,CUST1183,2023-03-31 00:00:00,6,17.88,107.28
INV11088,CUST1183,2023-03-31 00:00:00,1,17.95,17.95
INV11089,CUST1184,2023-08-20 00:00:00,3,242.7,728.1
INV11090,CUST1184,2023-09-07 00:00:00,1,140.5,140.5
INV11090,CUST1184,2023-09-07 00:00:00,6,179.6,1077.6
INV11090,CUST1184,2023-09-07 00:00:00,2,238.64,477.28
INV11091,CUST1184,2023-10-28 00:00:00,1,208.3,208.3
INV11091,CUST1184,2023-10-28 00:00:00,1,163.75,163.75
INV11091,CUST1184,2023-10-28 00:00:00,1,86.66,86.66
INV11092,CUST1184,2023-10-04 00:00:00,1,188.85,188.85
INV11092,CUST1184,2023-10-04 00:00:00,10,156.28,1562.8
INV11093,CUST1184,2023-02-10 00:00:00,2,292.77,585.54
INV11093,CUST1184,2023-02-10 00:00:00,10,86.24,862.4
INV11093,CUST1184,2023-02-10 00:00:00,10,75.84,758.4
INV11094,CUST1184,2023-08-13 00:00:00,4,291.76,1167.04
INV11094,CUST1184,2023-08-13 00:00:00,2,45.29,90.58
INV11094,CUST1184,2023-08-13 00:00:00,6,111.39,668.34
INV11094,CUST1184,2023-08-13 00:00:00,2,275.37,550.74
INV11095,CUST1184,2023-08-05 00:00:00,10,194.92,1949.2
INV11095,CUST1184,2023-08-05 00:00:00,6,101.69,610.14
INV11095,CUST1184,2023-08-05 00:00:00,4,278.37,1113.48
INV11096,CUST1184,2023-01-18 00:00:00,2,230.52,461.04
INV11096,CUST1184,2023-01-18 00:00:00,10,276.87,2768.7
INV11097,CUST1184,2023-08-04 00:00:00,2,107.63,215.26
INV11097,CUST1184,2023-08-04 00:00:00,6,189.25,1135.5
INV11097,CUST1184,2023-08-04 00:00:00,10,261.53,2615.3
INV11098,CUST1184,2023-08-08 00:00:00,1,214.88,214.88
INV11098,CUST1184,2023-08-08 00:00:00,3,25.64,76.92
INV11098,CUST1184,2023-08-08 00:00:00,6,197.42,1184.52
INV11098,CUST1184,2023-08-08 00:00:00,10,300.2,3002.0
INV11099,CUST1185,2023-03-22 00:00:00,3,108.15,324.45
INV11100,CUST1185,2023-07-09 00:00:00,6,47.16,282.96
INV11100,CUST1185,2023-07-09 00:00:00,2,79.28,158.56
INV11100,CUST1185,2023-07-09 00:00:00,4,40.94,163.76
INV11100,CUST1185,2023-07-09 00:00:00,1,18.84,18.84
INV11101,CUST1185,2023-10-01 00:00:00,10,48.83,488.3
INV11101,CUST1185,2023-10-01 00:00:00,3,61.78,185.34
INV11101,CUST1185,2023-10-01 00:00:00,2,30.77,61.54
INV11101,CUST1185,2023-10-01 00:00:00,10,102.56,1025.6
INV11102,CUST1186,2023-03-09 00:00:00,4,38.17,152.68
INV11102,CUST1186,2023-03-09 00:00:00,2,5.43,10.86
INV11102,CUST1186,2023-03-09 00:00:00,10,19.79,197.9
INV11103,CUST1187,2023-01-18 00:00:00,1,129.22,129.22
INV11104,CUST1188,2023-02-05 00:00:00,2,30.96,61.92
INV11104,CUST1188,2023-02-05 00:00:00,2,64.87,129.74
INV11104,CUST1188,2023-02-05 00:00:00,10,91.63,916.3
INV11105,CUST1188,2023-04-03 00:00:00,4,116.04,464.16
INV11105,CUST1188,2023-04-03 00:00:00,3,55.33,165.99
INV11105,CUST1188,2023-04-03 00:00:00,10,50.11,501.1
INV11106,CUST1189,2023-05-18 00:00:00,6,45.58,273.48
INV11106,CUST1189,2023-05-18 00:00:00,3,322.46,967.38
INV11107,CUST1189,2023-10-02 00:00:00,10,78.86,788.6
INV11107,CUST1189,2023-10-02 00:00:00,4,317.24,1268.96
INV11107,CUST1189,2023-10-02 00:00:00,10,156.12,1561.2
INV11108,CUST1189,2023-10-07 00:00:00,3,90.98,272.94
INV11108,CUST1189,2023-10-07 00:00:00,4,306.59,1226.36
INV11108,CUST1189,2023-10-07 00:00:00,3,35.85,107.55
INV11108,CUST1189,2023-10-07 00:00:00,1,146.52,146.52
INV11109,CUST1189,2023-09-08 00:00:00,2,126.6,253.2
INV11109,CUST1189,2023-09-08 00:00:00,6,188.3,1129.8
INV11109,CUST1189,2023-09-08 00:00:00,2,64.65,129.3
INV11109,CUST1189,2023-09-08 00:00:00,3,167.01,501.03
INV11110,CUST1189,2023-09-08 00:00:00,4,270.56,1082.24
INV11110,CUST1189,2023-09-08 00:00:00,2,267.62,535.24
INV11111,CUST1190,2023-09-30 00:00:00,1,487.06,487.06
INV11111,CUST1190,2023-09-30 00:00:00,10,127.46,1274.6
INV11111,CUST1190,2023-09-30 00:00:00,10,556.62,5566.2
INV11112,CUST1190,2023-09-02 00:00:00,2,183.44,366.88
INV11112,CUST1190,2023-09-02 00:00:00,3,302.37,907.11
INV11112,CUST1190,2023-09-02 00:00:00,3,314.84,944.52
INV11112,CUST1190,2023-09-02 00:00:00,4,251.64,1006.56
INV11113,CUST1190,2023-10-25 00:00:00,1,451.67,451.67
INV11114,CUST1190,2023-11-04 00:00:00,10,274.92,2749.2
INV11114,CUST1190,2023-11-04 00:00:00,3,586.13,1758.39
INV11114,CUST1190,2023-11-04 00:00:00,2,215.65,431.3
INV11115,CUST1190,2023-03-19 00:00:00,10,253.01,2530.1
INV11115,CUST1190,2023-03-19 00:00:00,10,283.44,2834.4
INV11116,CUST1190,2023-03-27 00:00:00,2,392.76,785.52
INV11116,CUST1190,2023-03-27 00:00:00,10,416.65,4166.5
INV11116,CUST1190,2023-03-27 00:00:00,1,360.63,360.63
INV11116,CUST1190,2023-03-27 00:00:00,3,139.4,418.2
INV11117,CUST1190,2023-06-16 00:00:00,4,491.7,1966.8
INV11118,CUST1190,2023-02-13 00:00:00,2,338.5,677.0
INV11118,CUST1190,2023-02-13 00:00:00,1,587.15,587.15
INV11118,CUST1190,2023-02-13 00:00:00,10,231.73,2317.3
INV11119,CUST1190,2023-02-13 00:00:00,6,292.26,1753.56
INV11119,CUST1190,2023-02-13 00:00:00,1,511.3,511.3
INV11119,CUST1190,2023-02-13 00:00:00,10,59.81,598.1
INV11120,CUST1190,2023-08-29 00:00:00,1,181.69,181.69
INV11121,CUST1190,2023-09-12 00:00:00,10,564.66,5646.6
INV11121,CUST1190,2023-09-12 00:00:00,1,307.54,307.54
INV11122,CUST1190,2023-12-13 00:00:00,1,64.32,64.32
INV11123,CUST1190,2023-03-15 00:00:00,1,256.82,256.82
INV11123,CUST1190,2023-03-15 00:00:00,3,246.28,738.84
INV11123,CUST1190,2023-03-15 00:00:00,6,243.63,1461.78
INV11124,CUST1190,2023-09-03 00:00:00,4,436.06,1744.24
INV11125,CUST1190,2023-08-14 00:00:00,2,138.99,277.98
INV11126,CUST1190,2023-08-15 00:00:00,3,546.79,1640.37
INV11126,CUST1190,2023-08-15 00:00:00,1,568.32,568.32
INV11126,CUST1190,2023-08-15 00:00:00,3,249.64,748.92
INV11127,CUST1190,2023-11-01 00:00:00,10,473.48,4734.8
INV11128,CUST1191,2023-02-12 00:00:00,6,24.55,147.3
INV11128,CUST1191,2023-02-12 00:00:00,4,175.44,701.76
INV11128,CUST1191,2023-02-12 00:00:00,1,12.35,12.35
INV11128,CUST1191,2023-02-12 00:00:00,3,122.66,367.98
INV11129,CUST1191,2023-02-15 00:00:00,4,117.58,470.32
INV11129,CUST1191,2023-02-15 00:00:00,6,85.94,515.64
INV11129,CUST1191,2023-02-15 00:00:00,4,164.25,657.0
INV11129,CUST1191,2023-02-15 00:00:00,10,86.42,864.2
INV11130,CUST1192,2023-06-21 00:00:00,1,83.31,83.31
INV11131,CUST1193,2023-06-13 00:00:00,1,43.11,43.11
INV11131,CUST1193,2023-06-13 00:00:00,3,197.87,593.61
INV11132,CUST1194,2023-07-24 00:00:00,2,245.62,491.24
INV11132,CUST1194,2023-07-24 00:00:00,2,81.53,163.06
INV11133,CUST1194,2023-03-07 00:00:00,2,136.1,272.2
INV11133,CUST1194,2023-03-07 00:00:00,2,90.94,181.88
INV11134,CUST1194,2023-02-22 00:00:00,3,117.66,352.98
INV11135,CUST1194,2023-02-09 00:00:00,3,151.88,455.64
INV11135,CUST1194,2023-02-09 00:00:00,4,23.27,93.08
INV11136,CUST1194,2023-08-18 00:00:00,4,165.26,661.04
INV11137,CUST1194,2023-04-09 00:00:00,1,164.52,164.52
INV11138,CUST1194,2023-08-08 00:00:00,4,129.1,516.4
INV11138,CUST1194,2023-08-08 00:00:00,4,94.51,378.04
INV11138,CUST1194,2023-08-08 00:00:00,3,22.99,68.97
INV11139,CUST1194,2023-08-23 00:00:00,3,90.75,272.25
INV11139,CUST1194,2023-08-23 00:00:00,2,40.26,80.52
INV11139,CUST1194,2023-08-23 00:00:00,4,141.7,566.8
INV11140,CUST1194,2023-07-14 00:00:00,1,50.83,50.83
INV11140,CUST1194,2023-07-14 00:00:00,4,97.56,390.24
INV11140,CUST1194,2023-07-14 00:00:00,6,232.24,1393.44
INV11140,CUST1194,2023-07-14 00:00:00,2,185.81,371.62
INV11141,CUST1195,2023-08-23 00:00:00,2,257.2,514.4
INV11141,CUST1195,2023-08-23 00:00:00,2,333.21,666.42
INV11141,CUST1195,2023-08-23 00:00:00,4,276.86,1107.44
INV11141,CUST1195,2023-08-23 00:00:00,3,167.66,502.98
INV11142,CUST1195,2023-03-17 00:00:00,6,342.51,2055.06
INV11142,CUST1195,2023-03-17 00:00:00,4,139.28,557.12
INV11142,CUST1195,2023-03-17 00:00:00,2,270.11,540.22
INV11142,CUST1195,2023-03-17 00:00:00,6,67.81,406.86
INV11143,CUST1195,2023-03-12 00:00:00,1,49.62,49.62
INV11143,CUST1195,2023-03-12 00:00:00,1,192.37,192.37
INV11144,CUST1195,2023-02-16 00:00:00,10,209.31,2093.1
INV11144,CUST1195,2023-02-16 00:00:00,10,283.23,2832.3
INV11145,CUST1195,2023-01-24 00:00:00,1,69.14,69.14
INV11145,CUST1195,2023-01-24 00:00:00,3,0.0,763.32
INV11145,CUST1195,2023-01-24 00:00:00,6,295.86,1775.16
INV11146,CUST1195,2023-04-19 00:00:00,1,276.73,276.73
INV11146,CUST1195,2023-04-19 00:00:00,10,201.79,2017.9
INV11147,CUST1195,2023-01-01 00:00:00,3,61.33,183.99
INV11147,CUST1195,2023-01-01 00:00:00,6,336.27,2017.62
INV11147,CUST1195,2023-01-01 00:00:00,10,202.8,2028.0
INV11147,CUST1195,2023-01-01 00:00:00,10,186.46,1864.6
INV11148,CUST1195,2023-02-14 00:00:00,6,282.71,1696.26
INV11149,CUST1195,2023-09-20 00:00:00,4,199.66,798.64
INV11149,CUST1195,2023-09-20 00:00:00,3,273.64,820.92
INV11150,CUST1195,2023-06-15 00:00:00,3,185.22,555.66
INV11151,CUST1195,2023-04-13 00:00:00,6,193.88,1163.28
INV11151,CUST1195,2023-04-13 00:00:00,4,146.06,584.24
INV11151,CUST1195,2023-04-13 00:00:00,6,287.14,1722.84
INV11151,CUST1195,2023-04-13 00:00:00,3,60.28,180.84
INV11152,CUST1196,2023-01-09 00:00:00,4,81.97,327.88
INV11152,CUST1196,2023-01-09 00:00:00,1,150.66,150.66
INV11152,CUST1196,2023-01-09 00:00:00,6,121.84,731.04
INV11152,CUST1196,2023-01-09 00:00:00,6,79.69,478.14
INV11153,CUST1197,2023-01-22 00:00:00,1,70.41,70.41
INV11154,CUST1198,2023-01-22 00:00:00,10,110.01,1100.1
INV11154,CUST1198,2023-01-22 00:00:00,3,81.37,244.11
INV11155,CUST1198,2023-01-06 00:00:00,3,71.26,213.78
INV11156,CUST1199,2023-01-30 00:00:00,10,28.02,280.2
INV11156,CUST1199,2023-01-30 00:00:00,1,55.53,55.53
INV11157,CUST1199,2023-05-08 00:00:00,3,69.21,207.63
INV11157,CUST1199,2023-05-08 00:00:00,2,154.52,309.04
INV11157,CUST1199,2023-05-08 00:00:00,2,36.87,73.74
INV11158,CUST1200,2023-06-06 00:00:00,3,147.57,442.71
INV11158,CUST1200,2023-06-06 00:00:00,1,39.97,39.97
INV11158,CUST1200,2023-06-06 00:00:00,3,143.6,430.8
INV11158,CUST1200,2023-06-06 00:00:00,10,118.14,1181.4
INV11159,CUST1201,2023-03-01 00:00:00,1,366.54,366.54
INV11160,CUST1201,2023-08-15 00:00:00,2,375.55,751.1
INV11160,CUST1201,2023-08-15 00:00:00,1,304.84,304.84
INV11161,CUST1201,2023-08-04 00:00:00,1,568.98,568.98
INV11161,CUST1201,2023-08-04 00:00:00,4,323.26,1293.04
INV11162,CUST1201,2023-03-11 00:00:00,1,299.89,299.89
INV11162,CUST1201,2023-03-11 00:00:00,10,579.64,5796.4
INV11163,CUST1201,2023-05-21 00:00:00,2,454.95,909.9
INV11163,CUST1201,2023-05-21 00:00:00,6,70.3,421.8
INV11163,CUST1201,2023-05-21 00:00:00,3,327.22,981.66
INV11163,CUST1201,2023-05-21 00:00:00,2,142.72,285.44
INV11164,CUST1201,2023-12-02 00:00:00,1,584.84,584.84
INV11165,CUST1201,2023-02-03 00:00:00,10,415.21,4152.1
INV11165,CUST1201,2023-02-03 00:00:00,3,370.07,1110.21
INV11166,CUST1201,2023-06-25 00:00:00,2,469.76,939.52
INV11166,CUST1201,2023-06-25 00:00:00,6,508.5,3051.0
INV11166,CUST1201,2023-06-25 00:00:00,3,155.35,466.05
INV11166,CUST1201,2023-06-25 00:00:00,10,284.91,2849.1
INV11167,CUST1201,2023-05-06 00:00:00,10,89.63,896.3
INV11167,CUST1201,2023-05-06 00:00:00,3,271.52,814.56
INV11167,CUST1201,2023-05-06 00:00:00,10,306.77,3067.7
INV11167,CUST1201,2023-05-06 00:00:00,2,232.65,465.3
INV11168,CUST1201,2023-02-17 00:00:00,2,129.86,259.72
INV11168,CUST1201,2023-02-17 00:00:00,2,297.59,595.18
INV11168,CUST1201,2023-02-17 00:00:00,2,433.86,867.72
INV11168,CUST1201,2023-02-17 00:00:00,6,98.48,590.88
INV11169,CUST1201,2023-03-24 00:00:00,1,380.73,380.73
INV11170,CUST1201,2023-10-08 00:00:00,1,355.33,355.33
INV11170,CUST1201,2023-10-08 00:00:00,1,341.43,341.43
INV11170,CUST1201,2023-10-08 00:00:00,1,592.75,592.75
INV11170,CUST1201,2023-10-08 00:00:00,1,605.06,605.06
INV11171,CUST1201,2023-10-02 00:00:00,6,613.03,3678.18
INV11171,CUST1201,2023-10-02 00:00:00,10,105.34,1053.4
INV11171,CUST1201,2023-10-02 00:00:00,1,423.72,423.72
INV11171,CUST1201,2023-10-02 00:00:00,2,622.76,1245.52
INV11172,CUST1201,2023-10-18 00:00:00,4,249.46,997.84
INV11172,CUST1201,2023-10-18 00:00:00,2,421.71,843.42
INV11172,CUST1201,2023-10-18 00:00:00,1,297.68,297.68
INV11173,CUST1201,2023-10-06 00:00:00,1,66.46,66.46
INV11174,CUST1201,2023-07-28 00:00:00,1,327.16,327.16
INV11174,CUST1201,2023-07-28 00:00:00,1,60.9,60.9
INV11174,CUST1201,2023-07-28 00:00:00,10,304.52,3045.2
INV11175,CUST1201,2023-01-04 00:00:00,4,81.77,327.08
INV11175,CUST1201,2023-01-04 00:00:00,6,619.42,3716.52
INV11175,CUST1201,2023-01-04 00:00:00,10,113.52,1135.2
INV11176,CUST1201,2023-09-09 00:00:00,1,188.32,188.32
INV11176,CUST1201,2023-09-09 00:00:00,1,402.91,402.91
INV11176,CUST1201,2023-09-09 00:00:00,4,459.37,1837.48
INV11176,CUST1201,2023-09-09 00:00:00,10,524.96,5249.6
INV11177,CUST1201,2023-05-06 00:00:00,6,480.31,2881.86
INV11177,CUST1201,2023-05-06 00:00:00,3,100.43,301.29
INV11178,CUST1202,2023-03-14 00:00:00,6,40.89,245.34
INV11178,CUST1202,2023-03-14 00:00:00,6,82.11,492.66
INV11178,CUST1202,2023-03-14 00:00:00,4,91.36,365.44
INV11179,CUST1202,2023-03-04 00:00:00,3,272.93,818.79
INV11180,CUST1202,2023-01-18 00:00:00,10,113.21,1132.1
INV11180,CUST1202,2023-01-18 00:00:00,1,156.96,156.96
INV11181,CUST1202,2023-03-24 00:00:00,10,145.73,1457.3
INV11182,CUST1202,2023-09-24 00:00:00,3,168.82,506.46
INV11182,CUST1202,2023-09-24 00:00:00,10,30.54,305.4
INV11182,CUST1202,2023-09-24 00:00:00,4,62.78,251.12
INV11182,CUST1202,2023-09-24 00:00:00,6,64.47,386.82
INV11183,CUST1202,2023-03-23 00:00:00,2,66.52,133.04
INV11183,CUST1202,2023-03-23 00:00:00,2,72.17,144.34
INV11183,CUST1202,2023-03-23 00:00:00,2,82.14,164.28
INV11184,CUST1202,2023-06-03 00:00:00,4,164.5,658.0
INV11185,CUST1202,2023-05-22 00:00:00,6,151.77,910.62
INV11185,CUST1202,2023-05-22 00:00:00,6,157.53,945.18
INV11186,CUST1202,2023-11-04 00:00:00,4,99.31,397.24
INV11186,CUST1202,2023-11-04 00:00:00,10,181.58,1815.8
INV11187,CUST1202,2023-04-25 00:00:00,4,86.66,346.64
INV11187,CUST1202,2023-04-25 00:00:00,1,203.0,203.0
INV11188,CUST1202,2023-09-13 00:00:00,10,284.5,2845.0
INV11188,CUST1202,2023-09-13 00:00:00,2,203.96,407.92
INV11188,CUST1202,2023-09-13 00:00:00,3,95.23,285.69
INV11188,CUST1202,2023-09-13 00:00:00,10,281.48,2814.8
INV11189,CUST1203,2023-03-29 00:00:00,10,99.66,996.6
INV11190,CUST1204,2023-03-04 00:00:00,3,19.35,58.05
INV11191,CUST1204,2023-08-19 00:00:00,1,29.52,29.52
INV11192,CUST1205,2023-03-30 00:00:00,3,128.03,384.09
INV11193,CUST1205,2023-06-28 00:00:00,2,179.51,359.02
INV11193,CUST1205,2023-06-28 00:00:00,1,296.94,296.94
INV11193,CUST1205,2023-06-28 00:00:00,2,224.39,448.78
INV11194,CUST1205,2023-10-25 00:00:00,1,398.22,398.22
INV11194,CUST1205,2023-10-25 00:00:00,6,337.27,2023.62
INV11194,CUST1205,2023-10-25 00:00:00,3,167.09,501.27
INV11194,CUST1205,2023-10-25 00:00:00,6,117.44,704.64
INV11195,CUST1205,2023-07-02 00:00:00,6,115.24,691.44
INV11195,CUST1205,2023-07-02 00:00:00,4,216.4,865.6
INV11196,CUST1205,2023-10-19 00:00:00,4,265.87,1063.48
INV11197,CUST1205,2023-08-23 00:00:00,2,326.53,653.06
INV11197,CUST1205,2023-08-23 00:00:00,2,127.72,255.44
INV11197,CUST1205,2023-08-23 00:00:00,6,223.45,1340.7
INV11198,CUST1205,2023-10-11 00:00:00,1,430.03,430.03
INV11198,CUST1205,2023-10-11 00:00:00,6,414.07,2484.42
INV11198,CUST1205,2023-10-11 00:00:00,1,155.91,155.91
INV11198,CUST1205,2023-10-11 00:00:00,6,436.72,2620.32
INV11199,CUST1205,2023-04-12 00:00:00,2,318.1,636.2
INV11199,CUST1205,2023-04-12 00:00:00,10,374.66,3746.6
INV11200,CUST1205,2023-01-02 00:00:00,4,320.8,1283.2
INV11201,CUST1205,2023-06-21 00:00:00,6,428.19,2569.14
INV11201,CUST1205,2023-06-21 00:00:00,2,150.71,301.42
INV11201,CUST1205,2023-06-21 00:00:00,3,418.74,1256.22
INV11202,CUST1205,2023-04-06 00:00:00,3,211.48,634.44
INV11202,CUST1205,2023-04-06 00:00:00,6,174.07,1044.42
INV11202,CUST1205,2023-04-06 00:00:00,10,244.68,2446.8
INV11202,CUST1205,2023-04-06 00:00:00,10,303.09,3030.9
INV11203,CUST1205,2023-07-20 00:00:00,1,202.08,202.08
INV11203,CUST1205,2023-07-20 00:00:00,1,402.35,402.35
INV11203,CUST1205,2023-07-20 00:00:00,3,304.52,913.56
INV11203,CUST1205,2023-07-20 00:00:00,1,161.16,161.16
INV11204,CUST1205,2023-01-18 00:00:00,1,290.48,290.48
INV11204,CUST1205,2023-01-18 00:00:00,1,252.55,252.55
INV11205,CUST1205,2023-07-24 00:00:00,2,273.43,546.86
INV11205,CUST1205,2023-07-24 00:00:00,6,230.15,1380.9
INV11205,CUST1205,2023-07-24 00:00:00,2,55.8,111.6
INV11205,CUST1205,2023-07-24 00:00:00,1,226.92,226.92
INV11206,CUST1205,2023-09-13 00:00:00,6,333.16,1998.96
INV11207,CUST1205,2023-04-05 00:00:00,3,424.26,1272.78
INV11208,CUST1205,2023-01-16 00:00:00,10,339.7,3397.0
INV11208,CUST1205,2023-01-16 00:00:00,10,152.41,1524.1
INV11208,CUST1205,2023-01-16 00:00:00,6,63.96,383.76
INV11208,CUST1205,2023-01-16 00:00:00,6,416.85,2501.1
INV11209,CUST1205,2023-08-06 00:00:00,4,256.63,1026.52
INV11209,CUST1205,2023-08-06 00:00:00,6,87.29,523.74
INV11209,CUST1205,2023-08-06 00:00:00,6,383.68,2302.08
INV11209,CUST1205,2023-08-06 00:00:00,2,452.07,904.14
INV11210,CUST1205,2023-03-24 00:00:00,10,424.25,4242.5
INV11210,CUST1205,2023-03-24 00:00:00,1,445.0,445.0
INV11210,CUST1205,2023-03-24 00:00:00,4,131.38,525.52
INV11211,CUST1206,2023-10-05 00:00:00,4,306.2,1224.8
INV11211,CUST1206,2023-10-05 00:00:00,1,423.46,423.46
INV11211,CUST1206,2023-10-05 00:00:00,3,195.37,586.11
INV11212,CUST1206,2023-05-02 00:00:00,2,311.66,623.32
INV11213,CUST1206,2023-04-08 00:00:00,6,337.48,2024.88
INV11213,CUST1206,2023-04-08 00:00:00,1,170.43,170.43
INV11214,CUST1206,2023-07-18 00:00:00,6,94.08,564.48
INV11214,CUST1206,2023-07-18 00:00:00,10,281.99,2819.9
INV11215,CUST1206,2023-09-12 00:00:00,4,443.08,1772.32
INV11215,CUST1206,2023-09-12 00:00:00,6,229.45,1376.7
INV11215,CUST1206,2023-09-12 00:00:00,1,466.84,466.84
INV11216,CUST1206,2023-03-06 00:00:00,4,523.23,2092.92
INV11216,CUST1206,2023-03-06 00:00:00,2,509.48,1018.96
INV11217,CUST1206,2023-11-19 00:00:00,1,159.84,159.84
INV11217,CUST1206,2023-11-19 00:00:00,10,333.07,3330.7
INV11217,CUST1206,2023-11-19 00:00:00,3,317.75,953.25
INV11217,CUST1206,2023-11-19 00:00:00,4,457.31,1829.24
INV11218,CUST1206,2023-04-27 00:00:00,6,368.54,2211.24
INV11219,CUST1206,2023-06-16 00:00:00,10,318.22,3182.2
INV11219,CUST1206,2023-06-16 00:00:00,10,362.69,3626.9
INV11219,CUST1206,2023-06-16 00:00:00,1,179.62,179.62
INV11219,CUST1206,2023-06-16 00:00:00,6,476.31,2857.86
INV11220,CUST1206,2023-01-12 00:00:00,1,440.07,440.07
INV11220,CUST1206,2023-01-12 00:00:00,10,81.64,816.4
INV11220,CUST1206,2023-01-12 00:00:00,4,302.76,1211.04
INV11220,CUST1206,2023-01-12 00:00:00,10,383.87,3838.7
INV11221,CUST1206,2023-09-17 00:00:00,10,145.63,1456.3
INV11221,CUST1206,2023-09-17 00:00:00,4,387.65,1550.6
INV11221,CUST1206,2023-09-17 00:00:00,3,383.27,1149.81
INV11221,CUST1206,2023-09-17 00:00:00,3,229.77,689.31
INV11222,CUST1206,2023-03-16 00:00:00,1,383.35,383.35
INV11223,CUST1206,2023-02-08 00:00:00,2,442.04,884.08
INV11223,CUST1206,2023-02-08 00:00:00,1,71.83,71.83
INV11223,CUST1206,2023-02-08 00:00:00,10,500.92,5009.2
INV11223,CUST1206,2023-02-08 00:00:00,6,392.85,2357.1
INV11224,CUST1206,2023-03-07 00:00:00,2,472.78,945.56
INV11225,CUST1207,2023-11-29 00:00:00,6,42.73,256.38
INV11225,CUST1207,2023-11-29 00:00:00,3,28.2,84.6
INV11226,CUST1207,2023-09-20 00:00:00,2,103.66,207.32
INV11227,CUST1208,2023-11-08 00:00:00,10,211.55,2115.5
INV11228,CUST1208,2023-01-31 00:00:00,1,501.66,501.66
INV11228,CUST1208,2023-01-31 00:00:00,10,174.2,1742.0
INV11228,CUST1208,2023-01-31 00:00:00,4,390.52,1562.08
INV11228,CUST1208,2023-01-31 00:00:00,4,448.76,1795.04
INV11229,CUST1208,2023-10-13 00:00:00,1,143.52,143.52
INV11229,CUST1208,2023-10-13 00:00:00,6,90.04,540.24
INV11229,CUST1208,2023-10-13 00:00:00,3,419.17,1257.51
INV11230,CUST1208,2023-05-16 00:00:00,4,119.36,477.44
INV11230,CUST1208,2023-05-16 00:00:00,2,534.98,1069.96
INV11231,CUST1208,2023-11-07 00:00:00,4,61.81,247.24
INV11231,CUST1208,2023-11-07 00:00:00,2,526.84,1053.68
INV11231,CUST1208,2023-11-07 00:00:00,6,406.37,2438.22
INV11232,CUST1208,2023-11-23 00:00:00,10,96.78,967.8
INV11232,CUST1208,2023-11-23 00:00:00,6,70.28,421.68
INV11232,CUST1208,2023-11-23 00:00:00,10,531.02,5310.2
INV11233,CUST1208,2023-01-17 00:00:00,1,280.38,280.38
INV11233,CUST1208,2023-01-17 00:00:00,6,129.89,779.34
INV11233,CUST1208,2023-01-17 00:00:00,1,322.33,322.33
INV11233,CUST1208,2023-01-17 00:00:00,4,305.25,1221.0
INV11234,CUST1208,2023-04-02 00:00:00,2,120.4,240.8
INV11234,CUST1208,2023-04-02 00:00:00,10,352.42,3524.2
INV11234,CUST1208,2023-04-02 00:00:00,3,483.7,1451.1
INV11234,CUST1208,2023-04-02 00:00:00,4,433.3,1733.2
INV11235,CUST1208,2023-09-12 00:00:00,1,392.57,392.57
INV11236,CUST1208,2023-12-09 00:00:00,6,203.76,1222.56
INV11236,CUST1208,2023-12-09 00:00:00,10,235.94,2359.4
INV11236,CUST1208,2023-12-09 00:00:00,1,56.59,56.59
INV11237,CUST1208,2023-05-17 00:00:00,2,518.36,1036.72
INV11237,CUST1208,2023-05-17 00:00:00,6,462.7,2776.2
INV11238,CUST1208,2023-10-30 00:00:00,3,581.82,1745.46
INV11238,CUST1208,2023-10-30 00:00:00,4,357.15,1428.6
INV11239,CUST1208,2023-07-12 00:00:00,6,186.1,1116.6
INV11240,CUST1208,2023-08-07 00:00:00,4,377.52,1510.08
INV11240,CUST1208,2023-08-07 00:00:00,3,90.81,272.43
INV11240,CUST1208,2023-08-07 00:00:00,2,450.3,900.6
INV11241,CUST1209,2023-03-03 00:00:00,3,213.42,640.26
INV11242,CUST1209,2023-05-19 00:00:00,1,119.33,119.33
INV11243,CUST1209,2023-07-11 00:00:00,4,75.19,300.76
INV11243,CUST1209,2023-07-11 00:00:00,6,238.97,1433.82
INV11243,CUST1209,2023-07-11 00:00:00,6,23.49,140.94
INV11243,CUST1209,2023-07-11 00:00:00,10,171.44,1714.4
INV11244,CUST1209,2023-04-17 00:00:00,4,123.27,493.08
INV11244,CUST1209,2023-04-17 00:00:00,1,23.46,23.46
INV11245,CUST1209,2023-03-17 00:00:00,4,78.51,314.04
INV11245,CUST1209,2023-03-17 00:00:00,2,32.17,64.34
INV11245,CUST1209,2023-03-17 00:00:00,6,48.33,289.98
INV11246,CUST1210,2023-05-31 00:00:00,3,82.5,247.5
INV11247,CUST1210,2023-11-17 00:00:00,10,84.21,842.1
INV11248,CUST1211,2023-05-23 00:00:00,1,120.28,120.28
INV11248,CUST1211,2023-05-23 00:00:00,3,105.06,315.18
INV11248,CUST1211,2023-05-23 00:00:00,10,25.44,254.4
INV11249,CUST1211,2023-07-08 00:00:00,2,19.03,38.06
INV11249,CUST1211,2023-07-08 00:00:00,10,76.03,760.3
INV11250,CUST1212,2023-03-18 00:00:00,4,48.28,193.12
INV11250,CUST1212,2023-03-18 00:00:00,2,179.96,359.92
INV11250,CUST1212,2023-03-18 00:00:00,3,109.71,329.13
INV11250,CUST1212,2023-03-18 00:00:00,1,105.89,105.89
INV11251,CUST1212,2023-06-07 00:00:00,2,150.53,301.06
INV11251,CUST1212,2023-06-07 00:00:00,1,106.1,106.1
INV11252,CUST1213,2023-05-10 00:00:00,1,203.01,203.01
INV11252,CUST1213,2023-05-10 00:00:00,10,134.38,1343.8
INV11253,CUST1213,2023-08-12 00:00:00,6,98.61,591.66
INV11253,CUST1213,2023-08-12 00:00:00,4,199.81,799.24
INV11253,CUST1213,2023-08-12 00:00:00,1,127.64,127.64
INV11254,CUST1213,2023-09-06 00:00:00,1,153.24,153.24
INV11254,CUST1213,2023-09-06 00:00:00,10,115.32,1153.2
INV11254,CUST1213,2023-09-06 00:00:00,10,68.24,682.4
INV11255,CUST1213,2023-09-13 00:00:00,2,64.16,128.32
INV11256,CUST1213,2023-04-12 00:00:00,6,186.31,1117.86
INV11256,CUST1213,2023-04-12 00:00:00,3,108.36,325.08
INV11256,CUST1213,2023-04-12 00:00:00,2,112.23,224.46
INV11257,CUST1213,2023-03-17 00:00:00,4,17.98,71.92
INV11258,CUST1213,2023-09-21 00:00:00,10,100.32,1003.2
INV11258,CUST1213,2023-09-21 00:00:00,10,212.06,2120.6
INV11258,CUST1213,2023-09-21 00:00:00,6,159.81,958.86
INV11259,CUST1213,2023-09-28 00:00:00,2,154.14,308.28
INV11259,CUST1213,2023-09-28 00:00:00,4,58.54,234.16
INV11259,CUST1213,2023-09-28 00:00:00,4,214.76,859.04
INV11259,CUST1213,2023-09-28 00:00:00,1,64.96,64.96
INV11260,CUST1214,2023-01-17 00:00:00,2,28.7,57.4
INV11261,CUST1214,2023-01-10 00:00:00,6,78.85,473.1
INV11262,CUST1215,2023-06-06 00:00:00,2,76.63,153.26
INV11262,CUST1215,2023-06-06 00:00:00,1,178.62,178.62
INV11262,CUST1215,2023-06-06 00:00:00,2,130.85,261.7
INV11263,CUST1215,2023-09-13 00:00:00,6,171.21,1027.26
INV11263,CUST1215,2023-09-13 00:00:00,2,263.29,526.58
INV11263,CUST1215,2023-09-13 00:00:00,6,36.89,221.34
INV11264,CUST1215,2023-05-01 00:00:00,2,117.75,235.5
INV11264,CUST1215,2023-05-01 00:00:00,2,163.43,326.86
INV11264,CUST1215,2023-05-01 00:00:00,3,241.48,724.44
INV11264,CUST1215,2023-05-01 00:00:00,3,66.51,199.53
INV11265,CUST1215,2023-01-12 00:00:00,4,43.32,173.28
INV11266,CUST1215,2023-06-01 00:00:00,2,230.27,460.54
INV11266,CUST1215,2023-06-01 00:00:00,10,246.64,2466.4
INV11266,CUST1215,2023-06-01 00:00:00,1,72.56,72.56
INV11266,CUST1215,2023-06-01 00:00:00,10,198.59,1985.9
INV11267,CUST1215,2023-04-16 00:00:00,10,80.13,801.3
INV11268,CUST1215,2023-10-26 00:00:00,3,139.48,418.44
INV11268,CUST1215,2023-10-26 00:00:00,6,178.47,1070.82
INV11268,CUST1215,2023-10-26 00:00:00,3,244.01,732.03
INV11269,CUST1215,2023-06-15 00:00:00,6,22.13,132.78
INV11269,CUST1215,2023-06-15 00:00:00,10,186.59,1865.9
INV11269,CUST1215,2023-06-15 00:00:00,4,95.53,382.12
INV11270,CUST1216,2023-05-02 00:00:00,1,233.23,233.23
INV11271,CUST1216,2023-03-23 00:00:00,2,19.73,39.46
INV11271,CUST1216,2023-03-23 00:00:00,4,115.89,463.56
INV11271,CUST1216,2023-03-23 00:00:00,4,255.55,1022.2
INV11271,CUST1216,2023-03-23 00:00:00,2,122.68,245.36
INV11272,CUST1216,2023-06-27 00:00:00,2,222.78,445.56
INV11273,CUST1216,2023-06-19 00:00:00,3,166.92,500.76
INV11274,CUST1216,2023-07-14 00:00:00,2,124.07,248.14
INV11275,CUST1216,2023-10-28 00:00:00,4,119.24,476.96
INV11276,CUST1216,2023-10-06 00:00:00,2,151.94,303.88
INV11276,CUST1216,2023-10-06 00:00:00,4,155.5,622.0
INV11276,CUST1216,2023-10-06 00:00:00,6,218.73,1312.38
INV11277,CUST1217,2023-02-08 00:00:00,10,39.02,390.2
INV11277,CUST1217,2023-02-08 00:00:00,1,60.96,60.96
INV11277,CUST1217,2023-02-08 00:00:00,3,90.2,270.6
INV11277,CUST1217,2023-02-08 00:00:00,10,97.49,974.9
INV11278,CUST1217,2023-02-06 00:00:00,10,98.8,988.0
INV11279,CUST1217,2023-04-29 00:00:00,3,114.02,342.06
INV11279,CUST1217,2023-04-29 00:00:00,3,150.01,450.03
INV11279,CUST1217,2023-04-29 00:00:00,6,96.72,580.32
INV11279,CUST1217,2023-04-29 00:00:00,1,187.01,187.01
INV11280,CUST1218,2023-04-18 00:00:00,10,99.89,998.9
INV11280,CUST1218,2023-04-18 00:00:00,1,93.34,93.34
INV11280,CUST1218,2023-04-18 00:00:00,1,39.29,39.29
INV11280,CUST1218,2023-04-18 00:00:00,6,64.39,386.34
INV11281,CUST1219,2023-01-06 00:00:00,4,148.24,592.96
INV11282,CUST1220,2023-09-22 00:00:00,3,144.49,433.47
INV11282,CUST1220,2023-09-22 00:00:00,3,109.36,328.08
INV11282,CUST1220,2023-09-22 00:00:00,1,26.0,26.0
INV11282,CUST1220,2023-09-22 00:00:00,4,131.35,525.4
INV11283,CUST1220,2023-08-25 00:00:00,10,80.7,807.0
INV11283,CUST1220,2023-08-25 00:00:00,3,90.8,272.4
INV11283,CUST1220,2023-08-25 00:00:00,6,167.12,1002.72
INV11283,CUST1220,2023-08-25 00:00:00,2,112.38,224.76
INV11284,CUST1221,2023-04-23 00:00:00,10,175.87,1758.7
INV11285,CUST1222,2023-07-02 00:00:00,2,254.67,509.34
INV11285,CUST1222,2023-07-02 00:00:00,10,364.47,3644.7
INV11285,CUST1222,2023-07-02 00:00:00,2,359.24,718.48
INV11286,CUST1222,2023-01-20 00:00:00,3,41.54,124.62
INV11286,CUST1222,2023-01-20 00:00:00,4,145.89,583.56
INV11287,CUST1222,2023-04-13 00:00:00,4,366.02,1464.08
INV11287,CUST1222,2023-04-13 00:00:00,4,38.67,154.68
INV11287,CUST1222,2023-04-13 00:00:00,6,286.89,1721.34
INV11288,CUST1222,2023-11-14 00:00:00,3,364.97,1094.91
INV11288,CUST1222,2023-11-14 00:00:00,3,58.84,176.52
INV11289,CUST1222,2023-07-08 00:00:00,3,40.53,121.59
INV11289,CUST1222,2023-07-08 00:00:00,6,159.9,959.4
INV11289,CUST1222,2023-07-08 00:00:00,1,313.0,313.0
INV11290,CUST1222,2023-09-27 00:00:00,10,102.62,1026.2
INV11290,CUST1222,2023-09-27 00:00:00,6,311.6,1869.6
INV11290,CUST1222,2023-09-27 00:00:00,3,109.94,329.82
INV11291,CUST1222,2023-01-27 00:00:00,6,323.0,1938.0
INV11291,CUST1222,2023-01-27 00:00:00,3,139.37,418.11
INV11292,CUST1222,2023-03-24 00:00:00,1,286.34,286.34
INV11293,CUST1222,2023-07-17 00:00:00,3,145.86,437.58
INV11293,CUST1222,2023-07-17 00:00:00,1,389.9,389.9
INV11293,CUST1222,2023-07-17 00:00:00,3,106.09,318.27
INV11293,CUST1222,2023-07-17 00:00:00,4,137.38,549.52
INV11294,CUST1222,2023-05-15 00:00:00,10,141.57,1415.7
INV11295,CUST1222,2023-07-27 00:00:00,1,375.34,375.34
INV11296,CUST1222,2023-04-08 00:00:00,4,312.64,1250.56
INV11296,CUST1222,2023-04-08 00:00:00,6,61.84,371.04
INV11296,CUST1222,2023-04-08 00:00:00,3,48.3,144.9
INV11297,CUST1222,2023-09-26 00:00:00,1,267.39,267.39
INV11297,CUST1222,2023-09-26 00:00:00,3,224.13,672.39
INV11297,CUST1222,2023-09-26 00:00:00,2,330.29,660.58
INV11297,CUST1222,2023-09-26 00:00:00,10,199.28,1992.8
INV11298,CUST1222,2023-11-22 00:00:00,2,121.32,242.64
INV11298,CUST1222,2023-11-22 00:00:00,4,249.44,997.76
INV11299,CUST1222,2023-02-08 00:00:00,10,107.62,1076.2
INV11299,CUST1222,2023-02-08 00:00:00,4,112.93,451.72
INV11299,CUST1222,2023-02-08 00:00:00,10,49.43,494.3
INV11300,CUST1222,2023-04-14 00:00:00,1,68.24,68.24
INV11300,CUST1222,2023-04-14 00:00:00,6,64.34,386.04
INV11301,CUST1222,2023-09-22 00:00:00,10,157.8,1578.0
INV11301,CUST1222,2023-09-22 00:00:00,4,46.89,187.56
INV11301,CUST1222,2023-09-22 00:00:00,1,128.27,128.27
INV11301,CUST1222,2023-09-22 00:00:00,2,362.23,724.46
INV11302,CUST1223,2023-01-06 00:00:00,3,101.19,303.57
INV11302,CUST1223,2023-01-06 00:00:00,4,39.15,156.6
INV11302,CUST1223,2023-01-06 00:00:00,1,34.33,34.33
INV11303,CUST1223,2023-09-09 00:00:00,4,134.89,539.56
INV11303,CUST1223,2023-09-09 00:00:00,4,87.4,349.6
INV11303,CUST1223,2023-09-09 00:00:00,10,47.45,474.5
INV11303,CUST1223,2023-09-09 00:00:00,6,102.87,617.22
INV11304,CUST1223,2023-01-14 00:00:00,4,61.22,244.88
INV11304,CUST1223,2023-01-14 00:00:00,10,87.23,872.3
INV11304,CUST1223,2023-01-14 00:00:00,6,193.25,1159.5
INV11305,CUST1223,2023-07-23 00:00:00,3,57.67,173.01
INV11305,CUST1223,2023-07-23 00:00:00,1,52.31,52.31
INV11306,CUST1223,2023-08-22 00:00:00,1,149.84,149.84
INV11306,CUST1223,2023-08-22 00:00:00,6,75.03,450.18
INV11307,CUST1223,2023-09-25 00:00:00,2,126.89,253.78
INV11307,CUST1223,2023-09-25 00:00:00,2,82.21,164.42
INV11308,CUST1223,2023-08-04 00:00:00,3,39.74,119.22
INV11309,CUST1224,2023-01-14 00:00:00,3,337.8,1013.4
INV11309,CUST1224,2023-01-14 00:00:00,10,40.81,408.1
INV11309,CUST1224,2023-01-14 00:00:00,4,102.84,411.36
INV11309,CUST1224,2023-01-14 00:00:00,6,170.13,1020.78
INV11310,CUST1224,2023-02-21 00:00:00,10,68.06,680.6
INV11311,CUST1224,2023-02-16 00:00:00,2,86.75,173.5
INV11311,CUST1224,2023-02-16 00:00:00,10,61.11,611.1
INV11311,CUST1224,2023-02-16 00:00:00,4,293.39,1173.56
INV11311,CUST1224,2023-02-16 00:00:00,2,275.79,551.58
INV11312,CUST1224,2023-08-22 00:00:00,4,324.59,1298.36
INV11312,CUST1224,2023-08-22 00:00:00,2,89.23,178.46
INV11312,CUST1224,2023-08-22 00:00:00,2,88.88,177.76
INV11313,CUST1224,2023-03-02 00:00:00,10,65.07,650.7
INV11313,CUST1224,2023-03-02 00:00:00,10,345.45,3454.5
INV11314,CUST1225,2023-09-11 00:00:00,1,71.58,71.58
INV11314,CUST1225,2023-09-11 00:00:00,10,137.24,1372.4
INV11314,CUST1225,2023-09-11 00:00:00,2,242.12,484.24
INV11315,CUST1225,2023-08-23 00:00:00,1,22.88,22.88
INV11315,CUST1225,2023-08-23 00:00:00,10,45.28,452.8
INV11315,CUST1225,2023-08-23 00:00:00,2,207.78,415.56
INV11316,CUST1225,2023-08-08 00:00:00,2,193.96,387.92
INV11316,CUST1225,2023-08-08 00:00:00,2,144.38,288.76
INV11316,CUST1225,2023-08-08 00:00:00,10,101.58,1015.8
INV11317,CUST1225,2023-07-06 00:00:00,4,156.84,627.36
INV11317,CUST1225,2023-07-06 00:00:00,6,139.32,835.92
INV11317,CUST1225,2023-07-06 00:00:00,2,216.1,432.2
INV11318,CUST1225,2023-07-14 00:00:00,6,163.49,980.94
INV11318,CUST1225,2023-07-14 00:00:00,10,142.1,1421.0
INV11319,CUST1226,2023-01-02 00:00:00,3,32.49,97.47
INV11319,CUST1226,2023-01-02 00:00:00,1,25.92,25.92
INV11319,CUST1226,2023-01-02 00:00:00,2,74.14,148.28
INV11319,CUST1226,2023-01-02 00:00:00,3,84.01,252.03
INV11320,CUST1227,2023-09-13 00:00:00,10,122.66,1226.6
INV11320,CUST1227,2023-09-13 00:00:00,3,267.78,803.34
INV11320,CUST1227,2023-09-13 00:00:00,2,145.73,291.46
INV11320,CUST1227,2023-09-13 00:00:00,1,143.02,143.02
INV11321,CUST1227,2023-04-25 00:00:00,10,32.03,320.3
INV11321,CUST1227,2023-04-25 00:00:00,3,46.5,139.5
INV11322,CUST1227,2023-08-10 00:00:00,2,69.99,139.98
INV11322,CUST1227,2023-08-10 00:00:00,3,95.77,287.31
INV11322,CUST1227,2023-08-10 00:00:00,4,254.04,1016.16
INV11322,CUST1227,2023-08-10 00:00:00,1,79.6,79.6
INV11323,CUST1227,2023-08-27 00:00:00,6,33.1,198.6
INV11323,CUST1227,2023-08-27 00:00:00,1,18.96,18.96
INV11323,CUST1227,2023-08-27 00:00:00,6,276.33,1657.98
INV11324,CUST1227,2023-01-22 00:00:00,1,260.87,260.87
INV11325,CUST1227,2023-06-17 00:00:00,2,23.6,47.2
INV11325,CUST1227,2023-06-17 00:00:00,10,120.76,1207.6
INV11325,CUST1227,2023-06-17 00:00:00,6,49.63,297.78
INV11325,CUST1227,2023-06-17 00:00:00,2,116.31,232.62
INV11326,CUST1227,2023-03-31 00:00:00,6,93.47,560.82
INV11326,CUST1227,2023-03-31 00:00:00,3,195.49,586.47
INV11326,CUST1227,2023-03-31 00:00:00,3,123.98,371.94
INV11326,CUST1227,2023-03-31 00:00:00,2,47.21,94.42
INV11327,CUST1228,2023-01-01 00:00:00,1,20.32,20.32
INV11327,CUST1228,2023-01-01 00:00:00,2,147.97,295.94
INV11327,CUST1228,2023-01-01 00:00:00,4,164.55,658.2
INV11327,CUST1228,2023-01-01 00:00:00,6,151.6,909.6
INV11328,CUST1228,2023-01-06 00:00:00,4,27.76,111.04
INV11329,CUST1229,2023-02-06 00:00:00,6,56.43,338.58
INV11329,CUST1229,2023-02-06 00:00:00,6,207.15,1242.9
INV11330,CUST1229,2023-05-07 00:00:00,2,223.74,447.48
INV11331,CUST1229,2023-01-19 00:00:00,3,127.5,382.5
INV11331,CUST1229,2023-01-19 00:00:00,6,127.85,767.1
INV11332,CUST1230,2023-02-27 00:00:00,6,63.82,382.92
INV11332,CUST1230,2023-02-27 00:00:00,6,14.28,85.68
INV11332,CUST1230,2023-02-27 00:00:00,10,18.47,184.7
INV11332,CUST1230,2023-02-27 00:00:00,1,32.93,32.93
INV11333,CUST1231,2023-06-05 00:00:00,6,129.7,778.2
INV11333,CUST1231,2023-06-05 00:00:00,3,172.76,518.28
INV11333,CUST1231,2023-06-05 00:00:00,4,151.29,605.16
INV11334,CUST1231,2023-05-11 00:00:00,2,121.8,243.6
INV11334,CUST1231,2023-05-11 00:00:00,1,187.3,187.3
INV11335,CUST1232,2023-11-14 00:00:00,6,20.45,122.7
INV11335,CUST1232,2023-11-14 00:00:00,3,108.05,324.15
INV11335,CUST1232,2023-11-14 00:00:00,4,50.95,203.8
INV11335,CUST1232,2023-11-14 00:00:00,2,94.86,189.72
INV11336,CUST1233,2023-05-23 00:00:00,10,118.58,1185.8
INV11336,CUST1233,2023-05-23 00:00:00,6,138.31,829.86
INV11337,CUST1234,2023-04-20 00:00:00,1,92.85,92.85
INV11337,CUST1234,2023-04-20 00:00:00,1,49.58,49.58
INV11337,CUST1234,2023-04-20 00:00:00,1,19.1,19.1
INV11338,CUST1234,2023-10-02 00:00:00,10,130.37,1303.7
INV11338,CUST1234,2023-10-02 00:00:00,3,39.35,118.05
INV11338,CUST1234,2023-10-02 00:00:00,6,17.68,106.08
INV11339,CUST1234,2023-10-08 00:00:00,6,205.85,1235.1
INV11339,CUST1234,2023-10-08 00:00:00,2,169.28,338.56
INV11339,CUST1234,2023-10-08 00:00:00,6,117.14,702.84
INV11339,CUST1234,2023-10-08 00:00:00,4,180.53,722.12
INV11340,CUST1234,2023-05-06 00:00:00,2,55.22,110.44
INV11340,CUST1234,2023-05-06 00:00:00,6,170.02,1020.12
INV11341,CUST1234,2023-06-06 00:00:00,10,56.62,566.2
INV11341,CUST1234,2023-06-06 00:00:00,4,130.06,520.24
INV11342,CUST1235,2023-01-01 00:00:00,3,105.11,315.33
INV11342,CUST1235,2023-01-01 00:00:00,2,191.63,383.26
INV11342,CUST1235,2023-01-01 00:00:00,2,18.23,36.46
INV11343,CUST1235,2023-03-04 00:00:00,2,181.47,362.94
INV11343,CUST1235,2023-03-04 00:00:00,3,170.06,510.18
INV11343,CUST1235,2023-03-04 00:00:00,3,44.09,132.27
INV11344,CUST1236,2023-01-10 00:00:00,1,98.34,98.34
INV11344,CUST1236,2023-01-10 00:00:00,10,54.16,541.6
INV11344,CUST1236,2023-01-10 00:00:00,6,37.86,227.16
INV11344,CUST1236,2023-01-10 00:00:00,4,120.86,483.44
INV11345,CUST1236,2023-09-07 00:00:00,10,47.68,476.8
INV11345,CUST1236,2023-09-07 00:00:00,6,167.76,1006.56
INV11345,CUST1236,2023-09-07 00:00:00,6,122.33,733.98
INV11346,CUST1236,2023-04-11 00:00:00,4,194.21,776.84
INV11346,CUST1236,2023-04-11 00:00:00,3,78.03,234.09
INV11346,CUST1236,2023-04-11 00:00:00,6,164.3,985.8
INV11347,CUST1236,2023-07-02 00:00:00,4,37.67,150.68
INV11347,CUST1236,2023-07-02 00:00:00,2,199.41,398.82
INV11347,CUST1236,2023-07-02 00:00:00,10,20.0,200.0
INV11347,CUST1236,2023-07-02 00:00:00,2,137.74,275.48
INV11348,CUST1236,2023-01-18 00:00:00,4,177.23,708.92
INV11348,CUST1236,2023-01-18 00:00:00,1,51.55,51.55
INV11348,CUST1236,2023-01-18 00:00:00,10,80.46,804.6
INV11349,CUST1236,2023-09-06 00:00:00,6,23.62,141.72
INV11350,CUST1236,2023-02-10 00:00:00,1,83.1,83.1
INV11350,CUST1236,2023-02-10 00:00:00,10,133.82,1338.2
INV11350,CUST1236,2023-02-10 00:00:00,4,160.19,640.76
INV11350,CUST1236,2023-02-10 00:00:00,10,199.37,1993.7
INV11351,CUST1236,2023-08-07 00:00:00,3,43.69,131.07
INV11351,CUST1236,2023-08-07 00:00:00,4,145.92,583.68
INV11352,CUST1236,2023-04-15 00:00:00,2,125.1,250.2
INV11352,CUST1236,2023-04-15 00:00:00,10,70.05,700.5
INV11352,CUST1236,2023-04-15 00:00:00,3,57.22,171.66
INV11353,CUST1236,2023-03-04 00:00:00,3,112.48,337.44
INV11353,CUST1236,2023-03-04 00:00:00,6,126.33,757.98
INV11353,CUST1236,2023-03-04 00:00:00,4,172.86,691.44
INV11354,CUST1236,2023-07-17 00:00:00,4,148.58,594.32
INV11354,CUST1236,2023-07-17 00:00:00,6,127.85,767.1
INV11355,CUST1237,2023-03-20 00:00:00,3,431.6,1294.8
INV11355,CUST1237,2023-03-20 00:00:00,1,74.56,74.56
INV11355,CUST1237,2023-03-20 00:00:00,4,362.54,1450.16
INV11356,CUST1237,2023-05-18 00:00:00,6,312.81,1876.86
INV11356,CUST1237,2023-05-18 00:00:00,2,505.26,1010.52
INV11356,CUST1237,2023-05-18 00:00:00,6,334.39,2006.34
INV11356,CUST1237,2023-05-18 00:00:00,6,153.93,923.58
INV11357,CUST1237,2023-11-18 00:00:00,2,318.67,637.34
INV11358,CUST1237,2023-11-17 00:00:00,1,227.84,227.84
INV11358,CUST1237,2023-11-17 00:00:00,4,231.24,924.96
INV11358,CUST1237,2023-11-17 00:00:00,3,112.38,337.14
INV11359,CUST1237,2023-02-20 00:00:00,4,213.64,854.56
INV11359,CUST1237,2023-02-20 00:00:00,3,456.3,1368.9
INV11359,CUST1237,2023-02-20 00:00:00,3,246.59,739.77
INV11360,CUST1237,2023-08-05 00:00:00,2,45.49,90.98
INV11360,CUST1237,2023-08-05 00:00:00,3,468.7,1406.1
INV11360,CUST1237,2023-08-05 00:00:00,3,421.9,1265.7
INV11360,CUST1237,2023-08-05 00:00:00,6,208.41,1250.46
INV11361,CUST1237,2023-04-12 00:00:00,10,361.43,3614.3
INV11362,CUST1237,2023-12-17 00:00:00,4,174.47,697.88
INV11363,CUST1237,2023-05-11 00:00:00,3,406.15,1218.45
INV11363,CUST1237,2023-05-11 00:00:00,10,448.96,4489.6
INV11363,CUST1237,2023-05-11 00:00:00,6,397.8,2386.8
INV11363,CUST1237,2023-05-11 00:00:00,1,181.77,181.77
INV11364,CUST1237,2023-11-11 00:00:00,1,349.02,349.02
INV11364,CUST1237,2023-11-11 00:00:00,10,171.85,1718.5
INV11365,CUST1238,2023-07-01 00:00:00,3,121.83,365.49
INV11365,CUST1238,2023-07-01 00:00:00,1,233.54,233.54
INV11365,CUST1238,2023-07-01 00:00:00,1,63.95,63.95
INV11366,CUST1238,2023-09-28 00:00:00,6,245.49,1472.94
INV11367,CUST1239,2023-02-01 00:00:00,6,70.4,422.4
INV11367,CUST1239,2023-02-01 00:00:00,3,148.31,444.93
INV11367,CUST1239,2023-02-01 00:00:00,3,18.83,56.49
INV11368,CUST1239,2023-01-02 00:00:00,4,26.9,107.6
INV11368,CUST1239,2023-01-02 00:00:00,3,168.63,505.89
INV11369,CUST1239,2023-03-25 00:00:00,1,185.36,185.36
INV11369,CUST1239,2023-03-25 00:00:00,6,16.17,97.02
INV11370,CUST1239,2023-08-13 00:00:00,1,106.64,106.64
INV11370,CUST1239,2023-08-13 00:00:00,4,172.03,688.12
INV11370,CUST1239,2023-08-13 00:00:00,4,45.22,180.88
INV11370,CUST1239,2023-08-13 00:00:00,6,19.43,116.58
INV11371,CUST1239,2023-08-14 00:00:00,4,189.12,756.48
INV11371,CUST1239,2023-08-14 00:00:00,1,117.31,117.31
INV11371,CUST1239,2023-08-14 00:00:00,6,203.94,1223.64
INV11371,CUST1239,2023-08-14 00:00:00,1,227.94,227.94
INV11372,CUST1239,2023-08-22 00:00:00,6,45.77,274.62
INV11372,CUST1239,2023-08-22 00:00:00,1,84.18,84.18
INV11372,CUST1239,2023-08-22 00:00:00,4,135.88,543.52
INV11372,CUST1239,2023-08-22 00:00:00,10,216.87,2168.7
INV11373,CUST1239,2023-02-25 00:00:00,3,174.8,524.4
INV11374,CUST1239,2023-01-29 00:00:00,4,214.47,857.88
INV11375,CUST1239,2023-06-26 00:00:00,6,207.54,1245.24
INV11376,CUST1239,2023-06-12 00:00:00,2,26.03,52.06
INV11376,CUST1239,2023-06-12 00:00:00,4,70.3,281.2
INV11376,CUST1239,2023-06-12 00:00:00,1,120.51,120.51
INV11376,CUST1239,2023-06-12 00:00:00,3,114.85,344.55
INV11377,CUST1239,2023-05-03 00:00:00,10,187.95,1879.5
INV11377,CUST1239,2023-05-03 00:00:00,6,108.13,648.78
INV11377,CUST1239,2023-05-03 00:00:00,2,121.42,242.84
INV11377,CUST1239,2023-05-03 00:00:00,1,130.61,130.61
INV11378,CUST1240,2023-03-04 00:00:00,6,64.44,386.64
INV11378,CUST1240,2023-03-04 00:00:00,3,119.93,359.79
INV11378,CUST1240,2023-03-04 00:00:00,1,31.23,31.23
INV11379,CUST1241,2023-01-21 00:00:00,4,124.2,496.8
INV11379,CUST1241,2023-01-21 00:00:00,4,126.31,505.24
INV11380,CUST1242,2023-06-01 00:00:00,10,127.61,1276.1
INV11380,CUST1242,2023-06-01 00:00:00,10,131.91,1319.1
INV11380,CUST1242,2023-06-01 00:00:00,6,24.04,144.24
INV11380,CUST1242,2023-06-01 00:00:00,6,23.37,140.22
INV11381,CUST1242,2023-02-02 00:00:00,6,34.3,205.8
INV11382,CUST1243,2023-05-11 00:00:00,6,171.32,1027.92
INV11382,CUST1243,2023-05-11 00:00:00,4,225.65,902.6
INV11382,CUST1243,2023-05-11 00:00:00,6,175.91,1055.46
INV11383,CUST1243,2023-01-19 00:00:00,3,142.88,428.64
INV11383,CUST1243,2023-01-19 00:00:00,2,130.25,260.5
INV11383,CUST1243,2023-01-19 00:00:00,6,121.02,726.12
INV11384,CUST1243,2023-04-17 00:00:00,1,106.95,106.95
INV11384,CUST1243,2023-04-17 00:00:00,4,62.9,251.6
INV11384,CUST1243,2023-04-17 00:00:00,10,217.18,2171.8
INV11384,CUST1243,2023-04-17 00:00:00,6,79.06,474.36
INV11385,CUST1243,2023-03-23 00:00:00,4,96.87,387.48
INV11385,CUST1243,2023-03-23 00:00:00,4,66.9,267.6
INV11386,CUST1243,2023-09-02 00:00:00,3,222.76,668.28
INV11386,CUST1243,2023-09-02 00:00:00,1,204.04,204.04
INV11386,CUST1243,2023-09-02 00:00:00,2,194.3,388.6
INV11387,CUST1243,2023-01-02 00:00:00,3,213.99,641.97
INV11387,CUST1243,2023-01-02 00:00:00,3,188.24,564.72
INV11387,CUST1243,2023-01-02 00:00:00,6,189.06,1134.36
INV11388,CUST1244,2023-12-12 00:00:00,10,220.65,2206.5
INV11389,CUST1244,2023-03-14 00:00:00,2,434.04,868.08
INV11390,CUST1244,2023-03-30 00:00:00,4,260.21,1040.84
INV11390,CUST1244,2023-03-30 00:00:00,10,353.17,3531.7
INV11390,CUST1244,2023-03-30 00:00:00,1,260.36,260.36
INV11390,CUST1244,2023-03-30 00:00:00,2,441.6,883.2
INV11391,CUST1244,2023-11-04 00:00:00,6,230.35,1382.1
INV11391,CUST1244,2023-11-04 00:00:00,2,82.61,165.22
INV11391,CUST1244,2023-11-04 00:00:00,10,216.82,2168.2
INV11392,CUST1244,2023-08-03 00:00:00,3,271.27,813.81
INV11392,CUST1244,2023-08-03 00:00:00,10,108.21,1082.1
INV11393,CUST1244,2023-10-22 00:00:00,4,267.11,1068.44
INV11393,CUST1244,2023-10-22 00:00:00,3,329.42,988.26
INV11393,CUST1244,2023-10-22 00:00:00,4,314.56,1258.24
INV11394,CUST1244,2023-09-23 00:00:00,2,165.16,330.32
INV11394,CUST1244,2023-09-23 00:00:00,3,250.68,752.04
INV11394,CUST1244,2023-09-23 00:00:00,2,136.32,272.64
INV11394,CUST1244,2023-09-23 00:00:00,1,285.73,285.73
INV11395,CUST1244,2023-04-28 00:00:00,3,409.72,1229.16
INV11395,CUST1244,2023-04-28 00:00:00,3,473.97,1421.91
INV11396,CUST1244,2023-07-31 00:00:00,2,418.18,836.36
INV11396,CUST1244,2023-07-31 00:00:00,6,227.83,1366.98
INV11396,CUST1244,2023-07-31 00:00:00,4,156.58,626.32
INV11397,CUST1244,2023-09-14 00:00:00,6,464.74,2788.44
INV11397,CUST1244,2023-09-14 00:00:00,1,367.66,367.66
INV11397,CUST1244,2023-09-14 00:00:00,4,336.28,1345.12
INV11397,CUST1244,2023-09-14 00:00:00,4,225.33,901.32
INV11398,CUST1244,2023-09-04 00:00:00,10,85.41,854.1
INV11398,CUST1244,2023-09-04 00:00:00,1,242.15,242.15
INV11398,CUST1244,2023-09-04 00:00:00,4,127.96,511.84
INV11398,CUST1244,2023-09-04 00:00:00,2,442.97,885.94
INV11399,CUST1244,2023-11-16 00:00:00,10,37.06,370.6
INV11399,CUST1244,2023-11-16 00:00:00,6,264.99,1589.94
INV11399,CUST1244,2023-11-16 00:00:00,10,293.31,2933.1
INV11400,CUST1244,2023-07-08 00:00:00,2,410.54,821.08
INV11401,CUST1244,2023-11-23 00:00:00,2,271.72,543.44
INV11401,CUST1244,2023-11-23 00:00:00,2,49.19,98.38
INV11402,CUST1244,2023-10-27 00:00:00,2,309.65,619.3
INV11402,CUST1244,2023-10-27 00:00:00,1,281.62,281.62
INV11402,CUST1244,2023-10-27 00:00:00,6,454.13,2724.78
INV11402,CUST1244,2023-10-27 00:00:00,6,409.34,2456.04
INV11403,CUST1244,2023-02-18 00:00:00,3,180.14,540.42
INV11403,CUST1244,2023-02-18 00:00:00,10,177.24,1772.4
INV11403,CUST1244,2023-02-18 00:00:00,2,276.99,553.98
INV11403,CUST1244,2023-02-18 00:00:00,2,339.59,679.18
INV11404,CUST1244,2023-08-13 00:00:00,4,274.74,1098.96
INV11404,CUST1244,2023-08-13 00:00:00,1,208.32,208.32
INV11404,CUST1244,2023-08-13 00:00:00,4,458.37,1833.48
INV11405,CUST1244,2023-01-23 00:00:00,1,465.06,465.06
INV11405,CUST1244,2023-01-23 00:00:00,2,325.27,650.54
INV11405,CUST1244,2023-01-23 00:00:00,10,0.0,1436.5
INV11406,CUST1245,2023-02-17 00:00:00,10,17.61,176.1
INV11406,CUST1245,2023-02-17 00:00:00,6,110.99,665.94
INV11406,CUST1245,2023-02-17 00:00:00,4,99.76,399.04
INV11406,CUST1245,2023-02-17 00:00:00,6,102.99,617.94
INV11407,CUST1245,2023-04-16 00:00:00,6,41.73,250.38
INV11407,CUST1245,2023-04-16 00:00:00,1,113.22,113.22
INV11407,CUST1245,2023-04-16 00:00:00,6,97.68,586.08
INV11407,CUST1245,2023-04-16 00:00:00,4,58.18,232.72
INV11408,CUST1246,2023-06-26 00:00:00,4,85.51,342.04
INV11409,CUST1246,2023-04-20 00:00:00,6,67.28,403.68
INV11409,CUST1246,2023-04-20 00:00:00,2,97.0,194.0
INV11409,CUST1246,2023-04-20 00:00:00,4,137.12,548.48
INV11410,CUST1246,2023-08-15 00:00:00,4,155.75,623.0
INV11410,CUST1246,2023-08-15 00:00:00,3,48.35,145.05
INV11411,CUST1246,2023-03-26 00:00:00,4,69.49,277.96
INV11411,CUST1246,2023-03-26 00:00:00,10,150.9,1509.0
INV11411,CUST1246,2023-03-26 00:00:00,2,241.53,483.06
INV11412,CUST1246,2023-08-19 00:00:00,3,204.24,612.72
INV11413,CUST1246,2023-01-14 00:00:00,10,277.67,2776.7
INV11413,CUST1246,2023-01-14 00:00:00,4,136.87,547.48
INV11413,CUST1246,2023-01-14 00:00:00,1,146.64,146.64
INV11414,CUST1246,2023-09-08 00:00:00,6,263.1,1578.6
INV11414,CUST1246,2023-09-08 00:00:00,1,96.06,96.06
INV11415,CUST1246,2023-03-04 00:00:00,6,258.88,1553.28
INV11415,CUST1246,2023-03-04 00:00:00,6,99.69,598.14
INV11416,CUST1247,2023-01-07 00:00:00,3,107.74,323.22
INV11416,CUST1247,2023-01-07 00:00:00,4,104.14,416.56
INV11416,CUST1247,2023-01-07 00:00:00,10,33.95,339.5
INV11417,CUST1248,2023-01-10 00:00:00,4,40.51,162.04
INV11417,CUST1248,2023-01-10 00:00:00,10,89.06,890.6
INV11418,CUST1248,2023-08-04 00:00:00,6,48.61,291.66
INV11419,CUST1249,2023-01-05 00:00:00,6,13.28,79.68
INV11419,CUST1249,2023-01-05 00:00:00,2,69.45,138.9
INV11419,CUST1249,2023-01-05 00:00:00,1,41.69,41.69
INV11420,CUST1249,2023-01-15 00:00:00,4,28.36,113.44
INV11420,CUST1249,2023-01-15 00:00:00,2,41.05,82.1
INV11420,CUST1249,2023-01-15 00:00:00,2,14.22,28.44
INV11420,CUST1249,2023-01-15 00:00:00,6,60.01,360.06
INV11421,CUST1249,2023-03-08 00:00:00,10,39.65,396.5
INV11421,CUST1249,2023-03-08 00:00:00,2,44.78,89.56
INV11421,CUST1249,2023-03-08 00:00:00,4,34.92,139.68
INV11421,CUST1249,2023-03-08 00:00:00,6,42.61,255.66
INV11422,CUST1250,2023-08-14 00:00:00,10,116.19,1161.9
INV11422,CUST1250,2023-08-14 00:00:00,1,101.73,101.73
INV11422,CUST1250,2023-08-14 00:00:00,4,182.93,731.72
INV11423,CUST1250,2023-10-17 00:00:00,3,85.74,257.22
INV11423,CUST1250,2023-10-17 00:00:00,10,103.74,1037.4
INV11423,CUST1250,2023-10-17 00:00:00,10,57.9,579.0
INV11423,CUST1250,2023-10-17 00:00:00,3,127.08,381.24
INV11424,CUST1250,2023-04-09 00:00:00,1,182.16,182.16
INV11424,CUST1250,2023-04-09 00:00:00,3,134.12,402.36
INV11424,CUST1250,2023-04-09 00:00:00,3,22.17,66.51
INV11424,CUST1250,2023-04-09 00:00:00,2,282.34,564.68
INV11425,CUST1250,2023-07-13 00:00:00,6,182.38,1094.28
INV11425,CUST1250,2023-07-13 00:00:00,10,237.77,2377.7
INV11425,CUST1250,2023-07-13 00:00:00,1,179.4,179.4
INV11425,CUST1250,2023-07-13 00:00:00,2,175.6,351.2
INV11426,CUST1250,2023-06-21 00:00:00,2,25.17,50.34
INV11427,CUST1250,2023-10-19 00:00:00,2,202.68,405.36
INV11427,CUST1250,2023-10-19 00:00:00,1,201.41,201.41
INV11427,CUST1250,2023-10-19 00:00:00,2,275.82,551.64
INV11428,CUST1251,2023-03-05 00:00:00,4,88.75,355.0
INV11428,CUST1251,2023-03-05 00:00:00,6,23.55,141.3
INV11428,CUST1251,2023-03-05 00:00:00,4,30.53,122.12
INV11428,CUST1251,2023-03-05 00:00:00,10,100.01,1000.1
INV11429,CUST1251,2023-03-20 00:00:00,10,119.05,1190.5
INV11429,CUST1251,2023-03-20 00:00:00,10,137.76,1377.6
INV11430,CUST1251,2023-09-01 00:00:00,3,90.71,272.13
INV11430,CUST1251,2023-09-01 00:00:00,6,73.07,438.42
INV11430,CUST1251,2023-09-01 00:00:00,3,136.51,409.53
INV11431,CUST1251,2023-06-03 00:00:00,6,171.24,1027.44
INV11431,CUST1251,2023-06-03 00:00:00,2,31.87,63.74
INV11432,CUST1251,2023-01-14 00:00:00,2,170.91,341.82
INV11432,CUST1251,2023-01-14 00:00:00,6,154.02,924.12
INV11432,CUST1251,2023-01-14 00:00:00,6,89.12,534.72
INV11433,CUST1251,2023-02-09 00:00:00,10,107.06,1070.6
INV11434,CUST1251,2023-10-12 00:00:00,10,22.93,229.3
INV11434,CUST1251,2023-10-12 00:00:00,1,66.26,66.26
INV11435,CUST1251,2023-01-17 00:00:00,4,80.9,323.6
INV11435,CUST1251,2023-01-17 00:00:00,3,182.27,546.81
INV11435,CUST1251,2023-01-17 00:00:00,4,14.06,56.24
INV11435,CUST1251,2023-01-17 00:00:00,1,99.51,99.51
INV11436,CUST1251,2023-05-09 00:00:00,1,25.39,25.39
INV11436,CUST1251,2023-05-09 00:00:00,4,75.64,302.56
INV11437,CUST1251,2023-07-07 00:00:00,3,15.93,47.79
INV11437,CUST1251,2023-07-07 00:00:00,2,117.51,235.02
INV11438,CUST1252,2023-02-02 00:00:00,1,31.0,31.0
INV11438,CUST1252,2023-02-02 00:00:00,2,113.69,227.38
INV11438,CUST1252,2023-02-02 00:00:00,10,123.98,1239.8
INV11438,CUST1252,2023-02-02 00:00:00,10,78.41,784.1
INV11439,CUST1252,2023-04-18 00:00:00,4,72.88,291.52
INV11439,CUST1252,2023-04-18 00:00:00,3,25.73,77.19
INV11439,CUST1252,2023-04-18 00:00:00,1,15.51,15.51
INV11439,CUST1252,2023-04-18 00:00:00,6,102.47,614.82
INV11440,CUST1252,2023-01-03 00:00:00,1,10.94,10.94
INV11440,CUST1252,2023-01-03 00:00:00,10,33.33,333.3
INV11440,CUST1252,2023-01-03 00:00:00,10,148.74,1487.4
INV11441,CUST1253,2023-04-13 00:00:00,10,142.57,1425.7
INV11441,CUST1253,2023-04-13 00:00:00,10,181.83,1818.3
INV11442,CUST1253,2023-03-06 00:00:00,1,80.57,80.57
INV11443,CUST1253,2023-04-11 00:00:00,1,195.78,195.78
INV11443,CUST1253,2023-04-11 00:00:00,10,184.59,1845.9
INV11443,CUST1253,2023-04-11 00:00:00,6,195.86,1175.16
INV11443,CUST1253,2023-04-11 00:00:00,10,187.78,1877.8
INV11444,CUST1253,2023-11-12 00:00:00,2,135.77,271.54
INV11444,CUST1253,2023-11-12 00:00:00,10,187.51,1875.1
INV11444,CUST1253,2023-11-12 00:00:00,2,133.22,266.44
INV11444,CUST1253,2023-11-12 00:00:00,6,198.2,1189.2
INV11445,CUST1253,2023-04-13 00:00:00,10,193.25,1932.5
INV11445,CUST1253,2023-04-13 00:00:00,2,86.33,172.66
INV11446,CUST1253,2023-03-18 00:00:00,3,109.29,327.87
INV11446,CUST1253,2023-03-18 00:00:00,2,214.73,429.46
INV11446,CUST1253,2023-03-18 00:00:00,1,153.47,153.47
INV11447,CUST1253,2023-07-11 00:00:00,10,104.07,1040.7
INV11447,CUST1253,2023-07-11 00:00:00,1,157.01,157.01
INV11447,CUST1253,2023-07-11 00:00:00,1,97.45,97.45
INV11448,CUST1253,2023-11-05 00:00:00,1,160.24,160.24
INV11449,CUST1254,2023-06-11 00:00:00,1,169.81,169.81
INV11449,CUST1254,2023-06-11 00:00:00,2,147.34,294.68
INV11449,CUST1254,2023-06-11 00:00:00,4,181.08,724.32
INV11450,CUST1254,2023-09-14 00:00:00,4,179.13,716.52
INV11450,CUST1254,2023-09-14 00:00:00,6,155.42,932.52
INV11450,CUST1254,2023-09-14 00:00:00,1,168.3,168.3
INV11451,CUST1254,2023-09-28 00:00:00,4,129.22,516.88
INV11452,CUST1254,2023-03-04 00:00:00,4,241.27,965.08
INV11452,CUST1254,2023-03-04 00:00:00,6,247.39,1484.34
INV11452,CUST1254,2023-03-04 00:00:00,6,149.55,897.3
INV11453,CUST1254,2023-09-13 00:00:00,6,179.47,1076.82
INV11453,CUST1254,2023-09-13 00:00:00,2,148.7,297.4
INV11453,CUST1254,2023-09-13 00:00:00,1,111.71,111.71
INV11453,CUST1254,2023-09-13 00:00:00,1,134.3,134.3
INV11454,CUST1254,2023-04-30 00:00:00,10,235.55,2355.5
INV11455,CUST1254,2023-07-09 00:00:00,3,29.17,87.51
INV11456,CUST1254,2023-03-07 00:00:00,3,198.52,595.56
INV11456,CUST1254,2023-03-07 00:00:00,10,208.53,2085.3
INV11457,CUST1255,2023-10-07 00:00:00,3,37.64,112.92
INV11457,CUST1255,2023-10-07 00:00:00,4,77.0,308.0
INV11457,CUST1255,2023-10-07 00:00:00,2,192.81,385.62
INV11458,CUST1255,2023-04-15 00:00:00,10,89.77,897.7
INV11458,CUST1255,2023-04-15 00:00:00,6,23.07,138.42
INV11458,CUST1255,2023-04-15 00:00:00,4,159.65,638.6
INV11458,CUST1255,2023-04-15 00:00:00,10,129.04,1290.4
INV11459,CUST1256,2023-06-26 00:00:00,10,117.72,1177.2
INV11459,CUST1256,2023-06-26 00:00:00,6,90.52,543.12
INV11459,CUST1256,2023-06-26 00:00:00,1,27.81,27.81
INV11459,CUST1256,2023-06-26 00:00:00,6,134.4,806.4
INV11460,CUST1257,2023-01-12 00:00:00,6,131.72,790.32
INV11460,CUST1257,2023-01-12 00:00:00,4,217.87,871.48
INV11461,CUST1257,2023-02-27 00:00:00,3,23.0,69.0
INV11461,CUST1257,2023-02-27 00:00:00,10,218.99,2189.9
INV11462,CUST1258,2023-10-14 00:00:00,3,161.11,483.33
INV11462,CUST1258,2023-10-14 00:00:00,6,143.16,858.96
INV11463,CUST1258,2023-09-26 00:00:00,10,52.65,526.5
INV11463,CUST1258,2023-09-26 00:00:00,6,162.38,974.28
INV11463,CUST1258,2023-09-26 00:00:00,3,32.94,98.82
INV11463,CUST1258,2023-09-26 00:00:00,2,54.73,109.46
INV11464,CUST1258,2023-07-03 00:00:00,10,118.58,1185.8
INV11464,CUST1258,2023-07-03 00:00:00,2,138.69,277.38
INV11464,CUST1258,2023-07-03 00:00:00,1,44.73,44.73
INV11465,CUST1259,2023-04-17 00:00:00,2,449.33,898.66
INV11466,CUST1259,2023-08-04 00:00:00,4,165.94,663.76
INV11467,CUST1259,2023-11-09 00:00:00,4,79.51,318.04
INV11467,CUST1259,2023-11-09 00:00:00,10,375.54,3755.4
INV11467,CUST1259,2023-11-09 00:00:00,6,526.62,3159.72
INV11467,CUST1259,2023-11-09 00:00:00,4,548.26,2193.04
INV11468,CUST1259,2023-07-03 00:00:00,2,361.58,723.16
INV11468,CUST1259,2023-07-03 00:00:00,4,128.1,512.4
INV11468,CUST1259,2023-07-03 00:00:00,2,145.0,290.0
INV11468,CUST1259,2023-07-03 00:00:00,2,559.23,1118.46
INV11469,CUST1259,2023-09-26 00:00:00,6,315.07,1890.42
INV11469,CUST1259,2023-09-26 00:00:00,4,566.36,2265.44
INV11470,CUST1259,2023-08-29 00:00:00,3,63.21,189.63
INV11470,CUST1259,2023-08-29 00:00:00,3,305.35,916.05
INV11470,CUST1259,2023-08-29 00:00:00,10,264.31,2643.1
INV11470,CUST1259,2023-08-29 00:00:00,3,563.27,1689.81
INV11471,CUST1259,2023-08-14 00:00:00,2,261.85,523.7
INV11471,CUST1259,2023-08-14 00:00:00,10,406.81,4068.1
INV11471,CUST1259,2023-08-14 00:00:00,6,576.18,3457.08
INV11472,CUST1259,2023-06-17 00:00:00,3,271.93,815.79
INV11473,CUST1259,2023-03-27 00:00:00,4,179.4,717.6
INV11473,CUST1259,2023-03-27 00:00:00,4,456.31,1825.24
INV11473,CUST1259,2023-03-27 00:00:00,10,189.76,1897.6
INV11474,CUST1259,2023-06-09 00:00:00,1,484.1,484.1
INV11474,CUST1259,2023-06-09 00:00:00,2,482.64,965.28
INV11474,CUST1259,2023-06-09 00:00:00,3,384.44,1153.32
INV11474,CUST1259,2023-06-09 00:00:00,4,337.87,1351.48
INV11475,CUST1259,2023-09-22 00:00:00,2,134.9,269.8
INV11475,CUST1259,2023-09-22 00:00:00,10,269.29,2692.9
INV11476,CUST1259,2023-08-27 00:00:00,1,75.01,75.01
INV11476,CUST1259,2023-08-27 00:00:00,2,343.59,687.18
INV11477,CUST1259,2023-04-08 00:00:00,2,496.6,993.2
INV11477,CUST1259,2023-04-08 00:00:00,4,134.25,537.0
INV11478,CUST1259,2023-01-03 00:00:00,2,157.33,314.66
INV11479,CUST1260,2023-02-23 00:00:00,1,195.94,195.94
INV11479,CUST1260,2023-02-23 00:00:00,6,66.19,397.14
INV11480,CUST1261,2023-01-31 00:00:00,4,37.33,149.32
INV11481,CUST1261,2023-01-07 00:00:00,4,91.81,367.24
INV11481,CUST1261,2023-01-07 00:00:00,1,37.65,37.65
INV11481,CUST1261,2023-01-07 00:00:00,3,67.33,201.99
INV11481,CUST1261,2023-01-07 00:00:00,3,109.7,329.1
INV11482,CUST1261,2023-05-17 00:00:00,1,52.26,52.26
INV11483,CUST1262,2023-11-02 00:00:00,10,549.31,5493.1
INV11484,CUST1262,2023-11-23 00:00:00,1,529.75,529.75
INV11485,CUST1262,2023-09-08 00:00:00,4,44.99,179.96
INV11485,CUST1262,2023-09-08 00:00:00,4,472.53,1890.12
INV11485,CUST1262,2023-09-08 00:00:00,1,469.45,469.45
INV11485,CUST1262,2023-09-08 00:00:00,3,464.92,1394.76
INV11486,CUST1262,2023-01-22 00:00:00,3,298.11,894.33
INV11486,CUST1262,2023-01-22 00:00:00,2,525.46,1050.92
INV11486,CUST1262,2023-01-22 00:00:00,4,346.53,1386.12
INV11486,CUST1262,2023-01-22 00:00:00,10,518.86,5188.6
INV11487,CUST1262,2023-08-18 00:00:00,3,391.82,1175.46
INV11487,CUST1262,2023-08-18 00:00:00,3,230.84,692.52
INV11488,CUST1262,2023-01-15 00:00:00,1,448.25,448.25
INV11488,CUST1262,2023-01-15 00:00:00,3,363.1,1089.3
INV11489,CUST1262,2023-08-16 00:00:00,3,507.47,1522.41
INV11489,CUST1262,2023-08-16 00:00:00,10,102.78,1027.8
INV11490,CUST1262,2023-05-30 00:00:00,3,239.7,719.1
INV11490,CUST1262,2023-05-30 00:00:00,6,174.53,1047.18
INV11491,CUST1262,2023-06-07 00:00:00,3,295.98,887.94
INV11491,CUST1262,2023-06-07 00:00:00,3,496.88,1490.64
INV11491,CUST1262,2023-06-07 00:00:00,4,169.21,676.84
INV11492,CUST1262,2023-03-22 00:00:00,4,516.32,2065.28
INV11492,CUST1262,2023-03-22 00:00:00,3,416.38,1249.14
INV11492,CUST1262,2023-03-22 00:00:00,3,116.5,349.5
INV11493,CUST1262,2023-03-05 00:00:00,4,102.25,409.0
INV11493,CUST1262,2023-03-05 00:00:00,4,209.84,839.36
INV11493,CUST1262,2023-03-05 00:00:00,6,471.43,2828.58
INV11494,CUST1262,2023-10-20 00:00:00,4,291.36,1165.44
INV11494,CUST1262,2023-10-20 00:00:00,2,268.35,536.7
INV11495,CUST1262,2023-08-03 00:00:00,6,139.91,839.46
INV11495,CUST1262,2023-08-03 00:00:00,1,467.07,467.07
INV11496,CUST1263,2023-11-01 00:00:00,2,73.62,147.24
INV11496,CUST1263,2023-11-01 00:00:00,3,249.04,747.12
INV11496,CUST1263,2023-11-01 00:00:00,10,76.58,765.8
INV11497,CUST1263,2023-04-24 00:00:00,3,178.12,534.36
INV11497,CUST1263,2023-04-24 00:00:00,1,27.27,27.27
INV11497,CUST1263,2023-04-24 00:00:00,3,149.76,449.28
INV11498,CUST1263,2023-01-10 00:00:00,2,84.65,169.3
INV11498,CUST1263,2023-01-10 00:00:00,2,175.79,351.58
INV11498,CUST1263,2023-01-10 00:00:00,10,185.65,1856.5
INV11498,,2023-01-10 00:00:00,1,245.99,245.99
INV11499,CUST1264,2023-02-25 00:00:00,4,184.23,736.92
INV11500,CUST1265,2023-01-21 00:00:00,6,119.21,715.26
INV11500,CUST1265,2023-01-21 00:00:00,4,94.12,376.48
INV11500,CUST1265,2023-01-21 00:00:00,4,151.4,605.6
INV11500,CUST1265,2023-01-21 00:00:00,6,108.36,650.16
INV11501,CUST1265,2023-02-13 00:00:00,6,90.18,541.08
INV11502,CUST1266,2023-05-11 00:00:00,4,39.86,159.44
INV11502,CUST1266,2023-05-11 00:00:00,4,202.37,809.48
INV11502,CUST1266,2023-05-11 00:00:00,6,215.35,1292.1
INV11503,CUST1266,2023-10-16 00:00:00,6,58.87,353.22
INV11503,CUST1266,2023-10-16 00:00:00,2,132.54,265.08
INV11503,CUST1266,2023-10-16 00:00:00,10,55.4,554.0
INV11503,CUST1266,2023-10-16 00:00:00,3,79.79,239.37
INV11504,CUST1267,2023-07-27 00:00:00,2,93.9,187.8
INV11505,CUST1268,2023-10-05 00:00:00,6,247.82,1486.92
INV11505,CUST1268,2023-10-05 00:00:00,2,213.86,427.72
INV11505,CUST1268,2023-10-05 00:00:00,2,329.86,659.72
INV11506,CUST1268,2023-03-08 00:00:00,1,326.18,326.18
INV11506,CUST1268,2023-03-08 00:00:00,3,86.91,260.73
INV11507,CUST1268,2023-05-24 00:00:00,1,159.43,159.43
INV11507,CUST1268,2023-05-24 00:00:00,6,65.06,390.36
INV11508,CUST1268,2023-02-26 00:00:00,6,218.98,1313.88
INV11509,CUST1268,2023-06-18 00:00:00,2,238.45,476.9
INV11509,CUST1268,2023-06-18 00:00:00,3,231.83,695.49
INV11510,CUST1268,2023-07-16 00:00:00,3,40.35,121.05
INV11511,CUST1268,2023-04-25 00:00:00,4,295.85,1183.4
INV11511,CUST1268,2023-04-25 00:00:00,1,224.74,224.74
INV11511,CUST1268,2023-04-25 00:00:00,3,57.17,171.51
INV11512,CUST1268,2023-03-09 00:00:00,1,114.15,114.15
INV11512,CUST1268,2023-03-09 00:00:00,6,267.33,1603.98
INV11512,CUST1268,2023-03-09 00:00:00,4,204.43,817.72
INV11512,CUST1268,2023-03-09 00:00:00,10,287.92,2879.2
INV11513,CUST1268,2023-03-16 00:00:00,10,242.81,2428.1
INV11514,CUST1269,2023-08-04 00:00:00,6,224.27,1345.62
INV11514,CUST1269,2023-08-04 00:00:00,4,221.52,886.08
INV11515,CUST1269,2023-04-24 00:00:00,6,220.8,1324.8
INV11515,CUST1269,2023-04-24 00:00:00,2,165.21,330.42
INV11516,CUST1269,2023-06-21 00:00:00,2,33.31,66.62
INV11516,CUST1269,2023-06-21 00:00:00,1,64.9,64.9
INV11516,CUST1269,2023-06-21 00:00:00,1,168.83,168.83
INV11517,CUST1269,2023-03-24 00:00:00,4,247.08,988.32
INV11517,CUST1269,2023-03-24 00:00:00,3,191.38,574.14
INV11518,CUST1269,2023-02-09 00:00:00,6,265.28,1591.68
INV11518,CUST1269,2023-02-09 00:00:00,6,205.64,1233.84
INV11518,CUST1269,2023-02-09 00:00:00,1,207.54,207.54
INV11519,CUST1269,2023-03-09 00:00:00,1,217.22,217.22
INV11519,CUST1269,2023-03-09 00:00:00,10,138.29,1382.9
INV11519,CUST1269,2023-03-09 00:00:00,3,197.13,591.39
INV11520,CUST1269,2023-07-10 00:00:00,4,21.43,85.72
INV11520,CUST1269,2023-07-10 00:00:00,2,21.84,43.68
INV11520,CUST1269,2023-07-10 00:00:00,10,78.94,789.4
INV11521,CUST1269,2023-02-21 00:00:00,1,200.97,200.97
INV11521,CUST1269,2023-02-21 00:00:00,4,214.55,858.2
INV11521,CUST1269,2023-02-21 00:00:00,2,97.93,195.86
INV11521,CUST1269,2023-02-21 00:00:00,6,185.29,1111.74
INV11522,CUST1270,2023-04-07 00:00:00,6,24.42,146.52
INV11523,CUST1270,2023-01-05 00:00:00,1,90.63,90.63
INV11523,CUST1270,2023-01-05 00:00:00,1,72.86,72.86
INV11523,CUST1270,2023-01-05 00:00:00,3,59.67,179.01
INV11524,CUST1271,2023-01-17 00:00:00,3,125.78,377.34
INV11524,CUST1271,2023-01-17 00:00:00,3,174.36,523.08
INV11524,CUST1271,2023-01-17 00:00:00,6,105.42,632.52
INV11524,CUST1271,2023-01-17 00:00:00,4,49.05,196.2
INV11525,CUST1271,2023-04-19 00:00:00,10,74.44,744.4
INV11525,CUST1271,2023-04-19 00:00:00,10,22.95,229.5
INV11526,CUST1272,2023-04-29 00:00:00,2,14.76,29.52
INV11527,CUST1272,2023-05-29 00:00:00,1,37.23,37.23
INV11527,CUST1272,2023-05-29 00:00:00,10,15.59,155.9
INV11527,CUST1272,2023-05-29 00:00:00,3,30.53,91.59
INV11527,CUST1272,2023-05-29 00:00:00,6,23.46,140.76
INV11528,CUST1273,2023-05-15 00:00:00,2,126.55,253.1
INV11529,CUST1274,2023-01-06 00:00:00,4,70.97,283.88
INV11529,CUST1274,2023-01-06 00:00:00,10,214.39,2143.9
INV11530,CUST1275,2023-09-28 00:00:00,10,37.55,375.5
INV11530,CUST1275,2023-09-28 00:00:00,4,154.74,618.96
INV11530,CUST1275,2023-09-28 00:00:00,6,164.22,985.32
INV11530,CUST1275,2023-09-28 00:00:00,3,23.34,70.02
INV11531,CUST1276,2023-01-07 00:00:00,4,100.88,403.52
INV11531,CUST1276,2023-01-07 00:00:00,6,121.31,727.86
INV11531,CUST1276,2023-01-07 00:00:00,10,102.29,1022.9
INV11531,CUST1276,2023-01-07 00:00:00,1,10.91,10.91
INV11532,CUST1276,2023-07-05 00:00:00,4,84.28,337.12
INV11533,CUST1277,2023-05-21 00:00:00,10,72.7,727.0
INV11533,CUST1277,2023-05-21 00:00:00,10,67.73,677.3
INV11533,CUST1277,2023-05-21 00:00:00,10,38.83,388.3
INV11534,CUST1277,2023-04-20 00:00:00,10,85.26,852.6
INV11534,CUST1277,2023-04-20 00:00:00,4,83.72,334.88
INV11535,CUST1277,2023-03-08 00:00:00,10,92.34,923.4
INV11535,CUST1277,2023-03-08 00:00:00,10,89.42,894.2
INV11535,CUST1277,2023-03-08 00:00:00,4,83.59,334.36
INV11536,CUST1278,2023-03-13 00:00:00,1,22.78,22.78
INV11537,CUST1279,2023-01-09 00:00:00,10,49.06,490.6
INV11537,CUST1279,2023-01-09 00:00:00,6,102.73,616.38
INV11538,CUST1279,2023-04-25 00:00:00,3,53.65,160.95
INV11538,CUST1279,2023-04-25 00:00:00,2,80.18,160.36
INV11538,CUST1279,2023-04-25 00:00:00,4,158.26,633.04
INV11538,CUST1279,2023-04-25 00:00:00,2,159.76,319.52
INV11539,CUST1280,2023-02-02 00:00:00,6,72.16,432.96
INV11540,CUST1281,2023-09-23 00:00:00,3,49.08,147.24
INV11541,CUST1281,2023-04-23 00:00:00,10,70.63,706.3
INV11541,CUST1281,2023-04-23 00:00:00,6,37.8,226.8
INV11541,CUST1281,2023-04-23 00:00:00,10,90.96,909.6
INV11541,CUST1281,2023-04-23 00:00:00,4,178.66,714.64
INV11542,CUST1281,2023-10-13 00:00:00,3,71.29,213.87
INV11543,CUST1281,2023-02-16 00:00:00,2,55.71,111.42
INV11543,CUST1281,2023-02-16 00:00:00,1,31.06,31.06
INV11544,CUST1281,2023-08-27 00:00:00,6,149.37,896.22
INV11544,CUST1281,2023-08-27 00:00:00,2,157.47,314.94
INV11545,CUST1282,2023-08-08 00:00:00,2,147.65,295.3
INV11545,CUST1282,2023-08-08 00:00:00,2,195.09,390.18
INV11545,CUST1282,2023-08-08 00:00:00,1,191.14,191.14
INV11545,CUST1282,2023-08-08 00:00:00,2,201.18,402.36
INV11546,CUST1282,2023-09-13 00:00:00,1,26.18,26.18
INV11546,CUST1282,2023-09-13 00:00:00,10,87.16,871.6
INV11547,CUST1282,2023-06-14 00:00:00,1,69.04,69.04
INV11547,CUST1282,2023-06-14 00:00:00,3,62.4,187.2
INV11547,CUST1282,2023-06-14 00:00:00,6,101.7,610.2
INV11548,CUST1282,2023-01-14 00:00:00,6,47.96,287.76
INV11548,CUST1282,2023-01-14 00:00:00,2,186.76,373.52
INV11548,CUST1282,2023-01-14 00:00:00,3,101.95,305.85
INV11549,CUST1282,2023-02-02 00:00:00,6,124.06,744.36
INV11549,CUST1282,2023-02-02 00:00:00,10,172.85,1728.5
INV11549,CUST1282,2023-02-02 00:00:00,1,166.21,166.21
INV11549,CUST1282,2023-02-02 00:00:00,10,210.34,2103.4
INV11550,CUST1283,2023-08-03 00:00:00,1,215.67,215.67
INV11550,CUST1283,2023-08-03 00:00:00,6,109.13,654.78
INV11550,CUST1283,2023-08-03 00:00:00,6,156.7,940.2
INV11550,CUST1283,2023-08-03 00:00:00,2,34.29,68.58
INV11551,CUST1283,2023-10-31 00:00:00,2,339.37,678.74
INV11551,CUST1283,2023-10-31 00:00:00,6,115.85,695.1
INV11552,CUST1283,2023-03-13 00:00:00,3,380.48,1141.44
INV11552,CUST1283,2023-03-13 00:00:00,2,339.75,679.5
INV11552,CUST1283,2023-03-13 00:00:00,10,131.98,1319.8
INV11553,CUST1283,2023-03-15 00:00:00,4,187.29,749.16
INV11554,CUST1283,2023-08-29 00:00:00,1,296.49,296.49
INV11554,CUST1283,2023-08-29 00:00:00,3,231.22,693.66
INV11554,CUST1283,2023-08-29 00:00:00,3,243.15,729.45
INV11554,CUST1283,2023-08-29 00:00:00,10,111.21,1112.1
INV11555,CUST1283,2023-02-01 00:00:00,3,333.64,1000.92
INV11556,CUST1283,2023-02-03 00:00:00,2,268.48,536.96
INV11556,CUST1283,2023-02-03 00:00:00,2,98.59,197.18
INV11556,CUST1283,2023-02-03 00:00:00,3,360.91,1082.73
INV11557,CUST1283,2023-06-27 00:00:00,1,269.62,269.62
INV11557,CUST1283,2023-06-27 00:00:00,2,74.24,148.48
INV11557,CUST1283,2023-06-27 00:00:00,10,85.21,852.1
INV11558,CUST1283,2023-11-17 00:00:00,6,241.14,1446.84
INV11559,CUST1283,2023-10-30 00:00:00,1,85.09,85.09
INV11560,CUST1283,2023-06-29 00:00:00,6,362.19,2173.14
INV11560,CUST1283,2023-06-29 00:00:00,2,355.02,710.04
INV11561,CUST1283,2023-03-02 00:00:00,3,324.08,972.24
INV11561,CUST1283,2023-03-02 00:00:00,6,172.04,1032.24
INV11562,CUST1284,2023-06-06 00:00:00,6,56.8,340.8
INV11562,CUST1284,2023-06-06 00:00:00,1,91.37,91.37
INV11563,CUST1284,2023-09-27 00:00:00,3,68.91,206.73
INV11563,CUST1284,2023-09-27 00:00:00,3,53.98,161.94
INV11563,CUST1284,2023-09-27 00:00:00,2,58.24,116.48
INV11564,CUST1284,2023-05-15 00:00:00,2,119.78,239.56
INV11564,CUST1284,2023-05-15 00:00:00,10,77.38,773.8
INV11564,CUST1284,2023-05-15 00:00:00,4,47.04,188.16
INV11564,CUST1284,2023-05-15 00:00:00,6,11.21,67.26
INV11565,CUST1285,2023-12-05 00:00:00,2,302.63,605.26
INV11565,CUST1285,2023-12-05 00:00:00,10,185.89,1858.9
INV11565,CUST1285,2023-12-05 00:00:00,1,514.23,514.23
INV11566,CUST1285,2023-04-21 00:00:00,10,414.58,4145.8
INV11566,CUST1285,2023-04-21 00:00:00,2,475.45,950.9
INV11566,CUST1285,2023-04-21 00:00:00,2,353.47,706.94
INV11567,CUST1285,2023-11-08 00:00:00,4,105.42,421.68
INV11567,CUST1285,2023-11-08 00:00:00,1,499.18,499.18
INV11567,CUST1285,2023-11-08 00:00:00,1,153.71,153.71
INV11567,CUST1285,2023-11-08 00:00:00,4,446.23,1784.92
INV11568,CUST1285,2023-07-29 00:00:00,10,574.36,5743.6
INV11568,CUST1285,2023-07-29 00:00:00,10,240.31,2403.1
INV11569,CUST1285,2023-10-18 00:00:00,2,164.04,328.08
INV11569,CUST1285,2023-10-18 00:00:00,1,186.63,186.63
INV11570,CUST1285,2023-09-05 00:00:00,6,312.06,1872.36
INV11570,CUST1285,2023-09-05 00:00:00,10,162.44,1624.4
INV11571,CUST1285,2023-11-12 00:00:00,4,397.18,1588.72
INV11571,CUST1285,2023-11-12 00:00:00,4,477.1,1908.4
INV11571,CUST1285,2023-11-12 00:00:00,6,334.54,2007.24
INV11572,CUST1285,2023-04-01 00:00:00,10,132.86,1328.6
INV11572,CUST1285,2023-04-01 00:00:00,4,505.98,2023.92
INV11572,CUST1285,2023-04-01 00:00:00,1,366.65,366.65
INV11572,,2023-04-01 00:00:00,4,299.92,1199.68
INV11573,CUST1285,2023-10-04 00:00:00,4,218.28,873.12
INV11573,CUST1285,2023-10-04 00:00:00,6,463.59,2781.54
INV11573,CUST1285,2023-10-04 00:00:00,2,452.44,904.88
INV11574,CUST1285,2023-06-30 00:00:00,1,217.26,217.26
INV11575,CUST1285,2023-08-14 00:00:00,10,59.19,591.9
INV11575,CUST1285,2023-08-14 00:00:00,4,334.0,1336.0
INV11575,CUST1285,2023-08-14 00:00:00,6,190.95,1145.7
INV11576,CUST1285,2023-02-23 00:00:00,10,420.54,4205.4
INV11576,CUST1285,2023-02-23 00:00:00,6,568.34,3410.04
INV11576,CUST1285,2023-02-23 00:00:00,4,236.2,944.8
INV11576,CUST1285,2023-02-23 00:00:00,4,234.12,936.48
INV11577,CUST1285,2023-08-18 00:00:00,3,166.16,498.48
INV11577,CUST1285,2023-08-18 00:00:00,4,180.82,723.28
INV11577,CUST1285,2023-08-18 00:00:00,10,602.73,6027.3
INV11577,CUST1285,2023-08-18 00:00:00,1,366.79,366.79
INV11578,CUST1285,2023-05-31 00:00:00,1,590.93,590.93
INV11578,CUST1285,2023-05-31 00:00:00,1,455.68,455.68
INV11578,CUST1285,2023-05-31 00:00:00,3,162.14,486.42
INV11579,CUST1285,2023-06-18 00:00:00,10,468.79,4687.9
INV11579,CUST1285,2023-06-18 00:00:00,3,310.84,932.52
INV11579,CUST1285,2023-06-18 00:00:00,1,232.58,232.58
INV11579,CUST1285,2023-06-18 00:00:00,1,145.5,145.5
INV11580,CUST1285,2023-08-20 00:00:00,2,345.25,690.5
INV11580,CUST1285,2023-08-20 00:00:00,4,266.77,1067.08
INV11580,CUST1285,2023-08-20 00:00:00,3,100.91,302.73
INV11581,CUST1286,2023-08-01 00:00:00,4,19.67,78.68
INV11582,CUST1287,2023-02-11 00:00:00,1,30.44,30.44
INV11583,CUST1288,2023-09-22 00:00:00,1,160.65,160.65
INV11584,CUST1288,2023-05-11 00:00:00,1,275.89,275.89
INV11584,CUST1288,2023-05-11 00:00:00,6,133.4,800.4
INV11584,CUST1288,2023-05-11 00:00:00,4,84.61,338.44
INV11584,CUST1288,2023-05-11 00:00:00,1,74.48,74.48
INV11585,CUST1288,2023-06-14 00:00:00,10,103.39,1033.9
INV11585,CUST1288,2023-06-14 00:00:00,1,236.28,236.28
INV11586,CUST1288,2023-06-11 00:00:00,6,290.26,1741.56
INV11586,CUST1288,2023-06-11 00:00:00,3,90.82,272.46
INV11587,CUST1288,2023-06-04 00:00:00,3,100.11,300.33
INV11587,CUST1288,2023-06-04 00:00:00,6,210.8,1264.8
INV11588,CUST1288,2023-04-03 00:00:00,3,157.27,471.81
INV11589,CUST1288,2023-03-10 00:00:00,6,225.74,1354.44
INV11589,CUST1288,2023-03-10 00:00:00,10,150.05,1500.5
INV11589,CUST1288,2023-03-10 00:00:00,3,288.5,865.5
INV11590,CUST1288,2023-10-06 00:00:00,4,128.81,515.24
INV11590,CUST1288,2023-10-06 00:00:00,1,201.05,201.05
INV11591,CUST1289,2023-11-18 00:00:00,10,40.46,404.6
INV11591,CUST1289,2023-11-18 00:00:00,10,48.21,482.1
INV11592,CUST1289,2023-08-29 00:00:00,3,182.58,547.74
INV11592,CUST1289,2023-08-29 00:00:00,10,77.71,777.1
INV11592,CUST1289,2023-08-29 00:00:00,6,159.91,959.46
INV11592,CUST1289,2023-08-29 00:00:00,4,101.69,406.76
INV11593,CUST1289,2023-09-03 00:00:00,3,16.63,49.89
INV11594,CUST1290,2023-07-24 00:00:00,4,384.91,1539.64
INV11595,CUST1290,2023-11-08 00:00:00,10,561.08,5610.8
INV11595,CUST1290,2023-11-08 00:00:00,2,376.9,753.8
INV11595,CUST1290,2023-11-08 00:00:00,6,134.74,808.44
INV11596,CUST1290,2023-01-02 00:00:00,1,376.33,376.33
INV11597,CUST1290,2023-04-07 00:00:00,2,455.88,911.76
INV11597,CUST1290,2023-04-07 00:00:00,1,426.53,426.53
INV11597,CUST1290,2023-04-07 00:00:00,6,160.38,962.28
INV11597,CUST1290,2023-04-07 00:00:00,6,214.44,1286.64
INV11598,CUST1290,2023-09-09 00:00:00,2,350.84,701.68
INV11598,CUST1290,2023-09-09 00:00:00,3,388.38,1165.14
INV11598,CUST1290,2023-09-09 00:00:00,10,399.9,3999.0
INV11598,CUST1290,2023-09-09 00:00:00,6,338.59,2031.54
INV11599,CUST1290,2023-05-19 00:00:00,3,472.4,1417.2
INV11599,CUST1290,2023-05-19 00:00:00,2,385.27,770.54
INV11600,CUST1290,2023-09-12 00:00:00,10,260.55,2605.5
INV11600,CUST1290,2023-09-12 00:00:00,6,172.15,1032.9
INV11601,CUST1290,2023-06-29 00:00:00,6,574.15,3444.9
INV11601,CUST1290,2023-06-29 00:00:00,4,150.18,600.72
INV11601,CUST1290,2023-06-29 00:00:00,6,162.09,972.54
INV11601,CUST1290,2023-06-29 00:00:00,2,520.76,1041.52
INV11602,CUST1290,2023-10-06 00:00:00,6,470.67,2824.02
INV11602,CUST1290,2023-10-06 00:00:00,1,173.95,173.95
INV11602,CUST1290,2023-10-06 00:00:00,1,67.41,67.41
INV11602,CUST1290,2023-10-06 00:00:00,4,289.69,1158.76
INV11603,CUST1290,2023-02-21 00:00:00,6,597.21,3583.26
INV11603,CUST1290,2023-02-21 00:00:00,10,617.21,6172.1
INV11603,CUST1290,2023-02-21 00:00:00,1,42.74,42.74
INV11603,CUST1290,2023-02-21 00:00:00,10,60.74,607.4
INV11604,CUST1290,2023-10-30 00:00:00,1,118.71,118.71
INV11604,CUST1290,2023-10-30 00:00:00,3,323.82,971.46
INV11604,CUST1290,2023-10-30 00:00:00,2,602.3,1204.6
INV11605,CUST1290,2023-12-03 00:00:00,1,261.55,261.55
INV11605,CUST1290,2023-12-03 00:00:00,2,224.28,448.56
INV11605,CUST1290,2023-12-03 00:00:00,6,561.41,3368.46
INV11605,CUST1290,2023-12-03 00:00:00,1,408.84,408.84
INV11606,CUST1290,2023-06-22 00:00:00,3,387.87,1163.61
INV11606,CUST1290,2023-06-22 00:00:00,2,638.7,1277.4
INV11606,CUST1290,2023-06-22 00:00:00,1,505.64,505.64
INV11607,CUST1290,2023-09-08 00:00:00,1,628.01,628.01
INV11608,CUST1290,2023-05-29 00:00:00,4,223.61,894.44
INV11608,CUST1290,2023-05-29 00:00:00,2,324.57,649.14
INV11608,CUST1290,2023-05-29 00:00:00,6,91.94,551.64
INV11609,CUST1290,2023-04-29 00:00:00,10,602.37,6023.7
INV11610,CUST1290,2023-01-10 00:00:00,4,89.66,358.64
INV11610,CUST1290,2023-01-10 00:00:00,4,193.79,775.16
INV11610,CUST1290,2023-01-10 00:00:00,6,122.99,737.94
INV11610,CUST1290,2023-01-10 00:00:00,2,347.62,695.24
INV11611,CUST1290,2023-04-20 00:00:00,10,443.8,4438.0
INV11611,CUST1290,2023-04-20 00:00:00,2,192.48,384.96
INV11611,CUST1290,2023-04-20 00:00:00,4,306.71,1226.84
INV11612,CUST1290,2023-10-11 00:00:00,2,493.89,987.78
INV11612,CUST1290,2023-10-11 00:00:00,6,514.77,3088.62
INV11613,CUST1291,2023-08-02 00:00:00,2,34.36,68.72
INV11613,CUST1291,2023-08-02 00:00:00,4,305.54,1222.16
INV11614,CUST1291,2023-01-31 00:00:00,6,195.84,1175.04
INV11614,CUST1291,2023-01-31 00:00:00,2,502.53,1005.06
INV11615,CUST1291,2023-11-29 00:00:00,1,246.91,246.91
INV11615,CUST1291,2023-11-29 00:00:00,4,259.79,1039.16
INV11615,CUST1291,2023-11-29 00:00:00,2,432.54,865.08
INV11616,CUST1291,2023-03-02 00:00:00,3,204.05,612.15
INV11616,CUST1291,2023-03-02 00:00:00,4,353.36,1413.44
INV11616,CUST1291,2023-03-02 00:00:00,10,470.75,4707.5
INV11617,CUST1291,2023-07-20 00:00:00,3,190.09,570.27
INV11617,CUST1291,2023-07-20 00:00:00,10,358.29,3582.9
INV11618,CUST1291,2023-06-23 00:00:00,1,314.17,314.17
INV11618,CUST1291,2023-06-23 00:00:00,1,260.28,260.28
INV11618,CUST1291,2023-06-23 00:00:00,6,468.97,2813.82
INV11619,CUST1291,2023-03-16 00:00:00,10,464.84,4648.4
INV11620,CUST1291,2023-02-11 00:00:00,6,154.32,925.92
INV11621,CUST1291,2023-02-22 00:00:00,4,120.57,482.28
INV11621,CUST1291,2023-02-22 00:00:00,10,394.62,3946.2
INV11621,CUST1291,2023-02-22 00:00:00,3,449.58,1348.74
INV11622,CUST1291,2023-01-19 00:00:00,1,211.06,211.06
INV11622,CUST1291,2023-01-19 00:00:00,4,398.62,1594.48
INV11623,CUST1292,2023-01-25 00:00:00,3,15.71,47.13
INV11623,CUST1292,2023-01-25 00:00:00,3,74.05,222.15
INV11624,CUST1292,2023-06-18 00:00:00,6,26.12,156.72
INV11624,CUST1292,2023-06-18 00:00:00,10,102.45,1024.5
INV11625,CUST1292,2023-01-06 00:00:00,4,12.08,48.32
INV11625,CUST1292,2023-01-06 00:00:00,2,16.03,32.06
INV11625,CUST1292,2023-01-06 00:00:00,1,53.16,53.16
INV11625,CUST1292,2023-01-06 00:00:00,4,110.0,440.0
INV11626,CUST1293,2023-07-25 00:00:00,1,337.86,337.86
INV11626,CUST1293,2023-07-25 00:00:00,3,316.32,948.96
INV11626,CUST1293,2023-07-25 00:00:00,1,275.79,275.79
INV11626,CUST1293,2023-07-25 00:00:00,6,56.1,336.6
INV11627,CUST1293,2023-05-06 00:00:00,4,27.2,108.8
INV11628,CUST1293,2023-05-21 00:00:00,3,226.41,679.23
INV11628,CUST1293,2023-05-21 00:00:00,6,23.72,142.32
INV11629,CUST1293,2023-04-05 00:00:00,4,316.02,1264.08
INV11629,CUST1293,2023-04-05 00:00:00,6,174.25,1045.5
INV11629,CUST1293,2023-04-05 00:00:00,6,176.08,1056.48
INV11630,CUST1293,2023-02-08 00:00:00,4,179.8,719.2
INV11630,CUST1293,2023-02-08 00:00:00,6,84.94,509.64
INV11630,CUST1293,2023-02-08 00:00:00,10,196.07,1960.7
INV11630,CUST1293,2023-02-08 00:00:00,1,199.4,199.4
INV11631,CUST1293,2023-06-18 00:00:00,6,222.87,1337.22
INV11631,CUST1293,2023-06-18 00:00:00,3,71.97,215.91
INV11631,CUST1293,2023-06-18 00:00:00,6,103.15,618.9
INV11631,CUST1293,2023-06-18 00:00:00,4,269.94,1079.76
INV11632,CUST1293,2023-09-06 00:00:00,3,348.02,1044.06
INV11632,CUST1293,2023-09-06 00:00:00,2,231.74,463.48
INV11632,CUST1293,2023-09-06 00:00:00,10,133.87,1338.7
INV11633,CUST1293,2023-03-13 00:00:00,4,230.9,923.6
INV11633,CUST1293,2023-03-13 00:00:00,3,108.38,325.14
INV11633,CUST1293,2023-03-13 00:00:00,2,216.28,432.56
INV11634,CUST1293,2023-10-18 00:00:00,10,159.8,1598.0
INV11634,CUST1293,2023-10-18 00:00:00,10,258.15,2581.5
INV11634,CUST1293,2023-10-18 00:00:00,2,44.09,88.18
INV11635,CUST1293,2023-04-17 00:00:00,4,137.48,549.92
INV11635,CUST1293,2023-04-17 00:00:00,4,301.03,1204.12
INV11635,CUST1293,2023-04-17 00:00:00,10,339.85,3398.5
INV11635,CUST1293,2023-04-17 00:00:00,2,110.43,220.86
INV11636,CUST1294,2023-11-22 00:00:00,6,223.55,1341.3
INV11636,CUST1294,2023-11-22 00:00:00,10,361.12,3611.2
INV11637,CUST1294,2023-01-07 00:00:00,4,285.84,1143.36
INV11637,CUST1294,2023-01-07 00:00:00,3,182.34,547.02
INV11637,CUST1294,2023-01-07 00:00:00,1,248.96,248.96
INV11638,CUST1294,2023-07-21 00:00:00,3,324.74,974.22
INV11638,CUST1294,2023-07-21 00:00:00,2,113.36,226.72
INV11639,CUST1294,2023-11-27 00:00:00,10,460.39,4603.9
INV11639,CUST1294,2023-11-27 00:00:00,6,385.02,2310.12
INV11639,CUST1294,2023-11-27 00:00:00,3,495.1,1485.3
INV11639,CUST1294,2023-11-27 00:00:00,10,368.35,3683.5
INV11640,CUST1294,2023-04-20 00:00:00,10,263.2,2632.0
INV11641,CUST1294,2023-10-20 00:00:00,1,351.24,351.24
INV11641,CUST1294,2023-10-20 00:00:00,2,141.64,283.28
INV11642,CUST1294,2023-11-04 00:00:00,4,40.05,160.2
INV11642,CUST1294,2023-11-04 00:00:00,10,419.1,4191.0
INV11642,CUST1294,2023-11-04 00:00:00,10,297.77,2977.7
INV11642,CUST1294,2023-11-04 00:00:00,2,167.59,335.18
INV11643,CUST1294,2023-08-01 00:00:00,6,218.7,1312.2
INV11643,CUST1294,2023-08-01 00:00:00,6,66.48,398.88
INV11643,CUST1294,2023-08-01 00:00:00,4,447.46,1789.84
INV11644,CUST1295,2023-03-08 00:00:00,6,63.03,378.18
INV11644,CUST1295,2023-03-08 00:00:00,4,100.62,402.48
INV11644,CUST1295,2023-03-08 00:00:00,4,87.55,350.2
INV11645,CUST1296,2023-01-30 00:00:00,3,74.14,222.42
INV11646,CUST1296,2022-12-31 00:00:00,4,57.3,229.2
INV11646,CUST1296,2022-12-31 00:00:00,10,117.08,1170.8
INV11647,CUST1297,2023-08-17 00:00:00,10,130.2,1302.0
INV11647,CUST1297,2023-08-17 00:00:00,3,72.98,218.94
INV11647,CUST1297,2023-08-17 00:00:00,6,76.63,459.78
INV11647,CUST1297,2023-08-17 00:00:00,3,33.27,99.81
INV11648,CUST1297,2023-04-25 00:00:00,2,132.03,264.06
INV11648,CUST1297,2023-04-25 00:00:00,10,195.09,1950.9
INV11648,CUST1297,2023-04-25 00:00:00,3,117.77,353.31
INV11649,CUST1297,2023-01-20 00:00:00,10,173.71,1737.1
INV11649,CUST1297,2023-01-20 00:00:00,4,53.46,213.84
INV11649,CUST1297,2023-01-20 00:00:00,4,20.72,82.88
INV11650,CUST1297,2023-10-07 00:00:00,6,90.99,545.94
INV11650,CUST1297,2023-10-07 00:00:00,4,183.46,733.84
INV11651,CUST1297,2023-09-07 00:00:00,6,258.13,1548.78
INV11651,,2023-09-07 00:00:00,3,66.63,199.89
INV11651,CUST1297,2023-09-07 00:00:00,3,192.39,577.17
INV11651,CUST1297,2023-09-07 00:00:00,3,59.46,178.38
INV11652,CUST1297,2023-08-30 00:00:00,6,252.31,1513.86
INV11652,CUST1297,2023-08-30 00:00:00,3,174.81,524.43
INV11653,CUST1297,2023-02-23 00:00:00,6,171.1,1026.6
INV11653,CUST1297,2023-02-23 00:00:00,1,98.31,98.31
INV11653,CUST1297,2023-02-23 00:00:00,2,234.94,469.88
INV11653,CUST1297,2023-02-23 00:00:00,10,208.87,2088.7
INV11654,CUST1297,2023-06-17 00:00:00,4,149.74,598.96
INV11655,CUST1297,2023-06-28 00:00:00,2,194.48,388.96
INV11655,CUST1297,2023-06-28 00:00:00,6,81.02,486.12
INV11655,CUST1297,2023-06-28 00:00:00,10,171.5,1715.0
INV11656,CUST1297,2023-10-18 00:00:00,1,210.42,210.42
INV11657,CUST1297,2023-07-04 00:00:00,4,110.9,443.6
INV11657,CUST1297,2023-07-04 00:00:00,3,175.57,526.71
INV11657,CUST1297,2023-07-04 00:00:00,3,212.66,637.98
INV11657,CUST1297,2023-07-04 00:00:00,6,37.91,227.46
INV11658,CUST1298,2023-03-08 00:00:00,4,58.9,235.6
INV11658,CUST1298,2023-03-08 00:00:00,4,69.61,278.44
INV11658,CUST1298,2023-03-08 00:00:00,3,57.71,173.13
INV11659,CUST1299,2023-07-10 00:00:00,1,49.55,49.55
INV11660,CUST1299,2023-09-18 00:00:00,6,468.98,2813.88
INV11661,CUST1299,2023-01-30 00:00:00,2,166.59,333.18
INV11662,CUST1299,2023-03-09 00:00:00,3,154.34,463.02
INV11662,CUST1299,2023-03-09 00:00:00,1,408.49,408.49
INV11663,CUST1299,2023-01-19 00:00:00,1,425.82,425.82
INV11663,CUST1299,2023-01-19 00:00:00,3,485.29,1455.87
INV11663,CUST1299,2023-01-19 00:00:00,3,556.52,1669.56
INV11663,CUST1299,2023-01-19 00:00:00,6,254.65,1527.9
INV11664,CUST1299,2023-04-06 00:00:00,10,479.9,4799.0
INV11664,CUST1299,2023-04-06 00:00:00,3,273.3,819.9
INV11664,CUST1299,2023-04-06 00:00:00,6,428.84,2573.04
INV11664,CUST1299,2023-04-06 00:00:00,1,539.08,539.08
INV11665,CUST1299,2023-03-05 00:00:00,4,65.1,260.4
INV11665,CUST1299,2023-03-05 00:00:00,6,234.31,1405.86
INV11665,CUST1299,2023-03-05 00:00:00,4,356.12,1424.48
INV11666,CUST1299,2023-10-15 00:00:00,1,445.01,445.01
INV11666,CUST1299,2023-10-15 00:00:00,1,97.89,97.89
INV11666,CUST1299,2023-10-15 00:00:00,1,425.69,425.69
INV11667,CUST1299,2023-03-25 00:00:00,4,374.62,1498.48
INV11667,CUST1299,2023-03-25 00:00:00,10,70.94,709.4
INV11667,CUST1299,2023-03-25 00:00:00,10,517.86,5178.6
INV11668,CUST1299,2023-03-19 00:00:00,2,484.11,968.22
INV11668,CUST1299,2023-03-19 00:00:00,4,333.98,1335.92
INV11669,CUST1299,2023-05-06 00:00:00,10,497.52,4975.2
INV11669,CUST1299,2023-05-06 00:00:00,3,483.96,1451.88
INV11670,CUST1299,2023-03-01 00:00:00,2,179.04,358.08
INV11670,CUST1299,2023-03-01 00:00:00,10,40.69,406.9
INV11671,CUST1299,2023-02-08 00:00:00,6,206.65,1239.9
INV11671,CUST1299,2023-02-08 00:00:00,4,200.18,800.72
INV11671,CUST1299,2023-02-08 00:00:00,1,556.01,556.01
INV11671,CUST1299,2023-02-08 00:00:00,1,249.99,249.99
INV11672,CUST1299,2023-11-02 00:00:00,-2,339.68,679.36
INV11672,CUST1299,2023-11-02 00:00:00,6,421.55,2529.3
INV11672,CUST1299,2023-11-02 00:00:00,6,338.68,2032.08
INV11673,CUST1299,2023-10-24 00:00:00,10,267.96,2679.6
INV11673,CUST1299,2023-10-24 00:00:00,10,147.11,1471.1
INV11674,CUST1299,2023-09-13 00:00:00,1,165.01,165.01
INV11674,CUST1299,2023-09-13 00:00:00,4,512.08,2048.32
INV11675,CUST1300,2023-01-14 00:00:00,4,266.9,1067.6
INV11675,CUST1300,2023-01-14 00:00:00,2,332.84,665.68
INV11675,CUST1300,2023-01-14 00:00:00,4,131.27,525.08
INV11676,CUST1300,2023-07-14 00:00:00,10,252.32,2523.2
INV11676,CUST1300,2023-07-14 00:00:00,1,66.43,66.43
INV11677,CUST1300,2023-07-08 00:00:00,1,157.45,157.45
INV11677,CUST1300,2023-07-08 00:00:00,10,310.79,3107.9
INV11677,CUST1300,2023-07-08 00:00:00,10,175.34,1753.4
INV11677,CUST1300,2023-07-08 00:00:00,4,84.84,339.36
INV11678,CUST1300,2023-07-04 00:00:00,4,120.97,483.88
INV11679,CUST1300,2023-01-28 00:00:00,10,139.51,1395.1
INV11679,CUST1300,2023-01-28 00:00:00,10,70.99,709.9
INV11680,CUST1300,2023-03-31 00:00:00,10,298.45,2984.5
INV11680,CUST1300,2023-03-31 00:00:00,3,292.21,876.63
INV11681,CUST1300,2023-07-11 00:00:00,10,161.64,1616.4
INV11681,CUST1300,2023-07-11 00:00:00,4,136.19,544.76
INV11682,CUST1300,2023-02-28 00:00:00,4,60.97,243.88
INV11682,CUST1300,2023-02-28 00:00:00,1,194.89,194.89
INV11682,CUST1300,2023-02-28 00:00:00,4,332.6,1330.4
INV11682,CUST1300,2023-02-28 00:00:00,3,77.73,233.19
INV11683,CUST1300,2023-07-15 00:00:00,2,269.73,539.46
INV11683,CUST1300,2023-07-15 00:00:00,2,267.59,535.18
INV11683,CUST1300,2023-07-15 00:00:00,2,101.33,202.66
INV11683,CUST1300,2023-07-15 00:00:00,1,130.02,130.02
INV11684,CUST1300,2023-12-04 00:00:00,10,66.63,666.3
INV11684,CUST1300,2023-12-04 00:00:00,6,292.41,1754.46
INV11684,CUST1300,2023-12-04 00:00:00,6,176.91,1061.46
INV11685,CUST1300,2023-07-23 00:00:00,4,38.16,152.64
INV11685,CUST1300,2023-07-23 00:00:00,2,125.85,251.7
INV11685,CUST1300,2023-07-23 00:00:00,1,223.76,223.76
INV11685,CUST1300,2023-07-23 00:00:00,1,323.81,323.81
INV11686,CUST1300,2023-06-17 00:00:00,3,83.11,249.33
INV11686,CUST1300,2023-06-17 00:00:00,2,145.26,290.52
INV11686,CUST1300,2023-06-17 00:00:00,2,106.01,212.02
INV11686,CUST1300,2023-06-17 00:00:00,10,35.28,352.8
INV11687,CUST1300,2023-11-09 00:00:00,1,269.19,269.19
INV11687,CUST1300,2023-11-09 00:00:00,4,317.93,1271.72
INV11687,CUST1300,2023-11-09 00:00:00,1,112.04,112.04
INV11688,CUST1300,2023-03-14 00:00:00,4,194.55,778.2
INV11688,CUST1300,2023-03-14 00:00:00,4,47.81,191.24
INV11688,CUST1300,2023-03-14 00:00:00,4,196.25,785.0
INV11688,CUST1300,2023-03-14 00:00:00,3,107.71,323.13
INV11689,CUST1300,2023-05-05 00:00:00,10,86.1,861.0
INV11689,CUST1300,2023-05-05 00:00:00,10,283.73,2837.3
INV11690,CUST1300,2023-06-15 00:00:00,2,139.34,278.68
INV11690,CUST1300,2023-06-15 00:00:00,4,69.75,279.0
INV11690,CUST1300,2023-06-15 00:00:00,6,333.18,1999.08
INV11691,CUST1300,2023-03-27 00:00:00,2,227.57,455.14
INV11692,CUST1300,2023-11-23 00:00:00,4,129.39,517.56
INV11692,CUST1300,2023-11-23 00:00:00,2,258.56,517.12
INV11692,CUST1300,2023-11-23 00:00:00,10,324.93,3249.3
INV11693,CUST1300,2023-08-05 00:00:00,3,101.7,305.1
INV11693,CUST1300,2023-08-05 00:00:00,1,232.9,232.9
INV11694,CUST1301,2023-07-24 00:00:00,3,227.62,682.86
INV11694,CUST1301,2023-07-24 00:00:00,1,100.12,100.12
INV11694,CUST1301,2023-07-24 00:00:00,2,133.25,266.5
INV11694,CUST1301,2023-07-24 00:00:00,6,54.31,325.86
INV11695,CUST1302,2023-05-14 00:00:00,6,80.88,485.28
INV11696,CUST1302,2023-09-09 00:00:00,10,104.03,1040.3
INV11696,CUST1302,2023-09-09 00:00:00,1,23.68,23.68
INV11696,CUST1302,2023-09-09 00:00:00,3,80.72,242.16
INV11696,CUST1302,2023-09-09 00:00:00,2,94.15,188.3
INV11697,CUST1303,2023-02-06 00:00:00,2,51.68,103.36
INV11697,CUST1303,2023-02-06 00:00:00,4,80.49,321.96
INV11697,CUST1303,2023-02-06 00:00:00,4,113.8,455.2
INV11698,CUST1303,2023-12-06 00:00:00,3,21.71,65.13
INV11699,CUST1304,2023-01-04 00:00:00,4,57.05,228.2
INV11699,CUST1304,2023-01-04 00:00:00,2,17.35,34.7
INV11700,CUST1305,2023-02-02 00:00:00,10,36.16,361.6
INV11700,CUST1305,2023-02-02 00:00:00,2,57.83,115.66
INV11700,CUST1305,2023-02-02 00:00:00,6,51.46,308.76
INV11701,CUST1305,2023-04-21 00:00:00,10,10.47,104.7
INV11701,CUST1305,2023-04-21 00:00:00,3,13.24,39.72
INV11701,CUST1305,2023-04-21 00:00:00,1,37.53,37.53
INV11702,CUST1305,2023-03-15 00:00:00,6,50.54,303.24
INV11703,CUST1306,2023-02-08 00:00:00,2,28.96,57.92
INV11704,CUST1306,2023-10-04 00:00:00,1,68.66,68.66
INV11704,CUST1306,2023-10-04 00:00:00,1,74.74,74.74
INV11704,CUST1306,2023-10-04 00:00:00,4,35.86,143.44
INV11705,CUST1306,2023-11-18 00:00:00,10,129.12,1291.2
INV11705,CUST1306,2023-11-18 00:00:00,4,61.15,244.6
INV11705,CUST1306,2023-11-18 00:00:00,10,101.46,1014.6
INV11705,CUST1306,2023-11-18 00:00:00,3,62.75,188.25
INV11706,CUST1307,2023-09-09 00:00:00,2,21.8,43.6
INV11706,CUST1307,2023-09-09 00:00:00,10,86.67,866.7
INV11707,CUST1307,2023-06-16 00:00:00,3,178.98,536.94
INV11708,CUST1307,2023-05-26 00:00:00,3,23.93,71.79
INV11708,CUST1307,2023-05-26 00:00:00,1,145.6,145.6
INV11708,CUST1307,2023-05-26 00:00:00,1,68.07,68.07
INV11708,CUST1307,2023-05-26 00:00:00,6,162.64,975.84
INV11709,CUST1307,2023-03-07 00:00:00,6,78.71,472.26
INV11709,CUST1307,2023-03-07 00:00:00,10,82.17,821.7
INV11709,CUST1307,2023-03-07 00:00:00,10,34.5,345.0
INV11710,CUST1307,2023-10-12 00:00:00,2,15.88,31.76
INV11710,CUST1307,2023-10-12 00:00:00,2,32.86,65.72
INV11711,CUST1307,2023-03-26 00:00:00,2,175.75,351.5
INV11711,CUST1307,2023-03-26 00:00:00,10,20.49,204.9
INV11711,CUST1307,2023-03-26 00:00:00,1,103.51,103.51
INV11712,CUST1307,2023-05-01 00:00:00,6,173.59,1041.54
INV11712,CUST1307,2023-05-01 00:00:00,2,72.02,144.04
INV11712,CUST1307,2023-05-01 00:00:00,3,63.93,191.79
INV11713,CUST1308,2023-03-12 00:00:00,10,158.53,1585.3
INV11713,CUST1308,2023-03-12 00:00:00,10,152.99,1529.9
INV11713,CUST1308,2023-03-12 00:00:00,1,76.96,76.96
INV11713,CUST1308,2023-03-12 00:00:00,1,13.89,13.89
INV11714,CUST1309,2023-09-16 00:00:00,4,241.91,967.64
INV11714,CUST1309,2023-09-16 00:00:00,10,216.16,2161.6
INV11714,CUST1309,2023-09-16 00:00:00,3,169.5,508.5
INV11715,CUST1309,2023-04-21 00:00:00,1,237.3,237.3
INV11716,CUST1309,2023-03-24 00:00:00,10,173.55,1735.5
INV11716,CUST1309,2023-03-24 00:00:00,2,32.65,65.3
INV11716,CUST1309,2023-03-24 00:00:00,6,71.88,431.28
INV11716,CUST1309,2023-03-24 00:00:00,1,186.73,186.73
INV11717,CUST1309,2023-09-04 00:00:00,2,124.56,249.12
INV11717,CUST1309,2023-09-04 00:00:00,10,24.36,243.6
INV11717,CUST1309,2023-09-04 00:00:00,10,239.6,2396.0
INV11718,CUST1309,2023-08-22 00:00:00,3,255.33,765.99
INV11718,CUST1309,2023-08-22 00:00:00,6,117.48,704.88
INV11718,CUST1309,2023-08-22 00:00:00,4,119.43,477.72
INV11719,CUST1309,2023-09-26 00:00:00,4,52.49,209.96
INV11719,CUST1309,2023-09-26 00:00:00,1,145.01,145.01
INV11719,CUST1309,2023-09-26 00:00:00,10,92.3,923.0
INV11719,CUST1309,2023-09-26 00:00:00,4,263.44,1053.76
INV11720,CUST1309,2023-01-24 00:00:00,10,152.05,1520.5
INV11720,CUST1309,2023-01-24 00:00:00,4,151.92,607.68
INV11720,CUST1309,2023-01-24 00:00:00,10,175.52,1755.2
INV11720,CUST1309,2023-01-24 00:00:00,6,95.77,574.62
INV11721,CUST1309,2023-02-08 00:00:00,4,262.71,1050.84
INV11721,CUST1309,2023-02-08 00:00:00,1,255.74,255.74
INV11721,CUST1309,2023-02-08 00:00:00,1,213.06,213.06
INV11721,CUST1309,2023-02-08 00:00:00,3,163.94,491.82
INV11722,CUST1310,2023-07-16 00:00:00,4,92.18,368.72
INV11722,CUST1310,2023-07-16 00:00:00,10,245.04,2450.4
INV11723,CUST1310,2023-07-13 00:00:00,2,268.5,537.0
INV11724,CUST1310,2023-06-23 00:00:00,2,233.07,466.14
INV11724,CUST1310,2023-06-23 00:00:00,4,115.48,461.92
INV11724,CUST1310,2023-06-23 00:00:00,4,64.19,256.76
INV11725,CUST1310,2023-05-14 00:00:00,2,204.11,408.22
INV11725,CUST1310,2023-05-14 00:00:00,10,137.91,1379.1
INV11726,CUST1310,2023-11-27 00:00:00,6,148.6,891.6
INV11727,CUST1310,2023-08-17 00:00:00,3,53.6,160.8
INV11728,CUST1310,2023-06-14 00:00:00,10,197.48,1974.8
INV11728,CUST1310,2023-06-14 00:00:00,1,72.9,72.9
INV11729,CUST1310,2023-09-17 00:00:00,3,208.68,626.04
INV11729,CUST1310,2023-09-17 00:00:00,4,240.86,963.44
INV11729,CUST1310,2023-09-17 00:00:00,4,162.59,650.36
INV11729,CUST1310,2023-09-17 00:00:00,10,139.29,1392.9
INV11730,CUST1310,2023-10-09 00:00:00,10,253.48,2534.8
INV11731,CUST1311,2023-08-07 00:00:00,2,167.03,334.06
INV11732,CUST1311,2023-01-16 00:00:00,4,61.44,245.76
INV11732,CUST1311,2023-01-16 00:00:00,2,130.14,260.28
INV11733,CUST1311,2023-01-28 00:00:00,6,387.22,2323.32
INV11733,CUST1311,2023-01-28 00:00:00,4,45.67,182.68
INV11733,CUST1311,2023-01-28 00:00:00,4,90.02,360.08
INV11734,CUST1311,2023-11-24 00:00:00,4,226.16,904.64
INV11734,CUST1311,2023-11-24 00:00:00,1,147.3,147.3
INV11735,CUST1311,2023-01-14 00:00:00,10,290.4,2904.0
INV11735,CUST1311,2023-01-14 00:00:00,10,267.92,2679.2
INV11735,CUST1311,2023-01-14 00:00:00,1,72.68,72.68
INV11735,CUST1311,2023-01-14 00:00:00,2,275.37,550.74
INV11736,CUST1311,2023-04-12 00:00:00,2,426.08,852.16
INV11736,CUST1311,2023-04-12 00:00:00,10,186.63,1866.3
INV11737,CUST1311,2023-02-20 00:00:00,4,36.3,145.2
INV11737,CUST1311,2023-02-20 00:00:00,2,329.77,659.54
INV11737,CUST1311,2023-02-20 00:00:00,1,73.1,73.1
INV11737,CUST1311,2023-02-20 00:00:00,4,421.66,1686.64
INV11738,CUST1311,2023-07-28 00:00:00,2,104.16,208.32
INV11738,CUST1311,2023-07-28 00:00:00,3,231.73,695.19
INV11738,CUST1311,2023-07-28 00:00:00,1,310.09,310.09
INV11738,CUST1311,2023-07-28 00:00:00,1,42.39,42.39
INV11739,CUST1311,2023-02-02 00:00:00,1,407.92,407.92
INV11739,CUST1311,2023-02-02 00:00:00,6,372.57,2235.42
INV11740,CUST1311,2023-07-12 00:00:00,3,247.7,743.1
INV11740,CUST1311,2023-07-12 00:00:00,6,104.1,624.6
INV11740,CUST1311,2023-07-12 00:00:00,4,50.95,203.8
INV11740,CUST1311,2023-07-12 00:00:00,6,319.96,1919.76
INV11741,CUST1311,2023-05-14 00:00:00,4,412.83,1651.32
INV11741,CUST1311,2023-05-14 00:00:00,1,258.0,258.0
INV11741,CUST1311,2023-05-14 00:00:00,10,349.05,3490.5
INV11741,CUST1311,2023-05-14 00:00:00,2,276.57,553.14
INV11742,CUST1311,2023-06-24 00:00:00,1,362.16,362.16
INV11742,CUST1311,2023-06-24 00:00:00,2,111.69,223.38
INV11742,CUST1311,2023-06-24 00:00:00,10,250.58,2505.8
INV11742,CUST1311,2023-06-24 00:00:00,6,343.45,2060.7
INV11743,CUST1311,2023-04-29 00:00:00,1,341.31,341.31
INV11744,CUST1312,2023-09-23 00:00:00,6,157.74,946.44
INV11745,CUST1312,2023-07-12 00:00:00,3,397.56,1192.68
INV11745,CUST1312,2023-07-12 00:00:00,10,312.85,3128.5
INV11746,CUST1312,2023-03-01 00:00:00,3,105.92,317.76
INV11746,CUST1312,2023-03-01 00:00:00,10,274.44,2744.4
INV11746,CUST1312,2023-03-01 00:00:00,6,304.5,1827.0
INV11746,CUST1312,2023-03-01 00:00:00,6,190.76,1144.56
INV11747,CUST1312,2023-10-28 00:00:00,2,213.0,426.0
INV11747,CUST1312,2023-10-28 00:00:00,3,144.38,433.14
INV11747,CUST1312,2023-10-28 00:00:00,3,294.67,884.01
INV11748,CUST1312,2023-02-18 00:00:00,10,112.73,1127.3
INV11748,CUST1312,2023-02-18 00:00:00,3,292.33,876.99
INV11749,CUST1312,2023-07-09 00:00:00,1,152.32,152.32
INV11749,CUST1312,2023-07-09 00:00:00,6,289.04,1734.24
INV11749,CUST1312,2023-07-09 00:00:00,1,90.87,90.87
INV11750,CUST1312,2023-01-26 00:00:00,10,120.21,1202.1
INV11750,CUST1312,2023-01-26 00:00:00,4,309.96,1239.84
INV11751,CUST1312,2023-08-22 00:00:00,2,179.0,358.0
INV11751,CUST1312,2023-08-22 00:00:00,3,376.29,1128.87
INV11752,CUST1313,2023-02-10 00:00:00,10,47.13,471.3
INV11752,CUST1313,2023-02-10 00:00:00,4,55.23,220.92
INV11752,CUST1313,2023-02-10 00:00:00,2,33.01,66.02
INV11752,CUST1313,2023-02-10 00:00:00,3,69.8,209.4
INV11753,CUST1313,2023-02-22 00:00:00,6,61.24,367.44
INV11753,CUST1313,2023-02-22 00:00:00,4,56.93,227.72
INV11753,CUST1313,2023-02-22 00:00:00,4,9.77,39.08
INV11754,CUST1313,2023-05-09 00:00:00,1,59.33,59.33
INV11754,CUST1313,2023-05-09 00:00:00,10,44.65,446.5
INV11755,CUST1314,2023-05-30 00:00:00,3,27.22,81.66
INV11756,CUST1315,2023-12-01 00:00:00,1,105.28,105.28
INV11756,CUST1315,2023-12-01 00:00:00,10,76.49,764.9
INV11757,CUST1316,2023-06-10 00:00:00,2,103.97,207.94
INV11757,CUST1316,2023-06-10 00:00:00,6,35.04,210.24
INV11757,CUST1316,2023-06-10 00:00:00,4,35.66,142.64
INV11757,CUST1316,2023-06-10 00:00:00,2,130.63,261.26
INV11758,CUST1316,2023-01-20 00:00:00,2,98.81,197.62
INV11758,CUST1316,2023-01-20 00:00:00,10,122.02,1220.2
INV11758,CUST1316,2023-01-20 00:00:00,6,61.6,369.6
INV11759,CUST1316,2023-03-28 00:00:00,1,146.11,146.11
INV11760,CUST1316,2023-09-11 00:00:00,3,118.56,355.68
INV11760,CUST1316,2023-09-11 00:00:00,2,93.06,186.12
INV11760,CUST1316,2023-09-11 00:00:00,4,31.42,125.68
INV11761,CUST1316,2023-09-30 00:00:00,4,155.43,621.72
INV11761,CUST1316,2023-09-30 00:00:00,2,19.27,38.54
INV11762,CUST1316,2023-07-31 00:00:00,2,24.02,48.04
INV11762,CUST1316,2023-07-31 00:00:00,1,185.79,185.79
INV11762,CUST1316,2023-07-31 00:00:00,2,171.78,343.56
INV11762,CUST1316,2023-07-31 00:00:00,6,55.83,334.98
INV11763,CUST1316,2023-06-30 00:00:00,3,30.04,90.12
INV11763,CUST1316,2023-06-30 00:00:00,4,26.75,107.0
INV11763,CUST1316,2023-06-30 00:00:00,2,26.64,53.28
INV11763,CUST1316,2023-06-30 00:00:00,4,83.4,333.6
INV11764,CUST1316,2023-05-22 00:00:00,3,134.04,402.12
INV11764,CUST1316,2023-05-22 00:00:00,3,125.34,376.02
INV11764,CUST1316,2023-05-22 00:00:00,1,155.86,155.86
INV11764,CUST1316,2023-05-22 00:00:00,10,57.45,574.5
INV11765,CUST1316,2023-05-12 00:00:00,10,159.98,1599.8
INV11765,CUST1316,2023-05-12 00:00:00,4,39.25,157.0
INV11766,CUST1316,2023-02-18 00:00:00,2,34.87,69.74
INV11766,CUST1316,2023-02-18 00:00:00,1,152.56,152.56
INV11767,CUST1316,2023-07-30 00:00:00,2,150.72,301.44
INV11768,CUST1317,2023-11-29 00:00:00,4,200.46,801.84
INV11769,CUST1317,2023-08-09 00:00:00,6,84.04,504.24
INV11770,CUST1317,2023-01-07 00:00:00,10,244.87,2448.7
INV11771,CUST1317,2023-02-26 00:00:00,10,259.41,2594.1
INV11771,CUST1317,2023-02-26 00:00:00,4,169.24,676.96
INV11771,CUST1317,2023-02-26 00:00:00,2,157.96,315.92
INV11772,CUST1317,2023-10-15 00:00:00,10,149.59,1495.9
INV11772,CUST1317,2023-10-15 00:00:00,2,185.77,371.54
INV11772,CUST1317,2023-10-15 00:00:00,2,22.72,45.44
INV11772,CUST1317,2023-10-15 00:00:00,6,135.46,812.76
INV11773,CUST1317,2023-10-30 00:00:00,2,244.35,488.7
INV11773,CUST1317,2023-10-30 00:00:00,3,263.29,789.87
INV11773,CUST1317,2023-10-30 00:00:00,6,28.84,173.04
INV11774,CUST1317,2023-05-23 00:00:00,3,137.24,411.72
INV11774,CUST1317,2023-05-23 00:00:00,6,73.45,440.7
INV11774,CUST1317,2023-05-23 00:00:00,6,184.8,1108.8
INV11774,CUST1317,2023-05-23 00:00:00,2,153.94,307.88
INV11775,CUST1317,2023-10-20 00:00:00,6,204.38,1226.28
INV11775,CUST1317,2023-10-20 00:00:00,3,289.23,867.69
INV11776,CUST1318,2023-10-09 00:00:00,3,340.93,1022.79
INV11776,CUST1318,2023-10-09 00:00:00,3,364.98,1094.94
INV11777,CUST1318,2023-03-10 00:00:00,4,51.89,207.56
INV11778,CUST1318,2023-06-13 00:00:00,6,263.68,1582.08
INV11778,CUST1318,2023-06-13 00:00:00,10,307.51,3075.1
INV11778,CUST1318,2023-06-13 00:00:00,2,131.69,263.38
INV11779,CUST1318,2023-02-19 00:00:00,4,330.01,1320.04
INV11780,CUST1318,2023-08-06 00:00:00,10,80.86,808.6
INV11780,CUST1318,2023-08-06 00:00:00,2,335.39,670.78
INV11781,CUST1318,2023-05-07 00:00:00,4,90.66,362.64
INV11781,CUST1318,2023-05-07 00:00:00,1,346.88,346.88
INV11781,CUST1318,2023-05-07 00:00:00,3,78.44,235.32
INV11782,CUST1318,2023-07-16 00:00:00,2,343.8,687.6
INV11782,CUST1318,2023-07-16 00:00:00,4,132.34,529.36
INV11783,CUST1319,2023-05-27 00:00:00,4,91.66,366.64
INV11784,CUST1319,2023-07-08 00:00:00,4,43.26,173.04
INV11784,CUST1319,2023-07-08 00:00:00,2,201.49,402.98
INV11784,CUST1319,2023-07-08 00:00:00,6,186.79,1120.74
INV11784,CUST1319,2023-07-08 00:00:00,3,146.83,440.49
INV11785,CUST1319,2023-01-19 00:00:00,4,142.92,571.68
INV11785,CUST1319,2023-01-19 00:00:00,3,164.81,494.43
INV11785,CUST1319,2023-01-19 00:00:00,3,205.92,617.76
INV11786,CUST1319,2023-03-14 00:00:00,4,132.25,529.0
INV11787,CUST1319,2023-06-06 00:00:00,3,218.31,654.93
INV11787,CUST1319,2023-06-06 00:00:00,3,201.41,604.23
INV11787,CUST1319,2023-06-06 00:00:00,10,159.97,1599.7
INV11788,CUST1319,2023-05-11 00:00:00,4,66.79,267.16
INV11788,CUST1319,2023-05-11 00:00:00,10,220.79,2207.9
INV11788,CUST1319,2023-05-11 00:00:00,2,199.48,398.96
INV11789,CUST1319,2023-01-30 00:00:00,6,214.59,1287.54
INV11789,CUST1319,2023-01-30 00:00:00,2,21.93,43.86
INV11789,CUST1319,2023-01-30 00:00:00,2,26.1,52.2
INV11789,CUST1319,2023-01-30 00:00:00,4,209.37,837.48
INV11790,CUST1319,2023-02-01 00:00:00,6,22.56,135.36
INV11790,CUST1319,2023-02-01 00:00:00,4,47.26,189.04
INV11790,CUST1319,2023-02-01 00:00:00,1,35.29,35.29
INV11791,CUST1319,2023-05-29 00:00:00,4,73.69,294.76
INV11791,CUST1319,2023-05-29 00:00:00,3,104.25,312.75
INV11791,CUST1319,2023-05-29 00:00:00,4,33.61,134.44
INV11792,CUST1319,2023-03-05 00:00:00,10,150.21,1502.1
INV11792,CUST1319,2023-03-05 00:00:00,4,213.06,852.24
INV11793,CUST1320,2023-10-03 00:00:00,6,150.82,904.92
INV11793,CUST1320,2023-10-03 00:00:00,2,102.48,204.96
INV11793,CUST1320,2023-10-03 00:00:00,1,21.49,21.49
INV11793,CUST1320,2023-10-03 00:00:00,1,162.44,162.44
INV11794,CUST1320,2023-06-17 00:00:00,1,18.19,18.19
INV11794,CUST1320,2023-06-17 00:00:00,6,117.53,705.18
INV11794,CUST1320,2023-06-17 00:00:00,6,168.12,1008.72
INV11794,CUST1320,2023-06-17 00:00:00,2,80.39,160.78
INV11795,CUST1320,2023-06-13 00:00:00,6,85.38,512.28
INV11796,CUST1321,2023-03-01 00:00:00,6,86.84,521.04
INV11796,CUST1321,2023-03-01 00:00:00,6,70.95,425.7
INV11797,CUST1322,2023-05-02 00:00:00,6,121.36,728.16
INV11798,CUST1322,2023-09-15 00:00:00,2,63.6,127.2
INV11798,CUST1322,2023-09-15 00:00:00,4,10.46,41.84
INV11799,CUST1323,2022-12-31 00:00:00,4,68.95,275.8
INV11799,CUST1323,2022-12-31 00:00:00,10,175.24,1752.4
INV11799,CUST1323,2022-12-31 00:00:00,6,239.55,1437.3
INV11800,CUST1323,2023-10-24 00:00:00,3,191.5,574.5
INV11801,CUST1323,2023-11-06 00:00:00,1,310.63,310.63
INV11801,CUST1323,2023-11-06 00:00:00,1,244.41,244.41
INV11801,CUST1323,2023-11-06 00:00:00,10,122.45,1224.5
INV11801,CUST1323,2023-11-06 00:00:00,3,184.41,553.23
INV11802,CUST1323,2023-08-11 00:00:00,6,243.47,1460.82
INV11802,CUST1323,2023-08-11 00:00:00,4,104.32,417.28
INV11802,CUST1323,2023-08-11 00:00:00,4,35.63,142.52
INV11802,CUST1323,2023-08-11 00:00:00,1,315.64,315.64
INV11803,CUST1323,2023-05-06 00:00:00,3,213.97,641.91
INV11804,CUST1323,2023-01-03 00:00:00,1,179.2,179.2
INV11804,CUST1323,2023-01-03 00:00:00,3,85.2,255.6
INV11805,CUST1323,2023-07-12 00:00:00,4,287.52,1150.08
INV11806,CUST1324,2023-02-11 00:00:00,4,179.67,718.68
INV11807,CUST1325,2023-07-24 00:00:00,10,100.56,1005.6
INV11807,CUST1325,2023-07-24 00:00:00,1,66.37,66.37
INV11807,CUST1325,2023-07-24 00:00:00,2,81.77,163.54
INV11808,CUST1325,2023-06-10 00:00:00,2,50.71,101.42
INV11808,CUST1325,2023-06-10 00:00:00,3,143.91,431.73
INV11809,CUST1325,2023-08-08 00:00:00,4,73.11,292.44
INV11809,CUST1325,2023-08-08 00:00:00,2,137.0,274.0
INV11810,CUST1326,2023-07-11 00:00:00,1,60.52,60.52
INV11810,CUST1326,2023-07-11 00:00:00,10,20.11,201.1
INV11810,CUST1326,2023-07-11 00:00:00,1,118.62,118.62
INV11810,CUST1326,2023-07-11 00:00:00,4,18.79,75.16
INV11811,CUST1326,2023-02-25 00:00:00,1,20.56,20.56
INV11811,CUST1326,2023-02-25 00:00:00,4,177.91,711.64
INV11811,CUST1326,2023-02-25 00:00:00,2,68.23,136.46
INV11812,CUST1327,2023-04-29 00:00:00,4,181.44,725.76
INV11813,CUST1327,2023-07-04 00:00:00,10,221.14,2211.4
INV11813,CUST1327,2023-07-04 00:00:00,2,97.74,195.48
INV11813,CUST1327,2023-07-04 00:00:00,10,159.05,1590.5
INV11814,CUST1327,2023-01-24 00:00:00,3,135.98,407.94
INV11815,CUST1328,2023-05-24 00:00:00,4,215.16,860.64
INV11815,CUST1328,2023-05-24 00:00:00,2,186.93,373.86
INV11815,CUST1328,2023-05-24 00:00:00,6,188.93,1133.58
INV11816,CUST1328,2023-07-28 00:00:00,6,69.23,415.38
INV11816,CUST1328,2023-07-28 00:00:00,10,223.69,2236.9
INV11816,CUST1328,2023-07-28 00:00:00,1,198.38,198.38
INV11816,CUST1328,2023-07-28 00:00:00,10,127.71,1277.1
INV11817,CUST1328,2023-06-24 00:00:00,3,45.59,136.77
INV11817,CUST1328,2023-06-24 00:00:00,10,278.57,2785.7
INV11817,CUST1328,2023-06-24 00:00:00,1,229.49,229.49
INV11817,CUST1328,2023-06-24 00:00:00,10,63.26,632.6
INV11818,CUST1328,2023-01-23 00:00:00,6,195.21,1171.26
INV11818,CUST1328,2023-01-23 00:00:00,4,94.69,378.76
INV11818,CUST1328,2023-01-23 00:00:00,4,228.11,912.44
INV11818,CUST1328,2023-01-23 00:00:00,6,157.38,944.28
INV11819,CUST1328,2023-06-01 00:00:00,4,194.77,779.08
INV11819,CUST1328,2023-06-01 00:00:00,6,190.68,1144.08
INV11820,CUST1328,2023-08-29 00:00:00,10,22.37,223.7
INV11820,CUST1328,2023-08-29 00:00:00,10,238.56,2385.6
INV11821,CUST1329,2023-02-07 00:00:00,2,82.41,164.82
INV11821,CUST1329,2023-02-07 00:00:00,6,76.15,456.9
INV11822,CUST1329,2023-02-10 00:00:00,6,118.65,711.9
INV11822,,2023-02-10 00:00:00,10,121.95,1219.5
INV11822,CUST1329,2023-02-10 00:00:00,1,118.59,118.59
INV11822,CUST1329,2023-02-10 00:00:00,2,198.91,397.82
INV11823,CUST1329,2023-02-21 00:00:00,10,87.56,875.6
INV11823,CUST1329,2023-02-21 00:00:00,3,19.45,58.35
INV11823,CUST1329,2023-02-21 00:00:00,2,87.96,175.92
INV11823,CUST1329,2023-02-21 00:00:00,1,43.29,43.29
INV11824,CUST1329,2023-01-13 00:00:00,3,138.34,415.02
INV11824,CUST1329,2023-01-13 00:00:00,3,146.33,438.99
INV11824,CUST1329,2023-01-13 00:00:00,3,21.58,64.74
INV11825,CUST1329,2023-09-09 00:00:00,1,57.66,57.66
INV11826,CUST1330,2023-04-24 00:00:00,10,169.67,1696.7
INV11826,CUST1330,2023-04-24 00:00:00,3,200.75,602.25
INV11827,CUST1330,2023-02-28 00:00:00,10,163.2,1632.0
INV11828,CUST1330,2023-03-28 00:00:00,3,246.0,738.0
INV11828,CUST1330,2023-03-28 00:00:00,6,26.83,160.98
INV11828,CUST1330,2023-03-28 00:00:00,1,157.0,157.0
INV11828,CUST1330,2023-03-28 00:00:00,3,129.65,388.95
INV11829,CUST1330,2023-09-25 00:00:00,4,189.64,758.56
INV11829,CUST1330,2023-09-25 00:00:00,10,180.06,1800.6
INV11829,CUST1330,2023-09-25 00:00:00,10,153.7,1537.0
INV11830,CUST1330,2023-10-18 00:00:00,4,187.14,748.56
INV11830,CUST1330,2023-10-18 00:00:00,3,94.48,283.44
INV11831,CUST1330,2023-01-13 00:00:00,4,225.89,903.56
INV11831,CUST1330,2023-01-13 00:00:00,10,35.75,357.5
INV11831,CUST1330,2023-01-13 00:00:00,2,80.56,161.12
INV11832,CUST1330,2023-01-28 00:00:00,-10,179.35,1793.5
INV11832,CUST1330,2023-01-28 00:00:00,2,31.75,63.5
INV11832,CUST1330,2023-01-28 00:00:00,4,105.23,420.92
INV11832,CUST1330,2023-01-28 00:00:00,4,198.01,792.04
INV11833,CUST1331,2023-03-18 00:00:00,2,12.01,24.02
INV11833,CUST1331,2023-03-18 00:00:00,1,95.65,95.65
INV11833,CUST1331,2023-03-18 00:00:00,1,50.86,50.86
INV11834,CUST1331,2023-07-11 00:00:00,10,28.42,284.2
INV11834,CUST1331,2023-07-11 00:00:00,2,84.06,168.12
INV11834,CUST1331,2023-07-11 00:00:00,3,9.98,29.94
INV11834,CUST1331,2023-07-11 00:00:00,4,38.76,155.04
INV11835,CUST1332,2023-07-28 00:00:00,6,335.55,2013.3
INV11835,CUST1332,2023-07-28 00:00:00,2,133.89,267.78
INV11835,CUST1332,2023-07-28 00:00:00,1,532.48,532.48
INV11836,CUST1332,2023-09-02 00:00:00,6,445.09,2670.54
INV11836,CUST1332,2023-09-02 00:00:00,2,583.16,1166.32
INV11836,CUST1332,2023-09-02 00:00:00,6,472.96,2837.76
INV11836,CUST1332,2023-09-02 00:00:00,1,636.08,636.08
INV11837,CUST1332,2023-11-20 00:00:00,3,116.42,349.26
INV11837,CUST1332,2023-11-20 00:00:00,10,87.46,874.6
INV11837,CUST1332,2023-11-20 00:00:00,10,566.51,5665.1
INV11838,CUST1332,2023-09-03 00:00:00,4,501.3,2005.2
INV11839,CUST1332,2023-08-01 00:00:00,2,334.46,668.92
INV11839,CUST1332,2023-08-01 00:00:00,2,156.21,312.42
INV11839,CUST1332,2023-08-01 00:00:00,3,297.17,891.51
INV11839,CUST1332,2023-08-01 00:00:00,2,577.03,1154.06
INV11840,CUST1332,2023-01-26 00:00:00,4,545.73,2182.92
INV11840,CUST1332,2023-01-26 00:00:00,3,640.1,1920.3
INV11841,CUST1332,2023-06-12 00:00:00,10,571.82,5718.2
INV11841,CUST1332,2023-06-12 00:00:00,6,584.45,3506.7
INV11841,CUST1332,2023-06-12 00:00:00,1,160.61,160.61
INV11841,CUST1332,2023-06-12 00:00:00,4,216.05,864.2
INV11842,CUST1332,2023-06-28 00:00:00,4,128.15,512.6
INV11842,CUST1332,2023-06-28 00:00:00,3,621.63,1864.89
INV11842,CUST1332,2023-06-28 00:00:00,10,67.96,679.6
INV11843,CUST1333,2023-04-23 00:00:00,3,90.28,270.84
INV11843,CUST1333,2023-04-23 00:00:00,10,140.51,1405.1
INV11844,CUST1333,2023-08-19 00:00:00,2,83.09,166.18
INV11845,CUST1333,2023-02-23 00:00:00,2,144.67,289.34
INV11845,CUST1333,2023-02-23 00:00:00,4,282.95,1131.8
INV11846,CUST1333,2023-10-26 00:00:00,10,273.07,2730.7
INV11846,CUST1333,2023-10-26 00:00:00,4,85.61,342.44
INV11847,CUST1333,2023-10-31 00:00:00,2,110.11,220.22
INV11847,CUST1333,2023-10-31 00:00:00,2,193.56,387.12
INV11848,CUST1333,2023-09-22 00:00:00,6,120.51,723.06
INV11848,CUST1333,2023-09-22 00:00:00,6,33.14,198.84
INV11849,CUST1333,2023-04-04 00:00:00,2,23.57,47.14
INV11849,CUST1333,2023-04-04 00:00:00,4,109.6,438.4
INV11849,CUST1333,2023-04-04 00:00:00,6,195.56,1173.36
INV11850,CUST1333,2023-07-17 00:00:00,4,56.69,226.76
INV11850,CUST1333,2023-07-17 00:00:00,2,217.28,434.56
INV11850,CUST1333,2023-07-17 00:00:00,4,148.79,595.16
INV11851,CUST1333,2023-11-04 00:00:00,2,259.29,518.58
INV11852,CUST1333,2023-07-24 00:00:00,2,75.34,150.68
INV11853,CUST1333,2023-04-04 00:00:00,1,134.49,134.49
INV11854,CUST1333,2023-01-24 00:00:00,10,48.7,487.0
INV11854,CUST1333,2023-01-24 00:00:00,1,45.58,45.58
INV11855,CUST1333,2023-03-26 00:00:00,3,190.55,571.65
INV11856,CUST1333,2023-03-21 00:00:00,3,221.89,665.67
INV11857,CUST1333,2023-12-04 00:00:00,10,148.12,1481.2
INV11858,CUST1333,2023-03-27 00:00:00,6,124.88,749.28
INV11858,CUST1333,2023-03-27 00:00:00,1,189.07,189.07
INV11859,CUST1333,2023-04-07 00:00:00,6,156.42,938.52
INV11859,CUST1333,2023-04-07 00:00:00,4,114.85,459.4
INV11859,CUST1333,2023-04-07 00:00:00,1,300.66,300.66
INV11859,CUST1333,2023-04-07 00:00:00,2,295.95,591.9
INV11860,CUST1334,2023-11-10 00:00:00,3,80.92,242.76
INV11860,CUST1334,2023-11-10 00:00:00,6,126.75,760.5
INV11860,CUST1334,2023-11-10 00:00:00,3,302.36,907.08
INV11860,CUST1334,2023-11-10 00:00:00,3,415.21,1245.63
INV11861,CUST1334,2023-09-19 00:00:00,3,199.42,598.26
INV11861,CUST1334,2023-09-19 00:00:00,2,105.45,210.9
INV11861,CUST1334,2023-09-19 00:00:00,1,202.12,202.12
INV11861,CUST1334,2023-09-19 00:00:00,10,73.87,738.7
INV11862,CUST1334,2023-11-19 00:00:00,4,419.1,1676.4
INV11862,CUST1334,2023-11-19 00:00:00,1,132.67,132.67
INV11863,CUST1334,2023-03-08 00:00:00,1,199.09,199.09
INV11863,CUST1334,2023-03-08 00:00:00,4,319.1,1276.4
INV11863,CUST1334,2023-03-08 00:00:00,1,323.93,323.93
INV11863,CUST1334,2023-03-08 00:00:00,6,325.23,1951.38
INV11864,CUST1334,2023-09-28 00:00:00,3,55.8,167.4
INV11864,CUST1334,2023-09-28 00:00:00,3,96.93,290.79
INV11865,CUST1334,2023-07-01 00:00:00,4,332.36,1329.44
INV11865,CUST1334,2023-07-01 00:00:00,4,205.39,821.56
INV11865,CUST1334,2023-07-01 00:00:00,1,342.29,342.29
INV11866,CUST1334,2023-09-06 00:00:00,4,80.08,320.32
INV11867,CUST1334,2023-02-28 00:00:00,10,61.13,611.3
INV11867,CUST1334,2023-02-28 00:00:00,4,203.5,814.0
INV11867,CUST1334,2023-02-28 00:00:00,4,137.81,551.24
INV11867,CUST1334,2023-02-28 00:00:00,10,357.31,3573.1
INV11868,CUST1335,2023-06-08 00:00:00,3,236.35,709.05
INV11869,CUST1335,2023-01-05 00:00:00,6,214.79,1288.74
INV11869,CUST1335,2023-01-05 00:00:00,2,130.98,261.96
INV11870,CUST1335,2023-01-17 00:00:00,1,409.19,409.19
INV11871,CUST1335,2023-07-13 00:00:00,10,163.33,1633.3
INV11871,CUST1335,2023-07-13 00:00:00,2,365.48,730.96
INV11871,CUST1335,2023-07-13 00:00:00,1,214.31,214.31
INV11871,CUST1335,2023-07-13 00:00:00,3,155.66,466.98
INV11872,CUST1335,2023-06-15 00:00:00,2,383.77,767.54
INV11872,CUST1335,2023-06-15 00:00:00,3,179.28,537.84
INV11872,CUST1335,2023-06-15 00:00:00,10,267.62,2676.2
INV11873,CUST1335,2023-09-23 00:00:00,6,298.86,1793.16
INV11873,CUST1335,2023-09-23 00:00:00,1,181.69,181.69
INV11873,CUST1335,2023-09-23 00:00:00,6,221.51,1329.06
INV11873,CUST1335,2023-09-23 00:00:00,2,300.09,600.18
INV11874,CUST1335,2023-05-07 00:00:00,10,69.67,696.7
INV11874,CUST1335,2023-05-07 00:00:00,1,103.92,103.92
INV11875,CUST1335,2023-03-12 00:00:00,10,372.32,3723.2
INV11875,CUST1335,2023-03-12 00:00:00,2,161.36,322.72
INV11875,CUST1335,2023-03-12 00:00:00,3,353.26,1059.78
INV11875,CUST1335,2023-03-12 00:00:00,4,274.37,1097.48
INV11876,CUST1335,2023-11-09 00:00:00,2,200.37,400.74
INV11876,CUST1335,2023-11-09 00:00:00,2,55.31,110.62
INV11876,CUST1335,2023-11-09 00:00:00,4,199.83,799.32
INV11876,CUST1335,2023-11-09 00:00:00,2,261.91,523.82
INV11877,CUST1335,2023-07-23 00:00:00,4,237.19,948.76
INV11877,CUST1335,2023-07-23 00:00:00,1,244.12,244.12
INV11877,CUST1335,2023-07-23 00:00:00,1,338.26,338.26
INV11878,CUST1335,2023-03-08 00:00:00,1,243.54,243.54
INV11878,CUST1335,2023-03-08 00:00:00,2,156.59,313.18
INV11878,CUST1335,2023-03-08 00:00:00,4,74.15,296.6
INV11878,CUST1335,2023-03-08 00:00:00,6,185.84,1115.04
INV11879,,2023-07-09 00:00:00,2,59.74,119.48
INV11880,CUST1335,2023-11-27 00:00:00,3,128.17,384.51
INV11880,CUST1335,2023-11-27 00:00:00,3,254.67,764.01
INV11880,CUST1335,2023-11-27 00:00:00,6,336.78,2020.68
INV11880,CUST1335,2023-11-27 00:00:00,1,60.66,60.66
INV11881,CUST1335,2023-10-25 00:00:00,3,373.51,1120.53
INV11881,CUST1335,2023-10-25 00:00:00,2,275.07,550.14
INV11881,CUST1335,2023-10-25 00:00:00,2,246.25,492.5
INV11881,CUST1335,2023-10-25 00:00:00,10,337.79,3377.9
INV11882,CUST1335,2023-06-30 00:00:00,10,36.26,362.6
INV11882,CUST1335,2023-06-30 00:00:00,6,272.15,1632.9
INV11883,CUST1335,2023-10-12 00:00:00,6,327.62,1965.72
INV11883,CUST1335,2023-10-12 00:00:00,6,395.38,2372.28
INV11884,CUST1335,2023-07-06 00:00:00,1,338.06,338.06
INV11884,CUST1335,2023-07-06 00:00:00,4,129.09,516.36
INV11884,CUST1335,2023-07-06 00:00:00,2,77.39,154.78
INV11884,CUST1335,2023-07-06 00:00:00,10,278.54,2785.4
INV11885,CUST1336,2023-01-20 00:00:00,3,47.43,142.29
INV11885,CUST1336,2023-01-20 00:00:00,3,74.73,224.19
INV11886,CUST1336,2023-02-26 00:00:00,3,16.82,50.46
INV11886,CUST1336,2023-02-26 00:00:00,3,103.01,309.03
INV11886,CUST1336,2023-02-26 00:00:00,2,29.36,58.72
INV11887,CUST1336,2023-02-13 00:00:00,10,11.51,115.1
INV11887,CUST1336,2023-02-13 00:00:00,2,81.46,162.92
INV11888,CUST1337,2023-07-01 00:00:00,2,30.24,60.48
INV11888,CUST1337,2023-07-01 00:00:00,6,85.69,514.14
INV11888,CUST1337,2023-07-01 00:00:00,2,90.09,180.18
INV11888,CUST1337,2023-07-01 00:00:00,4,84.34,337.36
INV11889,CUST1337,2023-07-10 00:00:00,2,24.1,48.2
INV11889,CUST1337,2023-07-10 00:00:00,3,124.64,373.92
INV11890,CUST1337,2023-01-17 00:00:00,6,110.82,664.92
INV11891,CUST1338,2023-01-01 00:00:00,10,103.37,1033.7
INV11892,CUST1338,2023-05-27 00:00:00,10,61.19,611.9
INV11892,CUST1338,2023-05-27 00:00:00,2,85.13,170.26
INV11892,CUST1338,2023-05-27 00:00:00,4,64.17,256.68
INV11893,CUST1339,2023-07-02 00:00:00,2,344.62,689.24
INV11893,CUST1339,2023-07-02 00:00:00,6,281.19,1687.14
INV11893,CUST1339,2023-07-02 00:00:00,1,442.46,442.46
INV11894,CUST1339,2023-05-03 00:00:00,4,384.41,1537.64
INV11894,CUST1339,2023-05-03 00:00:00,6,398.24,2389.44
INV11894,CUST1339,2023-05-03 00:00:00,2,358.28,716.56
INV11895,CUST1339,2023-02-24 00:00:00,2,155.8,311.6
INV11895,CUST1339,2023-02-24 00:00:00,4,373.95,1495.8
INV11895,CUST1339,2023-02-24 00:00:00,3,61.38,184.14
INV11895,CUST1339,2023-02-24 00:00:00,10,168.74,1687.4
INV11896,CUST1339,2023-05-17 00:00:00,1,403.9,403.9
INV11897,CUST1339,2023-06-27 00:00:00,10,100.77,1007.7
INV11897,CUST1339,2023-06-27 00:00:00,3,284.58,853.74
INV11898,CUST1339,2023-01-02 00:00:00,1,62.74,62.74
INV11898,CUST1339,2023-01-02 00:00:00,2,127.43,254.86
INV11898,CUST1339,2023-01-02 00:00:00,1,339.03,339.03
INV11898,CUST1339,2023-01-02 00:00:00,6,421.31,2527.86
INV11899,CUST1339,2023-03-16 00:00:00,2,342.12,684.24
INV11899,CUST1339,2023-03-16 00:00:00,1,165.49,165.49
INV11900,CUST1339,2023-04-30 00:00:00,1,101.15,101.15
INV11900,CUST1339,2023-04-30 00:00:00,6,348.77,2092.62
INV11901,CUST1339,2023-03-15 00:00:00,1,48.11,48.11
INV11901,CUST1339,2023-03-15 00:00:00,6,221.48,1328.88
INV11901,CUST1339,2023-03-15 00:00:00,4,103.82,415.28
INV11901,CUST1339,2023-03-15 00:00:00,3,66.69,200.07
INV11902,CUST1339,2023-02-25 00:00:00,1,436.55,436.55
INV11902,CUST1339,2023-02-25 00:00:00,2,172.41,344.82
INV11902,CUST1339,2023-02-25 00:00:00,10,292.5,2925.0
INV11903,CUST1339,2023-08-12 00:00:00,1,277.19,277.19
INV11903,CUST1339,2023-08-12 00:00:00,4,36.1,144.4
INV11904,CUST1339,2023-07-19 00:00:00,2,198.57,397.14
INV11904,CUST1339,2023-07-19 00:00:00,1,140.64,140.64
INV11905,CUST1339,2023-10-28 00:00:00,2,243.95,487.9
INV11905,CUST1339,2023-10-28 00:00:00,6,158.28,949.68
INV11906,CUST1339,2023-03-15 00:00:00,6,344.08,2064.48
INV11906,CUST1339,2023-03-15 00:00:00,4,266.08,1064.32
INV11907,CUST1339,2023-03-23 00:00:00,6,109.13,654.78
INV11908,CUST1339,2023-03-10 00:00:00,2,138.88,277.76
INV11908,CUST1339,2023-03-10 00:00:00,3,323.14,969.42
INV11908,CUST1339,2023-03-10 00:00:00,4,197.95,791.8
INV11909,CUST1340,2023-03-11 00:00:00,6,165.78,994.68
INV11909,CUST1340,2023-03-11 00:00:00,6,215.88,1295.28
INV11909,CUST1340,2023-03-11 00:00:00,6,86.85,521.1
INV11909,CUST1340,2023-03-11 00:00:00,3,200.41,601.23
INV11910,CUST1341,2023-04-18 00:00:00,1,36.33,36.33
INV11910,CUST1341,2023-04-18 00:00:00,2,20.52,41.04
INV11910,CUST1341,2023-04-18 00:00:00,1,94.02,94.02
INV11910,CUST1341,2023-04-18 00:00:00,6,77.85,467.1
INV11911,CUST1342,2023-03-17 00:00:00,2,110.77,221.54
INV11912,CUST1342,2023-04-12 00:00:00,2,159.18,318.36
INV11912,CUST1342,2023-04-12 00:00:00,6,39.97,239.82
INV11913,CUST1342,2023-02-09 00:00:00,3,194.86,584.58
INV11913,CUST1342,2023-02-09 00:00:00,1,193.39,193.39
INV11913,CUST1342,2023-02-09 00:00:00,1,213.3,213.3
INV11914,CUST1342,2023-05-02 00:00:00,4,25.65,102.6
INV11914,CUST1342,2023-05-02 00:00:00,6,238.47,1430.82
INV11914,CUST1342,2023-05-02 00:00:00,2,85.23,170.46
INV11915,CUST1342,2023-02-07 00:00:00,10,54.51,545.1
INV11915,CUST1342,2023-02-07 00:00:00,6,254.77,1528.62
INV11916,CUST1342,2023-09-11 00:00:00,6,173.53,1041.18
INV11916,CUST1342,2023-09-11 00:00:00,4,212.67,850.68
INV11917,CUST1342,2023-06-18 00:00:00,6,258.29,1549.74
INV11918,CUST1342,2023-04-11 00:00:00,10,195.45,1954.5
INV11918,CUST1342,2023-04-11 00:00:00,6,251.57,1509.42
INV11918,CUST1342,2023-04-11 00:00:00,4,291.51,1166.04
INV11918,CUST1342,2023-04-11 00:00:00,3,148.49,445.47
INV11919,CUST1342,2023-09-23 00:00:00,2,55.92,111.84
INV11919,CUST1342,2023-09-23 00:00:00,4,233.45,933.8
INV11920,CUST1343,2023-03-27 00:00:00,4,153.23,612.92
INV11921,CUST1343,2023-09-30 00:00:00,3,29.07,87.21
INV11921,CUST1343,2023-09-30 00:00:00,4,182.58,730.32
INV11921,CUST1343,2023-09-30 00:00:00,10,244.68,2446.8
INV11922,CUST1343,2023-03-12 00:00:00,4,55.0,220.0
INV11922,CUST1343,2023-03-12 00:00:00,2,69.24,138.48
INV11923,CUST1343,2023-02-22 00:00:00,4,151.47,605.88
INV11924,CUST1343,2023-07-09 00:00:00,10,155.28,1552.8
INV11924,CUST1343,2023-07-09 00:00:00,6,207.04,1242.24
INV11924,CUST1343,2023-07-09 00:00:00,2,74.02,148.04
INV11924,CUST1343,2023-07-09 00:00:00,10,55.73,557.3
INV11925,CUST1343,2023-05-15 00:00:00,2,202.55,405.1
INV11925,CUST1343,2023-05-15 00:00:00,10,198.95,1989.5
INV11925,CUST1343,2023-05-15 00:00:00,10,214.86,2148.6
INV11926,CUST1343,2023-05-28 00:00:00,6,200.53,1203.18
INV11926,CUST1343,2023-05-28 00:00:00,2,78.47,156.94
INV11926,CUST1343,2023-05-28 00:00:00,2,156.94,313.88
INV11927,CUST1343,2023-07-19 00:00:00,1,248.59,248.59
INV11927,CUST1343,2023-07-19 00:00:00,3,229.94,689.82
INV11927,CUST1343,2023-07-19 00:00:00,3,245.72,737.16
INV11928,CUST1344,2023-05-31 00:00:00,6,280.41,1682.46
INV11928,CUST1344,2023-05-31 00:00:00,2,64.75,129.5
INV11928,CUST1344,2023-05-31 00:00:00,10,144.83,1448.3
INV11928,CUST1344,2023-05-31 00:00:00,10,116.5,1165.0
INV11929,CUST1344,2023-07-09 00:00:00,1,29.17,29.17
INV11930,CUST1344,2023-09-04 00:00:00,1,291.12,291.12
INV11931,CUST1344,2023-05-07 00:00:00,4,289.87,1159.48
INV11931,CUST1344,2023-05-07 00:00:00,6,236.81,1420.86
INV11931,CUST1344,2023-05-07 00:00:00,10,266.45,2664.5
INV11932,CUST1344,2023-05-15 00:00:00,1,136.42,136.42
INV11932,CUST1344,2023-05-15 00:00:00,4,303.4,1213.6
INV11932,CUST1344,2023-05-15 00:00:00,4,76.44,305.76
INV11933,CUST1345,2023-05-22 00:00:00,2,116.1,232.2
INV11933,CUST1345,2023-05-22 00:00:00,4,36.29,145.16
INV11933,CUST1345,2023-05-22 00:00:00,10,118.84,1188.4
INV11933,CUST1345,2023-05-22 00:00:00,1,47.45,47.45
INV11934,CUST1346,2023-08-24 00:00:00,3,32.77,98.31
INV11934,CUST1346,2023-08-24 00:00:00,1,68.49,68.49
INV11934,CUST1346,2023-08-24 00:00:00,4,89.22,356.88
INV11935,CUST1347,2023-04-09 00:00:00,3,65.0,195.0
INV11935,CUST1347,2023-04-09 00:00:00,2,284.88,569.76
INV11936,CUST1347,2023-08-25 00:00:00,2,368.22,736.44
INV11936,CUST1347,2023-08-25 00:00:00,3,508.15,1524.45
INV11936,CUST1347,2023-08-25 00:00:00,4,261.61,1046.44
INV11936,CUST1347,2023-08-25 00:00:00,6,82.54,495.24
INV11937,CUST1347,2023-03-01 00:00:00,6,321.34,1928.04
INV11937,CUST1347,2023-03-01 00:00:00,4,454.97,1819.88
INV11937,CUST1347,2023-03-01 00:00:00,10,469.75,4697.5
INV11937,CUST1347,2023-03-01 00:00:00,4,88.69,354.76
INV11938,CUST1347,2023-05-13 00:00:00,4,149.69,598.76
INV11938,CUST1347,2023-05-13 00:00:00,10,425.98,4259.8
INV11938,CUST1347,2023-05-13 00:00:00,6,80.9,485.4
INV11938,CUST1347,2023-05-13 00:00:00,4,82.79,331.16
INV11939,CUST1347,2023-11-09 00:00:00,2,362.55,725.1
INV11939,CUST1347,2023-11-09 00:00:00,1,422.44,422.44
INV11940,CUST1347,2023-12-21 00:00:00,10,214.66,2146.6
INV11941,CUST1347,2023-02-06 00:00:00,2,232.17,464.34
INV11941,CUST1347,2023-02-06 00:00:00,2,264.69,529.38
INV11941,CUST1347,2023-02-06 00:00:00,10,166.28,1662.8
INV11941,CUST1347,2023-02-06 00:00:00,3,148.13,444.39
INV11942,CUST1347,2023-08-24 00:00:00,4,427.52,1710.08
INV11942,CUST1347,2023-08-24 00:00:00,3,163.77,491.31
INV11942,CUST1347,2023-08-24 00:00:00,4,98.85,395.4
INV11942,CUST1347,2023-08-24 00:00:00,10,507.11,5071.1
INV11943,CUST1347,2023-09-26 00:00:00,10,364.7,3647.0
INV11943,CUST1347,2023-09-26 00:00:00,2,436.41,872.82
INV11943,CUST1347,2023-09-26 00:00:00,10,357.14,3571.4
INV11944,CUST1347,2023-02-23 00:00:00,2,55.67,111.34
INV11945,CUST1347,2023-02-06 00:00:00,3,181.54,544.62
INV11946,CUST1348,2023-07-14 00:00:00,4,45.91,183.64
INV11946,CUST1348,2023-07-14 00:00:00,1,137.96,137.96
INV11946,CUST1348,2023-07-14 00:00:00,1,44.56,44.56
INV11946,CUST1348,2023-07-14 00:00:00,2,252.94,505.88
INV11947,CUST1348,2023-09-15 00:00:00,3,61.47,184.41
INV11947,CUST1348,2023-09-15 00:00:00,4,126.59,506.36
INV11947,CUST1348,2023-09-15 00:00:00,1,264.67,264.67
INV11947,CUST1348,2023-09-15 00:00:00,6,235.34,1412.04
INV11948,CUST1348,2023-01-30 00:00:00,4,172.51,690.04
INV11948,CUST1348,2023-01-30 00:00:00,10,124.01,1240.1
INV11948,CUST1348,2023-01-30 00:00:00,4,278.26,1113.04
INV11949,CUST1348,2023-01-24 00:00:00,1,226.56,226.56
INV11950,CUST1348,2023-10-06 00:00:00,6,202.49,1214.94
INV11950,CUST1348,2023-10-06 00:00:00,2,29.24,58.48
INV11950,CUST1348,2023-10-06 00:00:00,10,253.06,2530.6
INV11951,CUST1348,2023-02-21 00:00:00,10,38.05,380.5
INV11951,CUST1348,2023-02-21 00:00:00,4,194.32,777.28
INV11952,CUST1348,2023-03-31 00:00:00,2,160.69,321.38
INV11952,CUST1348,2023-03-31 00:00:00,1,53.22,53.22
INV11952,CUST1348,2023-03-31 00:00:00,2,252.02,504.04
INV11953,CUST1348,2023-08-02 00:00:00,3,50.0,150.0
INV11953,CUST1348,2023-08-02 00:00:00,1,107.25,107.25
INV11953,CUST1348,2023-08-02 00:00:00,2,246.08,492.16
INV11954,CUST1349,2023-04-19 00:00:00,3,195.69,587.07
INV11954,CUST1349,2023-04-19 00:00:00,2,28.36,56.72
INV11954,CUST1349,2023-04-19 00:00:00,2,148.99,297.98
INV11955,CUST1350,2023-07-22 00:00:00,10,125.96,1259.6
INV11955,CUST1350,2023-07-22 00:00:00,3,117.79,353.37
INV11955,CUST1350,2023-07-22 00:00:00,2,88.09,176.18
INV11956,CUST1351,2023-01-16 00:00:00,3,18.61,55.83
INV11957,CUST1351,2023-01-04 00:00:00,4,142.79,571.16
INV11957,CUST1351,2023-01-04 00:00:00,2,41.52,83.04
INV11957,CUST1351,2023-01-04 00:00:00,6,81.96,491.76
INV11957,CUST1351,2023-01-04 00:00:00,3,81.22,243.66
INV11958,CUST1352,2023-03-16 00:00:00,2,49.58,99.16
INV11959,CUST1352,2023-02-07 00:00:00,3,154.68,464.04
INV11959,CUST1352,2023-02-07 00:00:00,2,171.01,342.02
INV11960,CUST1352,2023-02-01 00:00:00,10,189.06,1890.6
INV11960,CUST1352,2023-02-01 00:00:00,1,63.8,63.8
INV11960,CUST1352,2023-02-01 00:00:00,3,136.26,408.78
INV11961,CUST1353,2023-08-22 00:00:00,3,28.21,84.63
INV11961,CUST1353,2023-08-22 00:00:00,3,110.1,330.3
INV11961,CUST1353,2023-08-22 00:00:00,2,173.0,346.0
INV11962,CUST1353,2023-01-06 00:00:00,10,60.27,602.7
INV11962,CUST1353,2023-01-06 00:00:00,3,149.82,449.46
INV11962,CUST1353,2023-01-06 00:00:00,4,217.41,869.64
INV11963,CUST1353,2023-03-06 00:00:00,1,202.95,202.95
INV11963,CUST1353,2023-03-06 00:00:00,10,178.3,1783.0
INV11963,CUST1353,2023-03-06 00:00:00,1,33.66,33.66
INV11963,CUST1353,2023-03-06 00:00:00,2,74.6,149.2
INV11964,CUST1353,2023-08-03 00:00:00,1,174.28,174.28
INV11964,CUST1353,2023-08-03 00:00:00,2,88.55,177.1
INV11964,CUST1353,2023-08-03 00:00:00,6,94.15,564.9
INV11965,CUST1353,2023-02-14 00:00:00,6,108.27,649.62
INV11965,CUST1353,2023-02-14 00:00:00,3,188.02,564.06
INV11965,CUST1353,2023-02-14 00:00:00,3,113.89,341.67
INV11966,CUST1353,2023-04-15 00:00:00,4,33.13,132.52
INV11967,CUST1354,2023-04-01 00:00:00,2,138.72,277.44
INV11967,CUST1354,2023-04-01 00:00:00,4,134.07,536.28
INV11968,CUST1354,2023-10-13 00:00:00,3,185.1,555.3
INV11969,CUST1354,2023-04-01 00:00:00,4,313.97,1255.88
INV11969,CUST1354,2023-04-01 00:00:00,4,125.98,503.92
INV11969,CUST1354,2023-04-01 00:00:00,10,396.61,3966.1
INV11969,CUST1354,2023-04-01 00:00:00,6,154.94,929.64
INV11970,CUST1354,2023-10-03 00:00:00,2,319.8,639.6
INV11970,CUST1354,2023-10-03 00:00:00,3,352.76,1058.28
INV11970,CUST1354,2023-10-03 00:00:00,3,195.24,585.72
INV11971,CUST1354,2023-06-07 00:00:00,3,150.77,452.31
INV11972,CUST1354,2023-09-06 00:00:00,10,241.86,2418.6
INV11972,CUST1354,2023-09-06 00:00:00,3,275.68,827.04
INV11972,CUST1354,2023-09-06 00:00:00,10,254.54,2545.4
INV11972,CUST1354,2023-09-06 00:00:00,4,144.66,578.64
INV11973,CUST1354,2023-10-09 00:00:00,1,68.94,68.94
INV11973,CUST1354,2023-10-09 00:00:00,3,111.95,335.85
INV11973,CUST1354,2023-10-09 00:00:00,4,252.53,1010.12
INV11973,CUST1354,2023-10-09 00:00:00,1,255.33,255.33
INV11974,CUST1354,2023-08-03 00:00:00,2,194.62,389.24
INV11974,CUST1354,2023-08-03 00:00:00,2,91.66,183.32
INV11975,CUST1354,2023-08-05 00:00:00,1,37.06,37.06
INV11976,CUST1354,2023-06-20 00:00:00,1,300.38,300.38
INV11976,CUST1354,2023-06-20 00:00:00,10,186.21,1862.1
INV11976,CUST1354,2023-06-20 00:00:00,6,369.73,2218.38
INV11976,CUST1354,2023-06-20 00:00:00,10,248.13,2481.3
INV11977,CUST1354,2023-03-05 00:00:00,2,55.41,110.82
INV11977,CUST1354,2023-03-05 00:00:00,2,338.23,676.46
INV11977,CUST1354,2023-03-05 00:00:00,2,166.61,333.22
INV11978,CUST1354,2023-02-28 00:00:00,3,118.18,354.54
INV11978,CUST1354,2023-02-28 00:00:00,10,154.35,1543.5
INV11978,CUST1354,2023-02-28 00:00:00,6,166.64,999.84
INV11979,CUST1355,2023-03-08 00:00:00,2,76.18,152.36
INV11979,CUST1355,2023-03-08 00:00:00,10,119.76,1197.6
INV11980,CUST1355,2023-09-13 00:00:00,3,131.34,394.02
INV11980,CUST1355,2023-09-13 00:00:00,3,80.87,242.61
INV11981,CUST1356,2023-10-07 00:00:00,10,197.0,1970.0
INV11981,CUST1356,2023-10-07 00:00:00,2,161.3,322.6
INV11982,CUST1356,2023-10-25 00:00:00,1,245.46,245.46
INV11982,CUST1356,2023-10-25 00:00:00,1,282.85,282.85
INV11982,CUST1356,2023-10-25 00:00:00,1,160.16,160.16
INV11983,CUST1356,2023-02-07 00:00:00,2,103.97,207.94
INV11984,CUST1356,2023-12-09 00:00:00,6,121.3,727.8
INV11985,CUST1356,2023-02-06 00:00:00,6,73.88,443.28
INV11985,CUST1356,2023-02-06 00:00:00,6,238.06,1428.36
INV11985,CUST1356,2023-02-06 00:00:00,1,78.32,78.32
INV11985,CUST1356,2023-02-06 00:00:00,6,264.43,1586.58
INV11986,CUST1356,2023-01-05 00:00:00,6,318.69,1912.14
INV11987,CUST1356,2023-10-29 00:00:00,3,96.38,289.14
INV11987,CUST1356,2023-10-29 00:00:00,10,219.62,2196.2
INV11987,CUST1356,2023-10-29 00:00:00,3,334.35,1003.05
INV11987,CUST1356,2023-10-29 00:00:00,1,178.53,178.53
INV11988,CUST1356,2023-11-11 00:00:00,2,54.85,109.7
INV11988,CUST1356,2023-11-11 00:00:00,1,127.57,127.57
INV11989,CUST1356,2023-10-13 00:00:00,10,84.73,847.3
INV11990,CUST1356,2023-06-24 00:00:00,3,142.86,428.58
INV11990,CUST1356,2023-06-24 00:00:00,4,48.75,195.0
INV11990,CUST1356,2023-06-24 00:00:00,1,292.18,292.18
INV11990,CUST1356,2023-06-24 00:00:00,1,217.59,217.59
INV11991,CUST1356,2023-09-07 00:00:00,6,89.89,539.34
INV11991,CUST1356,2023-09-07 00:00:00,6,33.08,198.48
INV11991,CUST1356,2023-09-07 00:00:00,4,267.33,1069.32
INV11991,CUST1356,2023-09-07 00:00:00,10,190.54,1905.4
INV11992,CUST1356,2023-02-12 00:00:00,4,55.24,220.96
INV11992,CUST1356,2023-02-12 00:00:00,4,52.78,211.12
INV11992,CUST1356,2023-02-12 00:00:00,1,64.93,64.93
INV11992,CUST1356,2023-02-12 00:00:00,6,58.6,351.6
INV11993,CUST1356,2023-12-25 00:00:00,1,25.53,25.53
INV11994,CUST1356,2023-02-21 00:00:00,1,90.05,90.05
INV11994,CUST1356,2023-02-21 00:00:00,6,192.27,1153.62
INV11994,CUST1356,2023-02-21 00:00:00,1,211.53,211.53
INV11995,CUST1357,2023-05-25 00:00:00,1,90.07,90.07
INV11995,CUST1357,2023-05-25 00:00:00,2,94.88,189.76
INV11995,CUST1357,2023-05-25 00:00:00,4,158.36,633.44
INV11995,CUST1357,2023-05-25 00:00:00,4,26.12,104.48
INV11996,CUST1357,2023-12-18 00:00:00,2,134.38,268.76
INV11996,CUST1357,2023-12-18 00:00:00,10,185.84,1858.4
INV11997,CUST1358,2023-02-16 00:00:00,10,80.49,804.9
INV11997,CUST1358,2023-02-16 00:00:00,1,154.48,154.48
INV11997,CUST1358,2023-02-16 00:00:00,1,129.41,129.41
INV11998,CUST1358,2023-01-23 00:00:00,3,50.06,150.18
INV11998,CUST1358,2023-01-23 00:00:00,3,49.7,149.1
INV11998,CUST1358,2023-01-23 00:00:00,10,184.12,1841.2
INV11998,CUST1358,2023-01-23 00:00:00,4,145.69,582.76
INV11999,CUST1359,2023-04-24 00:00:00,3,146.72,440.16
INV11999,CUST1359,2023-04-24 00:00:00,2,73.68,147.36
INV12000,CUST1359,2023-08-31 00:00:00,2,43.02,86.04
INV12000,CUST1359,2023-08-31 00:00:00,2,118.28,236.56
INV12000,CUST1359,2023-08-31 00:00:00,3,102.56,307.68
INV12000,CUST1359,2023-08-31 00:00:00,3,156.89,470.67
INV12001,CUST1360,2023-10-30 00:00:00,3,121.34,364.02
INV12001,CUST1360,2023-10-30 00:00:00,4,77.62,310.48
INV12001,CUST1360,2023-10-30 00:00:00,4,89.75,359.0
INV12002,CUST1360,2023-02-26 00:00:00,2,154.14,308.28
INV12003,CUST1360,2023-07-31 00:00:00,10,208.69,2086.9
INV12003,CUST1360,2023-07-31 00:00:00,10,169.81,1698.1
INV12003,CUST1360,2023-07-31 00:00:00,6,110.36,662.16
INV12004,CUST1360,2023-05-09 00:00:00,6,219.87,1319.22
INV12004,CUST1360,2023-05-09 00:00:00,2,113.07,226.14
INV12005,CUST1360,2023-11-12 00:00:00,4,77.31,309.24
INV12005,CUST1360,2023-11-12 00:00:00,3,41.36,124.08
INV12006,CUST1360,2023-08-24 00:00:00,6,27.08,162.48
INV12006,CUST1360,2023-08-24 00:00:00,1,237.55,237.55
INV12007,CUST1360,2023-05-16 00:00:00,1,93.04,93.04
INV12007,CUST1360,2023-05-16 00:00:00,4,202.76,811.04
INV12007,CUST1360,2023-05-16 00:00:00,2,194.31,388.62
INV12007,CUST1360,2023-05-16 00:00:00,6,164.31,985.86
INV12008,CUST1360,2023-04-17 00:00:00,1,210.38,210.38
INV12009,CUST1360,2023-07-23 00:00:00,1,51.09,51.09
INV12009,CUST1360,2023-07-23 00:00:00,4,17.32,69.28
INV12009,CUST1360,2023-07-23 00:00:00,4,59.66,238.64
INV12009,CUST1360,2023-07-23 00:00:00,3,208.18,624.54
INV12010,CUST1361,2023-10-20 00:00:00,2,216.85,433.7
INV12010,CUST1361,2023-10-20 00:00:00,2,53.25,106.5
INV12010,CUST1361,2023-10-20 00:00:00,2,207.93,415.86
INV12010,CUST1361,2023-10-20 00:00:00,1,79.47,79.47
INV12011,CUST1361,2023-07-16 00:00:00,4,55.06,220.24
INV12012,CUST1362,2023-01-06 00:00:00,3,20.77,62.31
INV12012,CUST1362,2023-01-06 00:00:00,6,174.79,1048.74
INV12012,CUST1362,2023-01-06 00:00:00,4,60.87,243.48
INV12012,CUST1362,2023-01-06 00:00:00,1,140.53,140.53
INV12013,CUST1363,2023-02-23 00:00:00,2,134.97,269.94
INV12013,CUST1363,2023-02-23 00:00:00,4,69.24,276.96
INV12013,CUST1363,2023-02-23 00:00:00,2,110.29,220.58
INV12013,CUST1363,2023-02-23 00:00:00,1,18.23,18.23
INV12014,CUST1363,2023-01-10 00:00:00,4,215.32,861.28
INV12014,CUST1363,2023-01-10 00:00:00,1,157.67,157.67
INV12014,CUST1363,2023-01-10 00:00:00,3,40.01,120.03
INV12014,CUST1363,2023-01-10 00:00:00,2,197.08,394.16
INV12015,CUST1364,2023-01-08 00:00:00,1,8.29,8.29
INV12015,CUST1364,2023-01-08 00:00:00,10,33.3,333.0
INV12015,CUST1364,2023-01-08 00:00:00,6,66.67,400.02
INV12015,CUST1364,2023-01-08 00:00:00,1,41.41,41.41
INV12016,CUST1364,2023-01-05 00:00:00,4,28.5,114.0
INV12016,CUST1364,2023-01-05 00:00:00,2,31.85,63.7
INV12016,CUST1364,2023-01-05 00:00:00,3,21.17,63.51
INV12016,CUST1364,2023-01-05 00:00:00,4,80.14,320.56
INV12017,CUST1364,2023-01-08 00:00:00,4,51.18,204.72
INV12017,CUST1364,2023-01-08 00:00:00,4,23.63,94.52
INV12017,CUST1364,2023-01-08 00:00:00,3,8.03,24.09
INV12017,CUST1364,2023-01-08 00:00:00,2,71.12,142.24
INV12018,CUST1365,2023-09-24 00:00:00,6,236.4,1418.4
INV12019,CUST1365,2023-10-27 00:00:00,3,150.7,452.1
INV12020,CUST1365,2023-11-10 00:00:00,4,156.11,624.44
INV12021,CUST1365,2023-07-17 00:00:00,2,31.56,63.12
INV12021,CUST1365,2023-07-17 00:00:00,6,148.75,892.5
INV12021,CUST1365,2023-07-17 00:00:00,4,240.91,963.64
INV12022,CUST1365,2023-04-02 00:00:00,2,88.1,176.2
INV12022,CUST1365,2023-04-02 00:00:00,6,212.26,1273.56
INV12022,CUST1365,2023-04-02 00:00:00,2,136.72,273.44
INV12022,CUST1365,2023-04-02 00:00:00,6,71.22,427.32
INV12023,CUST1366,2023-01-14 00:00:00,6,103.15,618.9
INV12023,CUST1366,2023-01-14 00:00:00,2,71.66,143.32
INV12023,CUST1366,2023-01-14 00:00:00,4,114.82,459.28
INV12023,CUST1366,2023-01-14 00:00:00,10,86.0,860.0
INV12024,CUST1367,2023-01-25 00:00:00,10,65.86,658.6
INV12025,CUST1367,2023-01-20 00:00:00,3,110.62,331.86
INV12026,CUST1368,2023-04-19 00:00:00,10,93.21,932.1
INV12026,CUST1368,2023-04-19 00:00:00,4,183.73,734.92
INV12027,CUST1368,2023-08-08 00:00:00,10,166.76,1667.6
INV12028,CUST1368,2023-01-22 00:00:00,2,166.22,332.44
INV12028,CUST1368,2023-01-22 00:00:00,10,93.38,933.8
INV12028,CUST1368,2023-01-22 00:00:00,1,111.43,111.43
INV12029,CUST1368,2023-05-05 00:00:00,2,101.93,203.86
INV12029,CUST1368,2023-05-05 00:00:00,2,64.6,129.2
INV12029,CUST1368,2023-05-05 00:00:00,4,117.42,469.68
INV12029,CUST1368,2023-05-05 00:00:00,3,62.78,188.34
INV12030,CUST1368,2023-09-09 00:00:00,3,202.21,606.63
INV12030,CUST1368,2023-09-09 00:00:00,6,191.76,1150.56
INV12031,CUST1368,2023-03-05 00:00:00,4,171.08,684.32
INV12031,CUST1368,2023-03-05 00:00:00,2,45.63,91.26
INV12031,CUST1368,2023-03-05 00:00:00,4,235.97,943.88
INV12031,CUST1368,2023-03-05 00:00:00,4,154.87,619.48
INV12032,CUST1368,2023-07-15 00:00:00,3,194.83,584.49
INV12032,CUST1368,2023-07-15 00:00:00,4,57.29,229.16
INV12032,CUST1368,2023-07-15 00:00:00,2,99.21,198.42
INV12032,CUST1368,2023-07-15 00:00:00,10,163.47,1634.7
INV12033,CUST1368,2023-05-21 00:00:00,10,207.53,2075.3
INV12034,CUST1368,2023-01-27 00:00:00,10,75.85,758.5
INV12034,CUST1368,2023-01-27 00:00:00,3,130.4,391.2
INV12034,CUST1368,2023-01-27 00:00:00,3,111.83,335.49
INV12035,CUST1368,2023-09-14 00:00:00,4,213.43,853.72
INV12036,CUST1368,2023-07-15 00:00:00,3,214.68,644.04
INV12036,CUST1368,2023-07-15 00:00:00,4,19.43,77.72
INV12037,CUST1369,2023-06-09 00:00:00,1,164.1,164.1
INV12037,CUST1369,2023-06-09 00:00:00,1,252.08,252.08
INV12038,CUST1369,2023-04-26 00:00:00,10,137.64,1376.4
INV12038,CUST1369,2023-04-26 00:00:00,6,165.03,990.18
INV12038,CUST1369,2023-04-26 00:00:00,6,203.57,1221.42
INV12038,CUST1369,2023-04-26 00:00:00,4,598.68,2394.72
INV12039,CUST1369,2023-07-21 00:00:00,10,434.57,4345.7
INV12039,CUST1369,2023-07-21 00:00:00,10,204.51,2045.1
INV12040,CUST1369,2023-02-11 00:00:00,6,235.45,1412.7
INV12041,CUST1369,2023-07-13 00:00:00,4,501.66,2006.64
INV12041,CUST1369,2023-07-13 00:00:00,4,128.31,513.24
INV12041,CUST1369,2023-07-13 00:00:00,3,115.99,347.97
INV12041,CUST1369,2023-07-13 00:00:00,4,426.61,1706.44
INV12042,CUST1369,2023-10-08 00:00:00,3,406.74,1220.22
INV12042,CUST1369,2023-10-08 00:00:00,6,593.75,3562.5
INV12043,CUST1369,2023-09-09 00:00:00,10,199.51,1995.1
INV12043,CUST1369,2023-09-09 00:00:00,6,463.75,2782.5
INV12044,CUST1369,2023-06-28 00:00:00,4,605.31,2421.24
INV12044,CUST1369,2023-06-28 00:00:00,10,81.61,816.1
INV12045,CUST1369,2023-07-11 00:00:00,10,455.53,4555.3
INV12045,CUST1369,2023-07-11 00:00:00,3,550.18,1650.54
INV12046,CUST1370,2023-07-09 00:00:00,3,48.52,145.56
INV12047,CUST1370,2023-07-11 00:00:00,3,76.29,228.87
INV12047,CUST1370,2023-07-11 00:00:00,3,398.51,1195.53
INV12047,CUST1370,2023-07-11 00:00:00,1,206.59,206.59
INV12047,CUST1370,2023-07-11 00:00:00,4,446.42,1785.68
INV12048,CUST1370,2023-04-14 00:00:00,6,127.75,766.5
INV12048,CUST1370,2023-04-14 00:00:00,3,465.13,1395.39
INV12048,CUST1370,2023-04-14 00:00:00,3,139.23,417.69
INV12048,CUST1370,2023-04-14 00:00:00,3,324.04,972.12
INV12049,CUST1370,2023-07-12 00:00:00,2,258.56,517.12
INV12049,CUST1370,2023-07-12 00:00:00,10,232.65,2326.5
INV12050,CUST1370,2023-01-31 00:00:00,3,249.75,749.25
INV12051,CUST1370,2023-12-09 00:00:00,4,407.07,1628.28
INV12051,CUST1370,2023-12-09 00:00:00,3,308.04,924.12
INV12051,CUST1370,2023-12-09 00:00:00,1,459.61,459.61
INV12051,CUST1370,2023-12-09 00:00:00,10,438.9,4389.0
INV12052,CUST1370,2023-10-31 00:00:00,10,151.72,1517.2
INV12052,CUST1370,2023-10-31 00:00:00,1,354.8,354.8
INV12052,CUST1370,2023-10-31 00:00:00,1,328.85,328.85
INV12053,CUST1370,2023-04-11 00:00:00,4,295.63,1182.52
INV12054,CUST1370,2023-03-23 00:00:00,3,224.08,672.24
INV12054,CUST1370,2023-03-23 00:00:00,4,142.25,569.0
INV12054,CUST1370,2023-03-23 00:00:00,1,251.17,251.17
INV12054,CUST1370,2023-03-23 00:00:00,6,295.02,1770.12
INV12055,CUST1370,2023-04-27 00:00:00,2,45.76,91.52
INV12055,CUST1370,2023-04-27 00:00:00,6,159.67,958.02
INV12055,CUST1370,2023-04-27 00:00:00,3,360.58,1081.74
INV12056,CUST1370,2023-05-05 00:00:00,1,402.51,402.51
INV12056,CUST1370,2023-05-05 00:00:00,6,373.19,2239.14
INV12057,CUST1370,2023-11-01 00:00:00,4,381.21,1524.84
INV12057,CUST1370,2023-11-01 00:00:00,6,56.34,338.04
INV12058,CUST1370,2023-09-27 00:00:00,6,108.17,649.02
INV12058,CUST1370,2023-09-27 00:00:00,2,144.25,288.5
INV12058,CUST1370,2023-09-27 00:00:00,2,212.65,425.3
INV12059,CUST1370,2023-02-03 00:00:00,6,240.24,1441.44
INV12059,CUST1370,2023-02-03 00:00:00,2,139.18,278.36
INV12059,CUST1370,2023-02-03 00:00:00,3,454.32,1362.96
INV12060,CUST1370,2023-05-04 00:00:00,4,215.73,862.92
INV12060,CUST1370,2023-05-04 00:00:00,3,307.88,923.64
INV12061,CUST1371,2023-07-03 00:00:00,10,424.08,4240.8
INV12061,CUST1371,2023-07-03 00:00:00,1,107.84,107.84
INV12061,CUST1371,2023-07-03 00:00:00,1,135.47,135.47
INV12061,CUST1371,2023-07-03 00:00:00,2,77.45,154.9
INV12062,CUST1371,2023-02-09 00:00:00,6,436.88,2621.28
INV12063,CUST1371,2023-07-23 00:00:00,3,170.96,512.88
INV12063,CUST1371,2023-07-23 00:00:00,10,446.16,4461.6
INV12063,CUST1371,2023-07-23 00:00:00,6,148.28,889.68
INV12063,CUST1371,2023-07-23 00:00:00,6,93.24,559.44
INV12064,CUST1371,2023-09-20 00:00:00,6,151.37,908.22
INV12064,CUST1371,2023-09-20 00:00:00,1,464.03,464.03
INV12064,CUST1371,2023-09-20 00:00:00,3,114.21,342.63
INV12065,CUST1371,2023-08-12 00:00:00,4,368.26,1473.04
INV12065,CUST1371,2023-08-12 00:00:00,10,376.47,3764.7
INV12065,CUST1371,2023-08-12 00:00:00,10,295.07,2950.7
INV12066,CUST1371,2023-11-21 00:00:00,4,320.86,1283.44
INV12066,CUST1371,2023-11-21 00:00:00,10,98.7,987.0
INV12067,CUST1371,2023-09-19 00:00:00,4,97.4,389.6
INV12067,CUST1371,2023-09-19 00:00:00,1,84.19,84.19
INV12068,CUST1371,2023-08-16 00:00:00,1,370.66,370.66
INV12068,CUST1371,2023-08-16 00:00:00,2,403.54,807.08
INV12068,CUST1371,2023-08-16 00:00:00,3,117.97,353.91
INV12068,CUST1371,2023-08-16 00:00:00,3,246.97,740.91
INV12069,CUST1371,2023-02-01 00:00:00,10,181.32,1813.2
INV12069,CUST1371,2023-02-01 00:00:00,2,237.45,474.9
INV12069,CUST1371,2023-02-01 00:00:00,6,90.45,542.7
INV12069,CUST1371,2023-02-01 00:00:00,1,397.24,397.24
INV12070,CUST1371,2023-02-18 00:00:00,4,366.11,1464.44
INV12071,CUST1371,2023-05-10 00:00:00,6,72.96,437.76
INV12072,CUST1371,2023-11-26 00:00:00,1,359.73,359.73
INV12072,CUST1371,2023-11-26 00:00:00,3,376.62,1129.86
INV12072,CUST1371,2023-11-26 00:00:00,2,420.63,841.26
INV12072,CUST1371,2023-11-26 00:00:00,4,186.34,745.36
INV12073,CUST1371,2023-05-11 00:00:00,3,294.94,884.82
INV12073,CUST1371,2023-05-11 00:00:00,2,483.84,967.68
INV12073,CUST1371,2023-05-11 00:00:00,2,252.15,504.3
INV12073,CUST1371,2023-05-11 00:00:00,2,376.51,753.02
INV12074,CUST1371,2023-09-06 00:00:00,6,383.03,2298.18
INV12074,CUST1371,2023-09-06 00:00:00,10,296.68,2966.8
INV12074,CUST1371,2023-09-06 00:00:00,1,120.58,120.58
INV12075,CUST1371,2023-07-08 00:00:00,2,274.73,549.46
INV12075,CUST1371,2023-07-08 00:00:00,10,183.69,1836.9
INV12076,CUST1372,2023-05-28 00:00:00,1,77.98,77.98
INV12076,CUST1372,2023-05-28 00:00:00,6,232.08,1392.48
INV12076,CUST1372,2023-05-28 00:00:00,1,236.64,236.64
INV12077,CUST1372,2023-08-11 00:00:00,6,90.77,544.62
INV12077,CUST1372,2023-08-11 00:00:00,1,70.81,70.81
INV12078,CUST1372,2023-07-19 00:00:00,6,218.25,1309.5
INV12079,CUST1372,2023-08-29 00:00:00,3,222.82,668.46
INV12079,CUST1372,2023-08-29 00:00:00,1,121.35,121.35
INV12079,CUST1372,2023-08-29 00:00:00,2,285.09,570.18
INV12079,CUST1372,2023-08-29 00:00:00,1,217.62,217.62
INV12080,CUST1372,2023-03-21 00:00:00,10,132.07,1320.7
INV12080,CUST1372,2023-03-21 00:00:00,6,156.45,938.7
INV12081,CUST1372,2023-04-29 00:00:00,6,218.51,1311.06
INV12081,CUST1372,2023-04-29 00:00:00,6,69.01,414.06
INV12082,CUST1372,2023-04-29 00:00:00,6,66.17,397.02
INV12082,CUST1372,2023-04-29 00:00:00,4,28.61,114.44
INV12082,CUST1372,2023-04-29 00:00:00,1,277.45,277.45
INV12083,CUST1372,2023-11-10 00:00:00,10,159.87,1598.7
INV12083,CUST1372,2023-11-10 00:00:00,2,137.27,274.54
INV12083,CUST1372,2023-11-10 00:00:00,10,334.16,3341.6
INV12084,CUST1372,2023-12-25 00:00:00,10,327.3,3273.0
INV12085,CUST1372,2023-01-12 00:00:00,3,261.82,785.46
INV12086,CUST1372,2023-07-13 00:00:00,4,161.42,645.68
INV12086,,2023-07-13 00:00:00,1,160.05,160.05
INV12086,CUST1372,2023-07-13 00:00:00,1,244.7,244.7
INV12087,CUST1373,2023-11-10 00:00:00,3,107.78,323.34
INV12087,CUST1373,2023-11-10 00:00:00,10,160.24,1602.4
INV12088,CUST1374,2023-06-03 00:00:00,3,66.31,198.93
INV12089,CUST1374,2023-03-23 00:00:00,4,191.5,766.0
INV12089,CUST1374,2023-03-23 00:00:00,3,186.56,559.68
INV12090,CUST1374,2023-04-29 00:00:00,1,139.42,139.42
INV12090,CUST1374,2023-04-29 00:00:00,4,386.03,1544.12
INV12090,CUST1374,2023-04-29 00:00:00,4,149.69,598.76
INV12091,CUST1374,2023-05-09 00:00:00,4,171.72,686.88
INV12091,CUST1374,2023-05-09 00:00:00,2,162.87,325.74
INV12092,CUST1374,2023-08-22 00:00:00,10,267.72,2677.2
INV12092,CUST1374,2023-08-22 00:00:00,4,241.31,965.24
INV12092,CUST1374,2023-08-22 00:00:00,4,380.49,1521.96
INV12093,CUST1374,2023-03-10 00:00:00,3,203.58,610.74
INV12093,CUST1374,2023-03-10 00:00:00,10,355.57,3555.7
INV12093,CUST1374,2023-03-10 00:00:00,3,202.27,606.81
INV12094,CUST1374,2023-06-13 00:00:00,1,395.07,395.07
INV12094,CUST1374,2023-06-13 00:00:00,6,211.29,1267.74
INV12094,CUST1374,2023-06-13 00:00:00,4,225.96,903.84
INV12094,CUST1374,2023-06-13 00:00:00,1,335.75,335.75
INV12095,CUST1374,2023-12-02 00:00:00,1,230.13,230.13
INV12095,CUST1374,2023-12-02 00:00:00,10,107.32,1073.2
INV12095,CUST1374,2023-12-02 00:00:00,3,72.5,217.5
INV12095,CUST1374,2023-12-02 00:00:00,1,111.01,111.01
INV12096,CUST1374,2023-10-09 00:00:00,6,227.28,1363.68
INV12096,CUST1374,2023-10-09 00:00:00,3,81.12,243.36
INV12096,CUST1374,2023-10-09 00:00:00,4,181.12,724.48
INV12096,CUST1374,2023-10-09 00:00:00,6,96.11,576.66
INV12097,CUST1375,2023-10-11 00:00:00,1,127.94,127.94
INV12098,CUST1375,2023-01-11 00:00:00,6,200.81,1204.86
INV12098,CUST1375,2023-01-11 00:00:00,4,201.19,804.76
INV12098,CUST1375,2023-01-11 00:00:00,2,79.98,159.96
INV12099,CUST1375,2023-11-03 00:00:00,2,271.16,542.32
INV12099,CUST1375,2023-11-03 00:00:00,4,298.94,1195.76
INV12099,CUST1375,2023-11-03 00:00:00,1,44.92,44.92
INV12099,CUST1375,2023-11-03 00:00:00,2,43.83,87.66
INV12100,CUST1375,2023-08-11 00:00:00,3,49.52,148.56
INV12100,CUST1375,2023-08-11 00:00:00,1,170.28,170.28
INV12101,CUST1375,2022-12-31 00:00:00,10,161.43,1614.3
INV12101,CUST1375,2022-12-31 00:00:00,3,51.56,154.68
INV12101,CUST1375,2022-12-31 00:00:00,2,272.68,545.36
INV12101,CUST1375,2022-12-31 00:00:00,3,277.13,831.39
INV12102,CUST1375,2023-10-17 00:00:00,10,31.91,319.1
INV12103,CUST1375,2023-07-10 00:00:00,4,102.59,410.36
INV12104,CUST1376,2023-04-11 00:00:00,10,63.0,630.0
INV12104,CUST1376,2023-04-11 00:00:00,4,57.69,230.76
INV12104,CUST1376,2023-04-11 00:00:00,2,0.0,265.16
INV12104,CUST1376,2023-04-11 00:00:00,2,90.58,181.16
INV12105,CUST1377,2023-10-24 00:00:00,6,466.05,2796.3
INV12105,CUST1377,2023-10-24 00:00:00,10,387.27,3872.7
INV12106,CUST1377,2023-10-09 00:00:00,10,247.28,2472.8
INV12106,CUST1377,2023-10-09 00:00:00,4,233.35,933.4
INV12107,CUST1377,2023-04-29 00:00:00,3,196.06,588.18
INV12107,CUST1377,2023-04-29 00:00:00,1,258.93,258.93
INV12107,CUST1377,2023-04-29 00:00:00,4,202.73,810.92
INV12107,CUST1377,2023-04-29 00:00:00,4,390.29,1561.16
INV12108,CUST1377,2023-10-03 00:00:00,10,67.44,674.4
INV12109,CUST1377,2023-04-25 00:00:00,4,44.4,177.6
INV12110,CUST1377,2023-08-21 00:00:00,4,188.66,754.64
INV12110,CUST1377,2023-08-21 00:00:00,6,379.31,2275.86
INV12110,CUST1377,2023-08-21 00:00:00,6,472.76,2836.56
INV12110,CUST1377,2023-08-21 00:00:00,3,333.73,1001.19
INV12111,CUST1377,2023-09-22 00:00:00,6,189.58,1137.48
INV12111,CUST1377,2023-09-22 00:00:00,1,243.42,243.42
INV12112,CUST1377,2023-09-02 00:00:00,1,477.05,477.05
INV12112,CUST1377,2023-09-02 00:00:00,4,299.3,1197.2
INV12112,CUST1377,2023-09-02 00:00:00,6,48.99,293.94
INV12113,CUST1377,2023-08-27 00:00:00,2,355.57,711.14
INV12114,CUST1377,2023-11-29 00:00:00,10,316.13,3161.3
INV12114,CUST1377,2023-11-29 00:00:00,10,344.11,3441.1
INV12114,CUST1377,2023-11-29 00:00:00,1,284.23,284.23
INV12115,CUST1377,2023-11-09 00:00:00,10,99.17,991.7
INV12116,CUST1377,2023-06-11 00:00:00,10,114.88,1148.8
INV12116,CUST1377,2023-06-11 00:00:00,6,52.72,316.32
INV12116,CUST1377,2023-06-11 00:00:00,3,180.37,541.11
INV12116,CUST1377,2023-06-11 00:00:00,2,120.26,240.52
INV12117,CUST1377,2023-04-30 00:00:00,3,490.77,1472.31
INV12117,CUST1377,2023-04-30 00:00:00,1,73.25,73.25
INV12118,CUST1377,2023-06-04 00:00:00,1,93.76,93.76
INV12118,CUST1377,2023-06-04 00:00:00,4,47.52,190.08
INV12119,CUST1377,2023-05-13 00:00:00,3,446.98,1340.94
INV12119,CUST1377,2023-05-13 00:00:00,10,89.87,898.7
INV12120,CUST1377,2023-03-19 00:00:00,3,378.02,1134.06
INV12120,CUST1377,2023-03-19 00:00:00,4,524.88,2099.52
INV12121,CUST1377,2023-01-21 00:00:00,1,517.2,517.2
INV12121,CUST1377,2023-01-21 00:00:00,2,425.88,851.76
INV12121,CUST1377,2023-01-21 00:00:00,4,217.67,870.68
INV12121,CUST1377,2023-01-21 00:00:00,2,152.36,304.72
INV12122,CUST1377,2023-02-26 00:00:00,3,512.9,1538.7
INV12122,CUST1377,2023-02-26 00:00:00,2,527.28,1054.56
INV12122,CUST1377,2023-02-26 00:00:00,1,315.03,315.03
INV12122,CUST1377,2023-02-26 00:00:00,6,454.06,2724.36
INV12123,CUST1377,2023-02-18 00:00:00,4,509.63,2038.52
INV12124,CUST1378,2023-01-03 00:00:00,4,172.88,691.52
INV12124,CUST1378,2023-01-03 00:00:00,10,145.6,1456.0
INV12124,CUST1378,2023-01-03 00:00:00,2,168.94,337.88
INV12125,CUST1379,2023-08-24 00:00:00,4,87.55,350.2
INV12125,CUST1379,2023-08-24 00:00:00,2,68.97,137.94
INV12125,CUST1379,2023-08-24 00:00:00,1,201.24,201.24
INV12126,CUST1379,2023-07-12 00:00:00,10,99.35,993.5
INV12126,CUST1379,2023-07-12 00:00:00,1,30.49,30.49
INV12126,CUST1379,2023-07-12 00:00:00,1,220.81,220.81
INV12126,CUST1379,2023-07-12 00:00:00,6,138.13,828.78
INV12127,CUST1379,2023-10-16 00:00:00,3,190.9,572.7
INV12127,CUST1379,2023-10-16 00:00:00,10,244.08,2440.8
INV12127,CUST1379,2023-10-16 00:00:00,6,263.41,1580.46
INV12127,CUST1379,2023-10-16 00:00:00,1,66.57,66.57
INV12128,CUST1379,2023-06-01 00:00:00,10,59.47,594.7
INV12128,CUST1379,2023-06-01 00:00:00,6,128.26,769.56
INV12128,CUST1379,2023-06-01 00:00:00,3,107.35,322.05
INV12128,CUST1379,2023-06-01 00:00:00,10,30.46,304.6
INV12129,CUST1379,2023-09-19 00:00:00,3,239.05,717.15
INV12129,CUST1379,2023-09-19 00:00:00,1,131.07,131.07
INV12129,CUST1379,2023-09-19 00:00:00,2,96.35,192.7
INV12130,CUST1379,2023-01-30 00:00:00,1,116.02,116.02
INV12130,CUST1379,2023-01-30 00:00:00,2,226.27,452.54
INV12130,CUST1379,2023-01-30 00:00:00,10,169.29,1692.9
INV12130,CUST1379,2023-01-30 00:00:00,4,154.88,619.52
INV12131,CUST1379,2023-03-22 00:00:00,2,164.94,329.88
INV12131,CUST1379,2023-03-22 00:00:00,4,91.97,367.88
INV12131,CUST1379,2023-03-22 00:00:00,2,91.58,183.16
INV12131,CUST1379,2023-03-22 00:00:00,3,244.01,732.03
INV12132,CUST1379,2023-01-14 00:00:00,4,70.38,281.52
INV12132,CUST1379,2023-01-14 00:00:00,2,148.8,297.6
INV12132,CUST1379,2023-01-14 00:00:00,10,80.0,800.0
INV12133,CUST1379,2023-03-12 00:00:00,3,45.66,136.98
INV12133,CUST1379,2023-03-12 00:00:00,4,205.32,821.28
INV12134,CUST1379,2023-04-12 00:00:00,10,280.51,2805.1
INV12134,CUST1379,2023-04-12 00:00:00,3,47.62,142.86
INV12135,CUST1380,2023-07-15 00:00:00,6,179.89,1079.34
INV12135,CUST1380,2023-07-15 00:00:00,4,168.75,675.0
INV12135,CUST1380,2023-07-15 00:00:00,4,91.88,367.52
INV12135,CUST1380,2023-07-15 00:00:00,1,264.56,264.56
INV12136,CUST1380,2023-07-13 00:00:00,10,330.85,3308.5
INV12137,CUST1380,2023-06-14 00:00:00,6,34.92,209.52
INV12138,CUST1380,2023-12-16 00:00:00,2,54.89,109.78
INV12139,CUST1380,2023-03-25 00:00:00,2,200.27,400.54
INV12140,CUST1380,2023-06-12 00:00:00,4,245.06,980.24
INV12140,CUST1380,2023-06-12 00:00:00,3,338.75,1016.25
INV12141,CUST1380,2023-02-06 00:00:00,3,46.51,139.53
INV12141,CUST1380,2023-02-06 00:00:00,1,193.35,193.35
INV12142,CUST1380,2023-05-13 00:00:00,2,316.59,633.18
INV12142,CUST1380,2023-05-13 00:00:00,4,92.43,369.72
INV12142,CUST1380,2023-05-13 00:00:00,10,151.2,1512.0
INV12142,CUST1380,2023-05-13 00:00:00,10,33.27,332.7
INV12143,CUST1380,2023-10-22 00:00:00,1,359.87,359.87
INV12143,CUST1380,2023-10-22 00:00:00,10,143.34,1433.4
INV12143,CUST1380,2023-10-22 00:00:00,3,322.89,968.67
INV12144,CUST1380,2023-09-12 00:00:00,6,119.2,715.2
INV12144,CUST1380,2023-09-12 00:00:00,10,259.19,2591.9
INV12144,CUST1380,2023-09-12 00:00:00,4,269.33,1077.32
INV12144,CUST1380,2023-09-12 00:00:00,2,230.19,460.38
INV12145,CUST1380,2023-10-04 00:00:00,1,336.09,336.09
INV12145,CUST1380,2023-10-04 00:00:00,3,39.37,118.11
INV12145,CUST1380,2023-10-04 00:00:00,6,170.54,1023.24
INV12145,CUST1380,2023-10-04 00:00:00,10,105.58,1055.8
INV12146,CUST1380,2023-05-25 00:00:00,10,66.11,661.1
INV12146,CUST1380,2023-05-25 00:00:00,4,241.0,964.0
INV12147,CUST1380,2023-09-09 00:00:00,3,57.53,172.59
INV12147,CUST1380,2023-09-09 00:00:00,6,295.5,1773.0
INV12148,CUST1380,2023-06-27 00:00:00,2,213.62,427.24
INV12148,CUST1380,2023-06-27 00:00:00,6,213.66,1281.96
INV12148,CUST1380,2023-06-27 00:00:00,3,305.33,915.99
INV12149,CUST1380,2023-07-31 00:00:00,10,121.56,1215.6
INV12150,CUST1381,2023-06-27 00:00:00,6,108.26,649.56
INV12151,CUST1381,2023-11-19 00:00:00,10,128.67,1286.7
INV12151,CUST1381,2023-11-19 00:00:00,2,199.9,399.8
INV12152,CUST1382,2023-06-09 00:00:00,4,124.59,498.36
INV12152,CUST1382,2023-06-09 00:00:00,10,110.35,1103.5
INV12152,CUST1382,2023-06-09 00:00:00,1,53.03,53.03
INV12153,CUST1383,2023-01-10 00:00:00,4,168.13,672.52
INV12154,CUST1383,2023-03-13 00:00:00,6,69.31,415.86
INV12154,CUST1383,2023-03-13 00:00:00,6,94.06,564.36
INV12154,CUST1383,2023-03-13 00:00:00,10,61.21,612.1
INV12155,CUST1383,2023-01-04 00:00:00,3,113.33,339.99
INV12155,CUST1383,2023-01-04 00:00:00,10,116.9,1169.0
INV12156,CUST1384,2023-07-26 00:00:00,1,20.78,20.78
INV12157,CUST1384,2023-08-10 00:00:00,10,44.39,443.9
INV12157,CUST1384,2023-08-10 00:00:00,3,30.63,91.89
INV12158,CUST1385,2023-04-06 00:00:00,4,50.91,203.64
INV12158,CUST1385,2023-04-06 00:00:00,2,140.31,280.62
INV12158,CUST1385,2023-04-06 00:00:00,2,12.68,25.36
INV12158,CUST1385,2023-04-06 00:00:00,3,57.26,171.78
INV12159,CUST1385,2023-02-26 00:00:00,2,29.67,59.34
INV12159,CUST1385,2023-02-26 00:00:00,4,19.37,77.48
INV12159,CUST1385,2023-02-26 00:00:00,2,35.61,71.22
INV12160,CUST1385,2023-07-30 00:00:00,3,122.5,367.5
INV12161,CUST1386,2023-01-19 00:00:00,1,90.14,90.14
INV12161,CUST1386,2023-01-19 00:00:00,3,23.95,71.85
INV12161,CUST1386,2023-01-19 00:00:00,10,227.59,2275.9
INV12161,CUST1386,2023-01-19 00:00:00,6,219.41,1316.46
INV12162,CUST1386,2023-07-19 00:00:00,1,101.24,101.24
INV12162,CUST1386,2023-07-19 00:00:00,4,113.87,455.48
INV12162,CUST1386,2023-07-19 00:00:00,3,107.37,322.11
INV12162,CUST1386,2023-07-19 00:00:00,10,284.81,2848.1
INV12163,CUST1386,2023-11-06 00:00:00,10,299.88,2998.8
INV12163,CUST1386,2023-11-06 00:00:00,4,31.14,124.56
INV12163,CUST1386,2023-11-06 00:00:00,10,116.78,1167.8
INV12163,CUST1386,2023-11-06 00:00:00,2,231.95,463.9
INV12164,CUST1386,2023-10-21 00:00:00,3,222.51,667.53
INV12164,CUST1386,2023-10-21 00:00:00,3,238.36,715.08
INV12165,CUST1386,2023-07-04 00:00:00,10,148.24,1482.4
INV12165,CUST1386,2023-07-04 00:00:00,2,117.18,234.36
INV12166,CUST1387,2023-01-16 00:00:00,2,186.62,373.24
INV12166,CUST1387,2023-01-16 00:00:00,4,136.71,546.84
INV12166,CUST1387,2023-01-16 00:00:00,6,68.22,409.32
INV12167,CUST1387,2023-06-23 00:00:00,4,85.11,340.44
INV12167,CUST1387,2023-06-23 00:00:00,10,242.36,2423.6
INV12168,CUST1387,2023-06-08 00:00:00,6,132.05,792.3
INV12168,CUST1387,2023-06-08 00:00:00,3,227.2,681.6
INV12168,CUST1387,2023-06-08 00:00:00,2,167.56,335.12
INV12168,CUST1387,2023-06-08 00:00:00,3,172.21,516.63
INV12169,CUST1387,2023-03-18 00:00:00,2,200.8,401.6
INV12169,CUST1387,2023-03-18 00:00:00,1,125.09,125.09
INV12170,CUST1387,2023-06-24 00:00:00,2,45.58,91.16
INV12170,CUST1387,2023-06-24 00:00:00,1,199.71,199.71
INV12170,CUST1387,2023-06-24 00:00:00,10,168.64,1686.4
INV12170,CUST1387,2023-06-24 00:00:00,6,84.91,509.46
INV12171,CUST1388,2023-01-07 00:00:00,3,13.61,40.83
INV12172,,2023-03-18 00:00:00,6,38.4,230.4
INV12172,CUST1388,2023-03-18 00:00:00,4,44.53,178.12
INV12172,CUST1388,2023-03-18 00:00:00,2,26.01,52.02
INV12172,CUST1388,2023-03-18 00:00:00,2,29.41,58.82
INV12173,CUST1389,2023-01-26 00:00:00,2,62.39,124.78
INV12174,CUST1390,2023-01-25 00:00:00,3,77.21,231.63
INV12174,CUST1390,2023-01-25 00:00:00,3,44.13,132.39
INV12175,CUST1391,2023-07-10 00:00:00,1,109.65,109.65
INV12176,CUST1391,2023-06-24 00:00:00,6,223.0,1338.0
INV12177,CUST1391,2023-10-18 00:00:00,2,203.14,406.28
INV12178,CUST1391,2023-03-08 00:00:00,1,197.98,197.98
INV12178,CUST1391,2023-03-08 00:00:00,4,143.07,572.28
INV12178,CUST1391,2023-03-08 00:00:00,3,140.72,422.16
INV12178,CUST1391,2023-03-08 00:00:00,2,60.43,120.86
INV12179,CUST1391,2023-05-19 00:00:00,6,225.88,1355.28
INV12179,CUST1391,2023-05-19 00:00:00,6,160.77,964.62
INV12180,CUST1391,2023-05-18 00:00:00,1,167.96,167.96
INV12180,CUST1391,2023-05-18 00:00:00,6,240.1,1440.6
INV12180,CUST1391,2023-05-18 00:00:00,3,82.84,248.52
INV12181,CUST1392,2023-10-22 00:00:00,4,225.2,900.8
INV12181,CUST1392,2023-10-22 00:00:00,6,188.35,1130.1
INV12181,CUST1392,2023-10-22 00:00:00,2,205.78,411.56
INV12181,CUST1392,2023-10-22 00:00:00,6,153.64,921.84
INV12182,CUST1392,2023-09-18 00:00:00,1,160.8,160.8
INV12182,CUST1392,2023-09-18 00:00:00,2,148.68,297.36
INV12183,CUST1392,2023-01-18 00:00:00,10,164.35,1643.5
INV12183,CUST1392,2023-01-18 00:00:00,6,94.79,568.74
INV12184,CUST1392,2023-01-07 00:00:00,2,35.13,70.26
INV12184,CUST1392,2023-01-07 00:00:00,3,120.46,361.38
INV12185,CUST1392,2023-06-05 00:00:00,4,59.74,238.96
INV12185,CUST1392,2023-06-05 00:00:00,3,169.3,507.9
INV12185,CUST1392,2023-06-05 00:00:00,2,31.49,62.98
INV12185,CUST1392,2023-06-05 00:00:00,10,145.55,1455.5
INV12186,CUST1392,2023-06-06 00:00:00,4,57.75,231.0
INV12187,CUST1392,2023-09-04 00:00:00,1,18.32,18.32
INV12187,CUST1392,2023-09-04 00:00:00,4,101.7,406.8
INV12187,CUST1392,2023-09-04 00:00:00,1,78.69,78.69
INV12187,CUST1392,2023-09-04 00:00:00,1,178.22,178.22
INV12188,CUST1393,2023-01-29 00:00:00,4,32.87,131.48
INV12189,CUST1394,2023-02-18 00:00:00,10,24.97,249.7
INV12190,CUST1394,2023-02-26 00:00:00,3,180.21,540.63
INV12191,CUST1394,2023-05-17 00:00:00,6,175.62,1053.72
INV12191,CUST1394,2023-05-17 00:00:00,4,140.16,560.64
INV12191,CUST1394,2023-05-17 00:00:00,3,133.07,399.21
INV12192,CUST1394,2023-03-28 00:00:00,6,147.21,883.26
INV12192,CUST1394,2023-03-28 00:00:00,4,147.82,591.28
INV12193,CUST1394,2023-10-18 00:00:00,1,110.39,110.39
INV12193,CUST1394,2023-10-18 00:00:00,1,170.27,170.27
INV12194,CUST1394,2023-06-19 00:00:00,6,80.87,485.22
INV12195,CUST1394,2023-01-05 00:00:00,2,64.08,128.16
INV12195,CUST1394,2023-01-05 00:00:00,10,88.61,886.1
INV12195,CUST1394,2023-01-05 00:00:00,3,139.98,419.94
INV12196,CUST1394,2023-06-22 00:00:00,1,144.42,144.42
INV12196,CUST1394,2023-06-22 00:00:00,6,155.41,932.46
INV12196,CUST1394,2023-06-22 00:00:00,2,152.25,304.5
INV12197,CUST1394,2023-09-19 00:00:00,4,56.82,227.28
INV12197,CUST1394,2023-09-19 00:00:00,3,42.54,127.62
INV12197,CUST1394,2023-09-19 00:00:00,2,158.04,316.08
INV12197,CUST1394,2023-09-19 00:00:00,3,32.09,96.27
INV12198,CUST1394,2023-06-07 00:00:00,3,17.29,51.87
INV12199,CUST1395,2023-02-06 00:00:00,1,42.59,42.59
INV12199,CUST1395,2023-02-06 00:00:00,4,139.24,556.96
INV12199,CUST1395,2023-02-06 00:00:00,1,56.58,56.58
INV12199,CUST1395,2023-02-06 00:00:00,10,81.74,817.4
INV12200,CUST1395,2023-02-14 00:00:00,1,14.95,14.95
INV12200,CUST1395,2023-02-14 00:00:00,1,144.24,144.24
INV12201,CUST1396,2023-01-03 00:00:00,3,62.98,188.94
INV12201,CUST1396,2023-01-03 00:00:00,10,0.0,595.8
INV12201,CUST1396,2023-01-03 00:00:00,1,97.28,97.28
INV12201,CUST1396,2023-01-03 00:00:00,10,28.6,286.0
INV12202,CUST1396,2023-02-18 00:00:00,1,84.88,84.88
INV12202,CUST1396,2023-02-18 00:00:00,6,67.08,402.48
INV12202,CUST1396,2023-02-18 00:00:00,1,47.3,47.3
INV12203,CUST1397,2023-05-14 00:00:00,2,209.53,419.06
INV12203,CUST1397,2023-05-14 00:00:00,3,70.31,210.93
INV12204,CUST1397,2023-04-01 00:00:00,3,30.12,90.36
INV12205,CUST1397,2023-05-24 00:00:00,6,174.53,1047.18
INV12205,CUST1397,2023-05-24 00:00:00,10,205.15,2051.5
INV12206,CUST1397,2023-08-08 00:00:00,4,63.87,255.48
INV12206,CUST1397,2023-08-08 00:00:00,4,240.47,961.88
INV12206,CUST1397,2023-08-08 00:00:00,6,55.09,330.54
INV12207,CUST1397,2023-04-26 00:00:00,3,127.29,381.87
INV12208,CUST1398,2023-05-22 00:00:00,3,105.63,316.89
INV12208,CUST1398,2023-05-22 00:00:00,2,73.36,146.72
INV12208,CUST1398,2023-05-22 00:00:00,4,19.14,76.56
INV12208,CUST1398,2023-05-22 00:00:00,4,34.93,139.72
INV12209,CUST1398,2023-03-23 00:00:00,4,105.01,420.04
INV12209,CUST1398,2023-03-23 00:00:00,1,47.01,47.01
INV12209,CUST1398,2023-03-23 00:00:00,4,102.85,411.4
INV12210,CUST1398,2023-03-30 00:00:00,10,31.94,319.4
INV12210,CUST1398,2023-03-30 00:00:00,2,45.64,91.28
INV12210,CUST1398,2023-03-30 00:00:00,6,89.5,537.0
INV12211,CUST1399,2023-02-15 00:00:00,3,96.07,288.21
INV12211,CUST1399,2023-02-15 00:00:00,10,95.82,958.2
INV12212,CUST1399,2023-03-15 00:00:00,1,93.09,93.09
INV12213,CUST1400,2023-08-07 00:00:00,2,321.08,642.16
INV12213,CUST1400,2023-08-07 00:00:00,10,351.02,3510.2
INV12213,CUST1400,2023-08-07 00:00:00,6,104.52,627.12
INV12213,CUST1400,2023-08-07 00:00:00,6,277.23,1663.38
INV12214,CUST1400,2023-07-27 00:00:00,2,54.32,108.64
INV12214,CUST1400,2023-07-27 00:00:00,6,324.92,1949.52
INV12214,CUST1400,2023-07-27 00:00:00,6,251.93,1511.58
INV12214,CUST1400,2023-07-27 00:00:00,3,355.49,1066.47
INV12215,CUST1400,2023-04-11 00:00:00,4,405.97,1623.88
INV12215,CUST1400,2023-04-11 00:00:00,4,86.98,347.92
INV12215,CUST1400,2023-04-11 00:00:00,3,274.48,823.44
INV12215,CUST1400,2023-04-11 00:00:00,3,240.14,720.42
INV12216,CUST1400,2023-01-21 00:00:00,3,266.52,799.56
INV12216,CUST1400,2023-01-21 00:00:00,3,428.2,1284.6
INV12216,CUST1400,2023-01-21 00:00:00,10,298.52,2985.2
INV12216,CUST1400,2023-01-21 00:00:00,6,82.16,492.96
INV12217,CUST1400,2023-01-26 00:00:00,2,172.77,345.54
INV12217,CUST1400,2023-01-26 00:00:00,4,407.72,1630.88
INV12218,CUST1400,2023-07-14 00:00:00,3,40.16,120.48
INV12218,CUST1400,2023-07-14 00:00:00,10,123.03,1230.3
INV12218,CUST1400,2023-07-14 00:00:00,10,419.13,4191.3
INV12218,CUST1400,2023-07-14 00:00:00,1,212.1,212.1
INV12219,,2023-09-03 00:00:00,3,271.96,815.88
INV12219,CUST1400,2023-09-03 00:00:00,6,49.63,297.78
INV12220,CUST1400,2023-11-09 00:00:00,10,257.56,2575.6
INV12221,CUST1400,2023-04-25 00:00:00,1,108.55,108.55
INV12221,CUST1400,2023-04-25 00:00:00,1,88.07,88.07
INV12222,CUST1400,2023-03-18 00:00:00,3,127.78,383.34
INV12223,CUST1401,2023-01-22 00:00:00,3,67.26,201.78
INV12224,CUST1401,2023-03-07 00:00:00,6,138.43,830.58
INV12224,CUST1401,2023-03-07 00:00:00,4,179.64,718.56
INV12224,CUST1401,2023-03-07 00:00:00,6,15.1,90.6
INV12224,CUST1401,2023-03-07 00:00:00,10,31.41,314.1
INV12225,CUST1401,2023-01-29 00:00:00,2,155.08,310.16
INV12225,CUST1401,2023-01-29 00:00:00,10,159.92,1599.2
INV12225,CUST1401,2023-01-29 00:00:00,10,96.22,962.2
INV12226,CUST1402,2023-04-09 00:00:00,6,138.44,830.64
INV12226,CUST1402,2023-04-09 00:00:00,4,126.33,505.32
INV12227,CUST1402,2023-12-08 00:00:00,3,94.03,282.09
INV12227,CUST1402,2023-12-08 00:00:00,6,102.43,614.58
INV12228,CUST1402,2023-01-23 00:00:00,3,62.21,186.63
INV12228,CUST1402,2023-01-23 00:00:00,4,94.03,376.12
INV12229,CUST1403,2023-01-09 00:00:00,-10,147.63,1476.3
INV12230,CUST1403,2023-01-06 00:00:00,1,89.65,89.65
INV12230,CUST1403,2023-01-06 00:00:00,1,87.78,87.78
INV12231,CUST1404,2023-01-03 00:00:00,3,69.89,209.67
INV12231,CUST1404,2023-01-03 00:00:00,10,163.1,1631.0
INV12231,CUST1404,2023-01-03 00:00:00,10,67.61,676.1
INV12232,CUST1404,2023-04-05 00:00:00,2,78.12,156.24
INV12232,CUST1404,2023-04-05 00:00:00,1,231.93,231.93
INV12232,CUST1404,2023-04-05 00:00:00,6,56.45,338.7
INV12232,CUST1404,2023-04-05 00:00:00,1,38.7,38.7
INV12233,CUST1404,2023-04-20 00:00:00,10,47.94,479.4
INV12233,CUST1404,2023-04-20 00:00:00,4,230.18,920.72
INV12234,CUST1404,2023-09-30 00:00:00,2,132.63,265.26
INV12234,CUST1404,2023-09-30 00:00:00,1,220.78,220.78
INV12234,CUST1404,2023-09-30 00:00:00,3,145.2,435.6
INV12235,CUST1404,2023-01-13 00:00:00,2,60.12,120.24
INV12236,CUST1404,2023-07-13 00:00:00,2,224.04,448.08
INV12237,CUST1404,2023-01-25 00:00:00,1,200.04,200.04
INV12237,CUST1404,2023-01-25 00:00:00,10,154.06,1540.6
INV12237,CUST1404,2023-01-25 00:00:00,2,37.66,75.32
INV12237,CUST1404,2023-01-25 00:00:00,10,211.11,2111.1
INV12238,CUST1404,2023-01-21 00:00:00,6,48.08,288.48
INV12238,CUST1404,2023-01-21 00:00:00,4,34.62,138.48
INV12238,CUST1404,2023-01-21 00:00:00,4,194.92,779.68
INV12239,CUST1404,2023-08-27 00:00:00,2,151.34,302.68
INV12239,CUST1404,2023-08-27 00:00:00,10,251.38,2513.8
INV12240,CUST1405,2023-07-03 00:00:00,10,13.57,135.7
INV12240,CUST1405,2023-07-03 00:00:00,1,21.0,21.0
INV12240,CUST1405,2023-07-03 00:00:00,3,60.2,180.6
INV12240,CUST1405,2023-07-03 00:00:00,2,68.05,136.1
INV12241,CUST1405,2023-05-15 00:00:00,1,57.47,57.47
INV12241,CUST1405,2023-05-15 00:00:00,6,20.43,122.58
INV12242,CUST1406,2023-05-11 00:00:00,10,63.3,633.0
INV12242,CUST1406,2023-05-11 00:00:00,10,41.72,417.2
INV12242,CUST1406,2023-05-11 00:00:00,1,94.99,94.99
INV12242,CUST1406,2023-05-11 00:00:00,3,78.42,235.26
INV12243,CUST1406,2023-08-03 00:00:00,2,62.76,125.52
INV12243,CUST1406,2023-08-03 00:00:00,4,50.47,201.88
INV12244,CUST1406,2023-05-18 00:00:00,2,177.57,355.14
INV12244,CUST1406,2023-05-18 00:00:00,6,151.41,908.46
INV12244,CUST1406,2023-05-18 00:00:00,6,176.84,1061.04
INV12244,CUST1406,2023-05-18 00:00:00,2,106.21,212.42
INV12245,CUST1406,2023-04-14 00:00:00,4,69.33,277.32
INV12246,CUST1406,2023-07-17 00:00:00,2,78.11,156.22
INV12246,CUST1406,2023-07-17 00:00:00,1,95.01,95.01
INV12246,CUST1406,2023-07-17 00:00:00,2,157.56,315.12
INV12246,CUST1406,2023-07-17 00:00:00,10,36.04,360.4
INV12247,CUST1406,2023-05-09 00:00:00,6,206.27,1237.62
INV12247,CUST1406,2023-05-09 00:00:00,6,31.03,186.18
INV12247,CUST1406,2023-05-09 00:00:00,1,109.03,109.03
INV12248,CUST1406,2023-10-17 00:00:00,6,136.49,818.94
INV12248,CUST1406,2023-10-17 00:00:00,10,202.43,2024.3
INV12248,CUST1406,2023-10-17 00:00:00,6,155.96,935.76
INV12249,CUST1406,2023-10-19 00:00:00,2,80.02,160.04
INV12249,CUST1406,2023-10-19 00:00:00,1,231.83,231.83
INV12250,CUST1407,2023-11-17 00:00:00,3,117.65,352.95
INV12250,CUST1407,2023-11-17 00:00:00,3,450.18,1350.54
INV12250,CUST1407,2023-11-17 00:00:00,2,138.0,276.0
INV12250,CUST1407,2023-11-17 00:00:00,2,148.71,297.42
INV12251,CUST1407,2023-09-07 00:00:00,1,329.34,329.34
INV12252,CUST1407,2023-01-12 00:00:00,1,135.96,135.96
INV12252,CUST1407,2023-01-12 00:00:00,4,425.94,1703.76
INV12252,CUST1407,2023-01-12 00:00:00,1,351.72,351.72
INV12253,CUST1407,2023-08-29 00:00:00,4,114.3,457.2
INV12253,CUST1407,2023-08-29 00:00:00,4,275.44,1101.76
INV12253,CUST1407,2023-08-29 00:00:00,10,442.65,4426.5
INV12254,CUST1407,2023-03-04 00:00:00,6,35.04,210.24
INV12254,CUST1407,2023-03-04 00:00:00,10,45.59,455.9
INV12254,CUST1407,2023-03-04 00:00:00,4,366.92,1467.68
INV12255,CUST1407,2023-04-13 00:00:00,10,157.55,1575.5
INV12255,CUST1407,2023-04-13 00:00:00,3,252.88,758.64
INV12255,CUST1407,2023-04-13 00:00:00,4,370.12,1480.48
INV12256,CUST1407,2023-10-13 00:00:00,3,103.73,311.19
INV12256,CUST1407,2023-10-13 00:00:00,10,375.05,3750.5
INV12257,CUST1407,2023-12-15 00:00:00,-3,305.53,916.59
INV12257,CUST1407,2023-12-15 00:00:00,10,193.81,1938.1
INV12258,CUST1407,2023-11-20 00:00:00,4,119.53,478.12
INV12258,CUST1407,2023-11-20 00:00:00,2,237.08,474.16
INV12258,CUST1407,2023-11-20 00:00:00,10,109.17,1091.7
INV12258,CUST1407,2023-11-20 00:00:00,4,227.91,911.64
INV12259,CUST1408,2023-01-28 00:00:00,1,63.42,63.42
INV12260,CUST1408,2023-01-23 00:00:00,3,77.05,231.15
INV12260,CUST1408,2023-01-23 00:00:00,3,24.96,74.88
INV12261,CUST1409,2023-07-28 00:00:00,3,366.79,1100.37
INV12261,CUST1409,2023-07-28 00:00:00,6,353.8,2122.8
INV12262,CUST1409,2023-08-30 00:00:00,3,100.02,300.06
INV12262,CUST1409,2023-08-30 00:00:00,6,300.73,1804.38
INV12262,CUST1409,2023-08-30 00:00:00,2,221.79,443.58
INV12262,CUST1409,2023-08-30 00:00:00,3,106.42,319.26
INV12263,CUST1409,2023-03-06 00:00:00,3,266.79,800.37
INV12263,CUST1409,2023-03-06 00:00:00,4,220.29,881.16
INV12263,CUST1409,2023-03-06 00:00:00,3,378.61,1135.83
INV12263,CUST1409,2023-03-06 00:00:00,6,173.24,1039.44
INV12264,CUST1409,2023-08-22 00:00:00,6,262.62,1575.72
INV12264,CUST1409,2023-08-22 00:00:00,2,150.88,301.76
INV12264,CUST1409,2023-08-22 00:00:00,4,53.17,212.68
INV12265,CUST1409,2023-05-29 00:00:00,6,328.17,1969.02
INV12265,CUST1409,2023-05-29 00:00:00,10,275.06,2750.6
INV12266,CUST1409,2023-09-02 00:00:00,4,269.79,1079.16
INV12267,CUST1409,2023-02-09 00:00:00,10,222.45,2224.5
INV12267,CUST1409,2023-02-09 00:00:00,3,246.89,740.67
INV12267,CUST1409,2023-02-09 00:00:00,4,338.21,1352.84
INV12268,CUST1409,2023-12-12 00:00:00,2,454.83,909.66
INV12269,CUST1409,2023-03-22 00:00:00,1,126.77,126.77
INV12269,CUST1409,2023-03-22 00:00:00,10,234.93,2349.3
INV12270,CUST1409,2023-05-13 00:00:00,10,166.98,1669.8
INV12271,CUST1410,2023-07-16 00:00:00,2,34.35,68.7
INV12271,CUST1410,2023-07-16 00:00:00,4,29.9,119.6
INV12272,CUST1410,2023-09-16 00:00:00,6,136.71,820.26
INV12273,CUST1410,2023-08-07 00:00:00,3,175.59,526.77
INV12273,CUST1410,2023-08-07 00:00:00,3,163.97,491.91
INV12273,CUST1410,2023-08-07 00:00:00,3,138.12,414.36
INV12273,CUST1410,2023-08-07 00:00:00,3,37.23,111.69
INV12274,CUST1410,2023-03-03 00:00:00,4,31.81,127.24
INV12274,CUST1410,2023-03-03 00:00:00,1,144.61,144.61
INV12274,CUST1410,2023-03-03 00:00:00,4,71.79,287.16
INV12274,CUST1410,2023-03-03 00:00:00,6,176.21,1057.26
INV12275,CUST1410,2023-07-16 00:00:00,10,21.08,210.8
INV12275,CUST1410,2023-07-16 00:00:00,1,144.49,144.49
INV12275,CUST1410,2023-07-16 00:00:00,6,111.26,667.56
INV12276,CUST1410,2023-01-05 00:00:00,6,23.56,141.36
INV12276,CUST1410,2023-01-05 00:00:00,10,16.88,168.8
INV12276,CUST1410,2023-01-05 00:00:00,1,25.04,25.04
INV12277,CUST1410,2023-01-15 00:00:00,2,45.06,90.12
INV12278,CUST1410,2023-03-15 00:00:00,1,63.17,63.17
INV12278,CUST1410,2023-03-15 00:00:00,1,164.95,164.95
INV12278,CUST1410,2023-03-15 00:00:00,3,55.64,166.92
INV12278,CUST1410,2023-03-15 00:00:00,2,29.15,58.3
INV12279,CUST1411,2023-05-19 00:00:00,2,58.41,116.82
INV12280,CUST1412,2023-04-26 00:00:00,4,34.25,137.0
INV12280,CUST1412,2023-04-26 00:00:00,6,26.57,159.42
INV12280,CUST1412,2023-04-26 00:00:00,10,27.48,274.8
INV12281,CUST1413,2023-10-10 00:00:00,3,131.4,394.2
INV12281,CUST1413,2023-10-10 00:00:00,1,211.87,211.87
INV12281,CUST1413,2023-10-10 00:00:00,4,170.25,681.0
INV12281,CUST1413,2023-10-10 00:00:00,1,59.58,59.58
INV12282,CUST1414,2023-10-18 00:00:00,4,212.27,849.08
INV12282,CUST1414,2023-10-18 00:00:00,10,183.01,1830.1
INV12283,CUST1414,2023-08-02 00:00:00,3,58.33,174.99
INV12284,CUST1414,2023-05-26 00:00:00,1,24.41,24.41
INV12284,CUST1414,2023-05-26 00:00:00,10,59.41,594.1
INV12284,CUST1414,2023-05-26 00:00:00,2,102.4,204.8
INV12285,CUST1415,2023-09-20 00:00:00,1,241.55,241.55
INV12285,CUST1415,2023-09-20 00:00:00,10,234.22,2342.2
INV12286,CUST1415,2023-08-05 00:00:00,6,212.93,1277.58
INV12286,CUST1415,2023-08-05 00:00:00,3,108.6,325.8
INV12286,CUST1415,2023-08-05 00:00:00,6,299.03,1794.18
INV12287,CUST1415,2023-04-12 00:00:00,6,200.09,1200.54
INV12287,CUST1415,2023-04-12 00:00:00,1,150.65,150.65
INV12287,CUST1415,2023-04-12 00:00:00,4,314.55,1258.2
INV12287,CUST1415,2023-04-12 00:00:00,2,51.55,103.1
INV12288,CUST1415,2023-09-01 00:00:00,2,46.71,93.42
INV12288,CUST1415,2023-09-01 00:00:00,10,327.7,3277.0
INV12288,CUST1415,2023-09-01 00:00:00,6,183.28,1099.68
INV12289,CUST1415,2023-05-28 00:00:00,6,314.95,1889.7
INV12290,CUST1415,2023-06-14 00:00:00,10,130.79,1307.9
INV12291,CUST1415,2023-06-06 00:00:00,10,207.48,2074.8
INV12291,CUST1415,2023-06-06 00:00:00,2,70.7,141.4
INV12291,CUST1415,2023-06-06 00:00:00,10,207.07,2070.7
INV12292,CUST1415,2023-06-10 00:00:00,3,92.32,276.96
INV12293,CUST1415,2023-08-21 00:00:00,10,27.89,278.9
INV12293,CUST1415,2023-08-21 00:00:00,3,216.9,650.7
INV12294,CUST1416,2022-12-31 00:00:00,10,81.25,812.5
INV12294,CUST1416,2022-12-31 00:00:00,1,215.78,215.78
INV12295,CUST1416,2023-01-14 00:00:00,10,152.98,1529.8
INV12295,CUST1416,2023-01-14 00:00:00,6,133.78,802.68
INV12295,CUST1416,2023-01-14 00:00:00,2,57.61,115.22
INV12296,CUST1416,2023-07-05 00:00:00,3,224.51,673.53
INV12296,CUST1416,2023-07-05 00:00:00,3,105.16,315.48
INV12297,CUST1416,2023-04-12 00:00:00,4,181.4,725.6
INV12297,CUST1416,2023-04-12 00:00:00,6,23.31,139.86
INV12298,CUST1416,2023-07-22 00:00:00,6,103.23,619.38
INV12299,CUST1416,2023-08-30 00:00:00,10,236.04,2360.4
INV12300,CUST1417,2023-10-31 00:00:00,2,289.86,579.72
INV12300,CUST1417,2023-10-31 00:00:00,2,329.58,659.16
INV12300,CUST1417,2023-10-31 00:00:00,6,165.51,993.06
INV12300,CUST1417,2023-10-31 00:00:00,6,302.36,1814.16
INV12301,CUST1417,2023-08-21 00:00:00,1,164.31,164.31
INV12301,CUST1417,2023-08-21 00:00:00,1,89.62,89.62
INV12301,CUST1417,2023-08-21 00:00:00,6,79.83,478.98
INV12302,CUST1417,2023-07-10 00:00:00,6,22.77,136.62
INV12302,CUST1417,2023-07-10 00:00:00,1,0.0,223.61
INV12302,CUST1417,2023-07-10 00:00:00,4,124.42,497.68
INV12303,CUST1417,2023-04-20 00:00:00,4,163.14,652.56
INV12303,CUST1417,2023-04-20 00:00:00,1,277.05,277.05
INV12304,CUST1417,2023-04-20 00:00:00,2,82.08,164.16
INV12304,CUST1417,2023-04-20 00:00:00,4,252.76,1011.04
INV12305,CUST1417,2023-09-01 00:00:00,6,29.01,174.06
INV12305,CUST1417,2023-09-01 00:00:00,1,35.82,35.82
INV12305,CUST1417,2023-09-01 00:00:00,1,156.17,156.17
INV12305,CUST1417,2023-09-01 00:00:00,4,176.48,705.92
INV12306,CUST1417,2023-02-23 00:00:00,6,332.33,1993.98
INV12306,CUST1417,2023-02-23 00:00:00,1,160.88,160.88
INV12306,CUST1417,2023-02-23 00:00:00,2,244.89,489.78
INV12306,CUST1417,2023-02-23 00:00:00,2,114.96,229.92
INV12307,CUST1417,2023-07-09 00:00:00,10,27.68,276.8
INV12307,CUST1417,2023-07-09 00:00:00,2,101.91,203.82
INV12307,CUST1417,2023-07-09 00:00:00,3,81.77,245.31
INV12307,CUST1417,2023-07-09 00:00:00,6,286.21,1717.26
INV12308,CUST1417,2023-10-20 00:00:00,4,56.38,225.52
INV12309,CUST1417,2023-06-04 00:00:00,10,125.46,1254.6
INV12310,CUST1417,2023-05-12 00:00:00,6,78.42,470.52
INV12310,CUST1417,2023-05-12 00:00:00,1,233.17,233.17
INV12310,CUST1417,2023-05-12 00:00:00,3,227.93,683.79
INV12311,CUST1418,2023-04-22 00:00:00,1,59.36,59.36
INV12312,CUST1418,2023-04-03 00:00:00,10,20.68,206.8
INV12312,CUST1418,2023-04-03 00:00:00,1,73.67,73.67
INV12312,CUST1418,2023-04-03 00:00:00,1,111.13,111.13
INV12312,CUST1418,2023-04-03 00:00:00,2,39.13,78.26
INV12313,CUST1418,2023-08-24 00:00:00,10,156.45,1564.5
INV12313,CUST1418,2023-08-24 00:00:00,4,197.7,790.8
INV12313,CUST1418,2023-08-24 00:00:00,4,160.24,640.96
INV12313,CUST1418,2023-08-24 00:00:00,2,61.04,122.08
INV12314,CUST1419,2023-03-30 00:00:00,6,134.02,804.12
INV12314,CUST1419,2023-03-30 00:00:00,1,128.07,128.07
INV12314,CUST1419,2023-03-30 00:00:00,3,121.19,363.57
